# This file uses centimeters as units for non-parametric coordinates.

mtllib ipadstand_v2.mtl
g default
v 16.225208 54.248634 -7.829470
v 16.225208 53.643804 -9.016515
v 16.225208 52.701758 -9.958560
v 16.225208 51.514714 -10.563390
v 16.225208 50.198861 -10.771800
v 16.225208 48.883012 -10.563390
v 16.225208 47.695968 -9.958560
v 16.225208 46.753930 -9.016515
v 16.225208 46.149096 -7.829470
v 16.225208 45.940685 -6.513622
v 16.225208 46.149096 -5.197773
v 16.225208 46.753930 -4.010728
v 16.225208 47.695968 -3.068684
v 16.225208 48.883012 -2.463855
v 16.225208 50.198861 -2.255444
v 16.225208 51.514706 -2.463855
v 16.225208 52.701754 -3.068684
v 16.225208 53.643800 -4.010728
v 16.225208 54.248634 -5.197773
v 16.225208 54.457037 -6.513622
v 15.054056 54.248634 -7.829470
v 15.054056 53.643804 -9.016515
v 15.054056 52.701758 -9.958560
v 15.054056 51.514714 -10.563390
v 15.054056 50.198861 -10.771800
v 15.054056 48.883012 -10.563390
v 15.054056 47.695968 -9.958560
v 15.054056 46.753930 -9.016515
v 15.054056 46.149096 -7.829470
v 15.054056 45.940685 -6.513622
v 15.054056 46.149096 -5.197773
v 15.054056 46.753930 -4.010728
v 15.054056 47.695968 -3.068684
v 15.054056 48.883012 -2.463855
v 15.054056 50.198861 -2.255444
v 15.054056 51.514706 -2.463855
v 15.054056 52.701754 -3.068684
v 15.054056 53.643800 -4.010728
v 15.054056 54.248634 -5.197773
v 15.054056 54.457037 -6.513622
v 13.882901 54.248634 -7.829470
v 13.882901 53.643804 -9.016515
v 13.882901 52.701758 -9.958560
v 13.882901 51.514714 -10.563390
v 13.882901 50.198861 -10.771800
v 13.882901 48.883012 -10.563390
v 13.882901 47.695968 -9.958560
v 13.882901 46.753930 -9.016515
v 13.882901 46.149096 -7.829470
v 13.882901 45.940685 -6.513622
v 13.882901 46.149096 -5.197773
v 13.882901 46.753930 -4.010728
v 13.882901 47.695968 -3.068684
v 13.882901 48.883012 -2.463855
v 13.882901 50.198861 -2.255444
v 13.882901 51.514706 -2.463855
v 13.882901 52.701754 -3.068684
v 13.882901 53.643800 -4.010728
v 13.882901 54.248634 -5.197773
v 13.882901 54.457037 -6.513622
v 12.711749 54.248634 -7.829470
v 12.711749 53.643804 -9.016515
v 12.711749 52.701758 -9.958560
v 12.711749 51.514714 -10.563390
v 12.711749 50.198861 -10.771800
v 12.711749 48.883012 -10.563390
v 12.711749 47.695968 -9.958560
v 12.711749 46.753930 -9.016515
v 12.711749 46.149096 -7.829470
v 12.711749 45.940685 -6.513622
v 12.711749 46.149096 -5.197773
v 12.711749 46.753930 -4.010728
v 12.711749 47.695968 -3.068684
v 12.711749 48.883012 -2.463855
v 12.711749 50.198861 -2.255444
v 12.711749 51.514706 -2.463855
v 12.711749 52.701754 -3.068684
v 12.711749 53.643800 -4.010728
v 12.711749 54.248634 -5.197773
v 12.711749 54.457037 -6.513622
v 11.540596 54.248634 -7.829470
v 11.540596 53.643804 -9.016515
v 11.540596 52.701758 -9.958560
v 11.540596 51.514714 -10.563390
v 11.540596 50.198861 -10.771800
v 11.540596 48.883012 -10.563390
v 11.540596 47.695968 -9.958560
v 11.540596 46.753930 -9.016515
v 11.540596 46.149096 -7.829470
v 11.540596 45.940685 -6.513622
v 11.540596 46.149096 -5.197773
v 11.540596 46.753930 -4.010728
v 11.540596 47.695968 -3.068684
v 11.540596 48.883012 -2.463855
v 11.540596 50.198861 -2.255444
v 11.540596 51.514706 -2.463855
v 11.540596 52.701754 -3.068684
v 11.540596 53.643800 -4.010728
v 11.540596 54.248634 -5.197773
v 11.540596 54.457037 -6.513622
v 10.369443 54.248634 -7.829470
v 10.369443 53.643804 -9.016515
v 10.369443 52.701758 -9.958560
v 10.369443 51.514714 -10.563390
v 10.369443 50.198861 -10.771800
v 10.369443 48.883012 -10.563390
v 10.369443 47.695968 -9.958560
v 10.369443 46.753930 -9.016515
v 10.369443 46.149096 -7.829470
v 10.369443 45.940685 -6.513622
v 10.369443 46.149096 -5.197773
v 10.369443 46.753930 -4.010728
v 10.369443 47.695968 -3.068684
v 10.369443 48.883012 -2.463855
v 10.369443 50.198861 -2.255444
v 10.369443 51.514706 -2.463855
v 10.369443 52.701754 -3.068684
v 10.369443 53.643800 -4.010728
v 10.369443 54.248634 -5.197773
v 10.369443 54.457037 -6.513622
v 9.198289 54.248634 -7.829470
v 9.198289 53.643804 -9.016515
v 9.198289 52.701758 -9.958560
v 9.198289 51.514714 -10.563390
v 9.198289 50.198861 -10.771800
v 9.198289 48.883012 -10.563390
v 9.198289 47.695968 -9.958560
v 9.198289 46.753930 -9.016515
v 9.198289 46.149096 -7.829470
v 9.198289 45.940685 -6.513622
v 9.198289 46.149096 -5.197773
v 9.198289 46.753930 -4.010728
v 9.198289 47.695968 -3.068684
v 9.198289 48.883012 -2.463855
v 9.198289 50.198861 -2.255444
v 9.198289 51.514706 -2.463855
v 9.198289 52.701754 -3.068684
v 9.198289 53.643800 -4.010728
v 9.198289 54.248634 -5.197773
v 9.198289 54.457037 -6.513622
v 8.027136 54.248634 -7.829470
v 8.027136 53.643804 -9.016515
v 8.027136 52.701758 -9.958560
v 8.027136 51.514714 -10.563390
v 8.027136 50.198861 -10.771800
v 8.027136 48.883012 -10.563390
v 8.027136 47.695968 -9.958560
v 8.027136 46.753930 -9.016515
v 8.027136 46.149096 -7.829470
v 8.027136 45.940685 -6.513622
v 8.027136 46.149096 -5.197773
v 8.027136 46.753930 -4.010728
v 8.027136 47.695968 -3.068684
v 8.027136 48.883012 -2.463855
v 8.027136 50.198861 -2.255444
v 8.027136 51.514706 -2.463855
v 8.027136 52.701754 -3.068684
v 8.027136 53.643800 -4.010728
v 8.027136 54.248634 -5.197773
v 8.027136 54.457037 -6.513622
v 6.855983 54.248634 -7.829470
v 6.855983 53.643804 -9.016515
v 6.855983 52.701758 -9.958560
v 6.855983 51.514714 -10.563390
v 6.855983 50.198861 -10.771800
v 6.855983 48.883012 -10.563390
v 6.855983 47.695968 -9.958560
v 6.855983 46.753930 -9.016515
v 6.855983 46.149096 -7.829470
v 6.855983 45.940685 -6.513622
v 6.855983 46.149096 -5.197773
v 6.855983 46.753930 -4.010728
v 6.855983 47.695968 -3.068684
v 6.855983 48.883012 -2.463855
v 6.855983 50.198861 -2.255444
v 6.855983 51.514706 -2.463855
v 6.855983 52.701754 -3.068684
v 6.855983 53.643800 -4.010728
v 6.855983 54.248634 -5.197773
v 6.855983 54.457037 -6.513622
v 5.684830 54.248634 -7.829470
v 5.684830 53.643804 -9.016515
v 5.684830 52.701758 -9.958560
v 5.684830 51.514714 -10.563390
v 5.684830 50.198861 -10.771800
v 5.684830 48.883012 -10.563390
v 5.684830 47.695968 -9.958560
v 5.684830 46.753930 -9.016515
v 5.684830 46.149096 -7.829470
v 5.684830 45.940685 -6.513622
v 5.684830 46.149096 -5.197773
v 5.684830 46.753930 -4.010728
v 5.684830 47.695968 -3.068684
v 5.684830 48.883012 -2.463855
v 5.684830 50.198861 -2.255444
v 5.684830 51.514706 -2.463855
v 5.684830 52.701754 -3.068684
v 5.684830 53.643800 -4.010728
v 5.684830 54.248634 -5.197773
v 5.684830 54.457037 -6.513622
v 4.513676 54.248634 -7.829470
v 4.513676 53.643804 -9.016515
v 4.513676 52.701758 -9.958560
v 4.513676 51.514714 -10.563390
v 4.513676 50.198861 -10.771800
v 4.513676 48.883012 -10.563390
v 4.513676 47.695968 -9.958560
v 4.513676 46.753930 -9.016515
v 4.513676 46.149096 -7.829470
v 4.513676 45.940685 -6.513622
v 4.513676 46.149096 -5.197773
v 4.513676 46.753930 -4.010728
v 4.513676 47.695968 -3.068684
v 4.513676 48.883012 -2.463855
v 4.513676 50.198861 -2.255444
v 4.513676 51.514706 -2.463855
v 4.513676 52.701754 -3.068684
v 4.513676 53.643800 -4.010728
v 4.513676 54.248634 -5.197773
v 4.513676 54.457037 -6.513622
v 3.342523 54.248634 -7.829470
v 3.342523 53.643804 -9.016515
v 3.342523 52.701758 -9.958560
v 3.342523 51.514714 -10.563390
v 3.342523 50.198861 -10.771800
v 3.342523 48.883012 -10.563390
v 3.342523 47.695968 -9.958560
v 3.342523 46.753930 -9.016515
v 3.342523 46.149096 -7.829470
v 3.342523 45.940685 -6.513622
v 3.342523 46.149096 -5.197773
v 3.342523 46.753930 -4.010728
v 3.342523 47.695968 -3.068684
v 3.342523 48.883012 -2.463855
v 3.342523 50.198861 -2.255444
v 3.342523 51.514706 -2.463855
v 3.342523 52.701754 -3.068684
v 3.342523 53.643800 -4.010728
v 3.342523 54.248634 -5.197773
v 3.342523 54.457037 -6.513622
v 2.171371 54.248634 -7.829470
v 2.171371 53.643804 -9.016515
v 2.171371 52.701758 -9.958560
v 2.171371 51.514714 -10.563390
v 2.171371 50.198861 -10.771800
v 2.171371 48.883012 -10.563390
v 2.171371 47.695968 -9.958560
v 2.171371 46.753930 -9.016515
v 2.171371 46.149096 -7.829470
v 2.171371 45.940685 -6.513622
v 2.171371 46.149096 -5.197773
v 2.171371 46.753930 -4.010728
v 2.171371 47.695968 -3.068684
v 2.171371 48.883012 -2.463855
v 2.171371 50.198861 -2.255444
v 2.171371 51.514706 -2.463855
v 2.171371 52.701754 -3.068684
v 2.171371 53.643800 -4.010728
v 2.171371 54.248634 -5.197773
v 2.171371 54.457037 -6.513622
v 1.000217 54.248634 -7.829470
v 1.000217 53.643804 -9.016515
v 1.000217 52.701758 -9.958560
v 1.000217 51.514714 -10.563390
v 1.000217 50.198861 -10.771800
v 1.000217 48.883012 -10.563390
v 1.000217 47.695968 -9.958560
v 1.000217 46.753930 -9.016515
v 1.000217 46.149096 -7.829470
v 1.000217 45.940685 -6.513622
v 1.000217 46.149096 -5.197773
v 1.000217 46.753930 -4.010728
v 1.000217 47.695968 -3.068684
v 1.000217 48.883012 -2.463855
v 1.000217 50.198861 -2.255444
v 1.000217 51.514706 -2.463855
v 1.000217 52.701754 -3.068684
v 1.000217 53.643800 -4.010728
v 1.000217 54.248634 -5.197773
v 1.000217 54.457037 -6.513622
v -0.170937 54.248634 -7.829470
v -0.170937 53.643804 -9.016515
v -0.170937 52.701758 -9.958560
v -0.170937 51.514714 -10.563390
v -0.170937 50.198861 -10.771800
v -0.170937 48.883012 -10.563390
v -0.170937 47.695968 -9.958560
v -0.170937 46.753930 -9.016515
v -0.170937 46.149096 -7.829470
v -0.170937 45.940685 -6.513622
v -0.170937 46.149096 -5.197773
v -0.170937 46.753930 -4.010728
v -0.170937 47.695968 -3.068684
v -0.170937 48.883012 -2.463855
v -0.170937 50.198861 -2.255444
v -0.170937 51.514706 -2.463855
v -0.170937 52.701754 -3.068684
v -0.170937 53.643800 -4.010728
v -0.170937 54.248634 -5.197773
v -0.170937 54.457037 -6.513622
v -1.342090 54.248634 -7.829470
v -1.342090 53.643804 -9.016515
v -1.342090 52.701758 -9.958560
v -1.342090 51.514714 -10.563390
v -1.342090 50.198861 -10.771800
v -1.342090 48.883012 -10.563390
v -1.342090 47.695968 -9.958560
v -1.342090 46.753930 -9.016515
v -1.342090 46.149096 -7.829470
v -1.342090 45.940685 -6.513622
v -1.342090 46.149096 -5.197773
v -1.342090 46.753930 -4.010728
v -1.342090 47.695968 -3.068684
v -1.342090 48.883012 -2.463855
v -1.342090 50.198861 -2.255444
v -1.342090 51.514706 -2.463855
v -1.342090 52.701754 -3.068684
v -1.342090 53.643800 -4.010728
v -1.342090 54.248634 -5.197773
v -1.342090 54.457037 -6.513622
v -2.513244 54.248634 -7.829470
v -2.513244 53.643804 -9.016515
v -2.513244 52.701758 -9.958560
v -2.513244 51.514714 -10.563390
v -2.513244 50.198861 -10.771800
v -2.513244 48.883012 -10.563390
v -2.513244 47.695968 -9.958560
v -2.513244 46.753930 -9.016515
v -2.513244 46.149096 -7.829470
v -2.513244 45.940685 -6.513622
v -2.513244 46.149096 -5.197773
v -2.513244 46.753930 -4.010728
v -2.513244 47.695968 -3.068684
v -2.513244 48.883012 -2.463855
v -2.513244 50.198861 -2.255444
v -2.513244 51.514706 -2.463855
v -2.513244 52.701754 -3.068684
v -2.513244 53.643800 -4.010728
v -2.513244 54.248634 -5.197773
v -2.513244 54.457037 -6.513622
v -3.684397 54.248634 -7.829470
v -3.684397 53.643804 -9.016515
v -3.684397 52.701758 -9.958560
v -3.684397 51.514714 -10.563390
v -3.684397 50.198861 -10.771800
v -3.684397 48.883012 -10.563390
v -3.684397 47.695968 -9.958560
v -3.684397 46.753930 -9.016515
v -3.684397 46.149096 -7.829470
v -3.684397 45.940685 -6.513622
v -3.684397 46.149096 -5.197773
v -3.684397 46.753930 -4.010728
v -3.684397 47.695968 -3.068684
v -3.684397 48.883012 -2.463855
v -3.684397 50.198861 -2.255444
v -3.684397 51.514706 -2.463855
v -3.684397 52.701754 -3.068684
v -3.684397 53.643800 -4.010728
v -3.684397 54.248634 -5.197773
v -3.684397 54.457037 -6.513622
v -4.855551 54.248634 -7.829470
v -4.855551 53.643804 -9.016515
v -4.855551 52.701758 -9.958560
v -4.855551 51.514714 -10.563390
v -4.855551 50.198861 -10.771800
v -4.855551 48.883012 -10.563390
v -4.855551 47.695968 -9.958560
v -4.855551 46.753930 -9.016515
v -4.855551 46.149096 -7.829470
v -4.855551 45.940685 -6.513622
v -4.855551 46.149096 -5.197773
v -4.855551 46.753930 -4.010728
v -4.855551 47.695968 -3.068684
v -4.855551 48.883012 -2.463855
v -4.855551 50.198861 -2.255444
v -4.855551 51.514706 -2.463855
v -4.855551 52.701754 -3.068684
v -4.855551 53.643800 -4.010728
v -4.855551 54.248634 -5.197773
v -4.855551 54.457037 -6.513622
v -6.026703 54.248634 -7.829470
v -6.026703 53.643804 -9.016515
v -6.026703 52.701758 -9.958560
v -6.026703 51.514714 -10.563390
v -6.026703 50.198861 -10.771800
v -6.026703 48.883012 -10.563390
v -6.026703 47.695968 -9.958560
v -6.026703 46.753930 -9.016515
v -6.026703 46.149096 -7.829470
v -6.026703 45.940685 -6.513622
v -6.026703 46.149096 -5.197773
v -6.026703 46.753930 -4.010728
v -6.026703 47.695968 -3.068684
v -6.026703 48.883012 -2.463855
v -6.026703 50.198861 -2.255444
v -6.026703 51.514706 -2.463855
v -6.026703 52.701754 -3.068684
v -6.026703 53.643800 -4.010728
v -6.026703 54.248634 -5.197773
v -6.026703 54.457037 -6.513622
v -7.197857 54.248634 -7.829470
v -7.197857 53.643804 -9.016515
v -7.197857 52.701758 -9.958560
v -7.197857 51.514714 -10.563390
v -7.197857 50.198861 -10.771800
v -7.197857 48.883012 -10.563390
v -7.197857 47.695968 -9.958560
v -7.197857 46.753930 -9.016515
v -7.197857 46.149096 -7.829470
v -7.197857 45.940685 -6.513622
v -7.197857 46.149096 -5.197773
v -7.197857 46.753930 -4.010728
v -7.197857 47.695968 -3.068684
v -7.197857 48.883012 -2.463855
v -7.197857 50.198861 -2.255444
v -7.197857 51.514706 -2.463855
v -7.197857 52.701754 -3.068684
v -7.197857 53.643800 -4.010728
v -7.197857 54.248634 -5.197773
v -7.197857 54.457037 -6.513622
v -8.369011 54.248634 -7.829470
v -8.369011 53.643804 -9.016515
v -8.369011 52.701758 -9.958560
v -8.369011 51.514714 -10.563390
v -8.369011 50.198861 -10.771800
v -8.369011 48.883012 -10.563390
v -8.369011 47.695968 -9.958560
v -8.369011 46.753930 -9.016515
v -8.369011 46.149096 -7.829470
v -8.369011 45.940685 -6.513622
v -8.369011 46.149096 -5.197773
v -8.369011 46.753930 -4.010728
v -8.369011 47.695968 -3.068684
v -8.369011 48.883012 -2.463855
v -8.369011 50.198861 -2.255444
v -8.369011 51.514706 -2.463855
v -8.369011 52.701754 -3.068684
v -8.369011 53.643800 -4.010728
v -8.369011 54.248634 -5.197773
v -8.369011 54.457037 -6.513622
v -9.540163 54.248634 -7.829470
v -9.540163 53.643804 -9.016515
v -9.540163 52.701758 -9.958560
v -9.540163 51.514714 -10.563390
v -9.540163 50.198861 -10.771800
v -9.540163 48.883012 -10.563390
v -9.540163 47.695968 -9.958560
v -9.540163 46.753930 -9.016515
v -9.540163 46.149096 -7.829470
v -9.540163 45.940685 -6.513622
v -9.540163 46.149096 -5.197773
v -9.540163 46.753930 -4.010728
v -9.540163 47.695968 -3.068684
v -9.540163 48.883012 -2.463855
v -9.540163 50.198861 -2.255444
v -9.540163 51.514706 -2.463855
v -9.540163 52.701754 -3.068684
v -9.540163 53.643800 -4.010728
v -9.540163 54.248634 -5.197773
v -9.540163 54.457037 -6.513622
v -10.711317 54.248634 -7.829470
v -10.711317 53.643804 -9.016515
v -10.711317 52.701758 -9.958560
v -10.711317 51.514714 -10.563390
v -10.711317 50.198861 -10.771800
v -10.711317 48.883012 -10.563390
v -10.711317 47.695968 -9.958560
v -10.711317 46.753930 -9.016515
v -10.711317 46.149096 -7.829470
v -10.711317 45.940685 -6.513622
v -10.711317 46.149096 -5.197773
v -10.711317 46.753930 -4.010728
v -10.711317 47.695968 -3.068684
v -10.711317 48.883012 -2.463855
v -10.711317 50.198861 -2.255444
v -10.711317 51.514706 -2.463855
v -10.711317 52.701754 -3.068684
v -10.711317 53.643800 -4.010728
v -10.711317 54.248634 -5.197773
v -10.711317 54.457037 -6.513622
v -11.882470 54.248634 -7.829470
v -11.882470 53.643804 -9.016515
v -11.882470 52.701758 -9.958560
v -11.882470 51.514714 -10.563390
v -11.882470 50.198861 -10.771800
v -11.882470 48.883012 -10.563390
v -11.882470 47.695968 -9.958560
v -11.882470 46.753930 -9.016515
v -11.882470 46.149096 -7.829470
v -11.882470 45.940685 -6.513622
v -11.882470 46.149096 -5.197773
v -11.882470 46.753930 -4.010728
v -11.882470 47.695968 -3.068684
v -11.882470 48.883012 -2.463855
v -11.882470 50.198861 -2.255444
v -11.882470 51.514706 -2.463855
v -11.882470 52.701754 -3.068684
v -11.882470 53.643800 -4.010728
v -11.882470 54.248634 -5.197773
v -11.882470 54.457037 -6.513622
v -13.053624 54.248634 -7.829470
v -13.053624 53.643804 -9.016515
v -13.053624 52.701758 -9.958560
v -13.053624 51.514714 -10.563390
v -13.053624 50.198861 -10.771800
v -13.053624 48.883012 -10.563390
v -13.053624 47.695968 -9.958560
v -13.053624 46.753930 -9.016515
v -13.053624 46.149096 -7.829470
v -13.053624 45.940685 -6.513622
v -13.053624 46.149096 -5.197773
v -13.053624 46.753930 -4.010728
v -13.053624 47.695968 -3.068684
v -13.053624 48.883012 -2.463855
v -13.053624 50.198861 -2.255444
v -13.053624 51.514706 -2.463855
v -13.053624 52.701754 -3.068684
v -13.053624 53.643800 -4.010728
v -13.053624 54.248634 -5.197773
v -13.053624 54.457037 -6.513622
v -14.224777 54.248634 -7.829470
v -14.224777 53.643804 -9.016515
v -14.224777 52.701758 -9.958560
v -14.224777 51.514714 -10.563390
v -14.224777 50.198861 -10.771800
v -14.224777 48.883012 -10.563390
v -14.224777 47.695968 -9.958560
v -14.224777 46.753930 -9.016515
v -14.224777 46.149096 -7.829470
v -14.224777 45.940685 -6.513622
v -14.224777 46.149096 -5.197773
v -14.224777 46.753930 -4.010728
v -14.224777 47.695968 -3.068684
v -14.224777 48.883012 -2.463855
v -14.224777 50.198861 -2.255444
v -14.224777 51.514706 -2.463855
v -14.224777 52.701754 -3.068684
v -14.224777 53.643800 -4.010728
v -14.224777 54.248634 -5.197773
v -14.224777 54.457037 -6.513622
v -15.395929 54.248634 -7.829470
v -15.395929 53.643804 -9.016515
v -15.395929 52.701758 -9.958560
v -15.395929 51.514714 -10.563390
v -15.395929 50.198861 -10.771800
v -15.395929 48.883012 -10.563390
v -15.395929 47.695968 -9.958560
v -15.395929 46.753930 -9.016515
v -15.395929 46.149096 -7.829470
v -15.395929 45.940685 -6.513622
v -15.395929 46.149096 -5.197773
v -15.395929 46.753930 -4.010728
v -15.395929 47.695968 -3.068684
v -15.395929 48.883012 -2.463855
v -15.395929 50.198861 -2.255444
v -15.395929 51.514706 -2.463855
v -15.395929 52.701754 -3.068684
v -15.395929 53.643800 -4.010728
v -15.395929 54.248634 -5.197773
v -15.395929 54.457037 -6.513622
v -16.567084 54.248634 -7.829470
v -16.567084 53.643804 -9.016515
v -16.567084 52.701758 -9.958560
v -16.567084 51.514714 -10.563390
v -16.567084 50.198861 -10.771800
v -16.567084 48.883012 -10.563390
v -16.567084 47.695968 -9.958560
v -16.567084 46.753930 -9.016515
v -16.567084 46.149096 -7.829470
v -16.567084 45.940685 -6.513622
v -16.567084 46.149096 -5.197773
v -16.567084 46.753930 -4.010728
v -16.567084 47.695968 -3.068684
v -16.567084 48.883012 -2.463855
v -16.567084 50.198861 -2.255444
v -16.567084 51.514706 -2.463855
v -16.567084 52.701754 -3.068684
v -16.567084 53.643800 -4.010728
v -16.567084 54.248634 -5.197773
v -16.567084 54.457037 -6.513622
v -17.905594 50.198861 -6.513622
v 17.563718 50.198861 -6.513622
v 16.824685 54.248634 -7.829470
v 16.840942 54.224314 -7.821570
v 16.824685 53.643804 -9.016515
v 16.840942 53.623117 -9.001487
v 16.824685 52.701758 -9.958560
v 16.840942 52.686729 -9.937875
v 16.824685 51.514714 -10.563390
v 16.840942 51.506812 -10.539073
v 16.824685 50.198861 -10.771800
v 16.840942 50.198861 -10.746230
v 16.824685 48.883012 -10.563390
v 16.840942 48.890910 -10.539073
v 16.824685 47.695968 -9.958560
v 16.840942 47.710997 -9.937875
v 16.824685 46.753930 -9.016515
v 16.840942 46.774609 -9.001487
v 16.824685 46.149096 -7.829470
v 16.840942 46.173412 -7.821570
v 16.824685 45.940685 -6.513622
v 16.840942 45.966255 -6.513622
v 16.824685 46.149096 -5.197773
v 16.840942 46.173412 -5.205672
v 16.824685 46.753930 -4.010728
v 16.840942 46.774609 -4.025756
v 16.824685 47.695968 -3.068684
v 16.840942 47.710997 -3.089368
v 16.824685 48.883012 -2.463855
v 16.840942 48.890910 -2.488170
v 16.824685 50.198861 -2.255444
v 16.840942 50.198861 -2.281012
v 16.824685 51.514706 -2.463855
v 16.840942 51.506808 -2.488171
v 16.824685 52.701754 -3.068684
v 16.840942 52.686725 -3.089369
v 16.824685 53.643800 -4.010728
v 16.840942 53.623113 -4.025756
v 16.824685 54.248634 -5.197773
v 16.840942 54.224314 -5.205672
v 16.824685 54.457037 -6.513622
v 16.840942 54.431471 -6.513622
v -17.166561 54.248634 -7.829470
v -17.182818 54.224314 -7.821570
v -17.166561 53.643804 -9.016515
v -17.182818 53.623117 -9.001487
v -17.166561 52.701758 -9.958560
v -17.182818 52.686729 -9.937875
v -17.166561 51.514714 -10.563390
v -17.182818 51.506812 -10.539073
v -17.166561 50.198861 -10.771800
v -17.182818 50.198861 -10.746230
v -17.166561 48.883012 -10.563390
v -17.182818 48.890910 -10.539073
v -17.166561 47.695968 -9.958560
v -17.182818 47.710997 -9.937875
v -17.166561 46.753930 -9.016515
v -17.182818 46.774609 -9.001487
v -17.166561 46.149096 -7.829470
v -17.182818 46.173412 -7.821570
v -17.166561 45.940685 -6.513622
v -17.182818 45.966255 -6.513622
v -17.166561 46.149096 -5.197773
v -17.182818 46.173412 -5.205672
v -17.166561 46.753930 -4.010728
v -17.182818 46.774609 -4.025756
v -17.166561 47.695968 -3.068684
v -17.182818 47.710997 -3.089368
v -17.166561 48.883012 -2.463855
v -17.182818 48.890910 -2.488170
v -17.166561 50.198861 -2.255444
v -17.182818 50.198861 -2.281012
v -17.166561 51.514706 -2.463855
v -17.182818 51.506808 -2.488171
v -17.166561 52.701754 -3.068684
v -17.182818 52.686725 -3.089369
v -17.166561 53.643800 -4.010728
v -17.182818 53.623113 -4.025756
v -17.166561 54.248634 -5.197773
v -17.182818 54.224314 -5.205672
v -17.166561 54.457037 -6.513622
v -17.182818 54.431471 -6.513622
v -17.905594 53.283645 -7.515927
v -17.888861 53.328222 -7.530413
v -17.905594 52.822932 -8.420118
v -17.888861 52.860860 -8.447672
v -17.905594 52.105359 -9.137689
v -17.888861 52.132914 -9.175614
v -17.905594 51.201170 -9.598399
v -17.888861 51.215657 -9.642982
v -17.905594 50.198861 -9.757146
v -17.888861 50.198861 -9.804024
v -17.905594 49.196556 -9.598399
v -17.888861 49.182069 -9.642982
v -17.905594 48.292367 -9.137689
v -17.888861 48.264812 -9.175614
v -17.905594 47.574802 -8.420116
v -17.888861 47.536874 -8.447670
v -17.905594 47.114085 -7.515925
v -17.888861 47.069504 -7.530412
v -17.905594 46.955333 -6.513622
v -17.888861 46.908460 -6.513622
v -17.905594 47.114085 -5.511317
v -17.888861 47.069504 -5.496832
v -17.905594 47.574802 -4.607125
v -17.888861 47.536874 -4.579571
v -17.905594 48.292367 -3.889555
v -17.888861 48.264812 -3.851631
v -17.905594 49.196556 -3.428846
v -17.888861 49.182069 -3.384263
v -17.905594 50.198861 -3.270098
v -17.888861 50.198861 -3.223220
v -17.905594 51.201170 -3.428848
v -17.888861 51.215657 -3.384263
v -17.905594 52.105355 -3.889555
v -17.888861 52.132910 -3.851631
v -17.905594 52.822932 -4.607125
v -17.888861 52.860856 -4.579571
v -17.905594 53.283645 -5.511317
v -17.888861 53.328222 -5.496832
v -17.905594 53.442393 -6.513622
v -17.888861 53.489270 -6.513622
v 17.563718 53.283645 -7.515926
v 17.546985 53.328222 -7.530412
v 17.563718 52.822932 -8.420116
v 17.546985 52.860860 -8.447670
v 17.563718 52.105359 -9.137689
v 17.546985 52.132914 -9.175614
v 17.563718 51.201170 -9.598399
v 17.546985 51.215657 -9.642982
v 17.563718 50.198861 -9.757146
v 17.546985 50.198861 -9.804024
v 17.563718 49.196556 -9.598399
v 17.546985 49.182069 -9.642982
v 17.563718 48.292367 -9.137689
v 17.546985 48.264812 -9.175614
v 17.563718 47.574802 -8.420116
v 17.546985 47.536874 -8.447670
v 17.563718 47.114085 -7.515925
v 17.546985 47.069504 -7.530412
v 17.563718 46.955333 -6.513622
v 17.546985 46.908460 -6.513622
v 17.563718 47.114085 -5.511317
v 17.546985 47.069504 -5.496832
v 17.563718 47.574802 -4.607125
v 17.546985 47.536874 -4.579571
v 17.563718 48.292367 -3.889555
v 17.546985 48.264812 -3.851631
v 17.563718 49.196556 -3.428846
v 17.546985 49.182069 -3.384263
v 17.563718 50.198861 -3.270098
v 17.546985 50.198861 -3.223220
v 17.563718 51.201170 -3.428848
v 17.546985 51.215657 -3.384263
v 17.563718 52.105355 -3.889555
v 17.546985 52.132910 -3.851631
v 17.563718 52.822932 -4.607125
v 17.546985 52.860856 -4.579571
v 17.563718 53.283645 -5.511317
v 17.546985 53.328222 -5.496832
v 17.563718 53.442393 -6.513622
v 17.546985 53.489270 -6.513622
vt 0.375000 0.325000
vt 0.387500 0.325000
vt 0.387500 0.337500
vt 0.375000 0.337500
vt 0.400000 0.325000
vt 0.400000 0.337500
vt 0.412500 0.325000
vt 0.412500 0.337500
vt 0.425000 0.325000
vt 0.425000 0.337500
vt 0.437500 0.325000
vt 0.437500 0.337500
vt 0.450000 0.325000
vt 0.450000 0.337500
vt 0.462500 0.325000
vt 0.462500 0.337500
vt 0.475000 0.325000
vt 0.475000 0.337500
vt 0.487500 0.325000
vt 0.487500 0.337500
vt 0.500000 0.325000
vt 0.500000 0.337500
vt 0.512500 0.325000
vt 0.512500 0.337500
vt 0.525000 0.325000
vt 0.525000 0.337500
vt 0.537500 0.325000
vt 0.537500 0.337500
vt 0.550000 0.325000
vt 0.550000 0.337500
vt 0.562500 0.325000
vt 0.562500 0.337500
vt 0.575000 0.325000
vt 0.575000 0.337500
vt 0.587500 0.325000
vt 0.587500 0.337500
vt 0.600000 0.325000
vt 0.600000 0.337500
vt 0.612500 0.325000
vt 0.612500 0.337500
vt 0.625000 0.325000
vt 0.625000 0.337500
vt 0.387500 0.350000
vt 0.375000 0.350000
vt 0.400000 0.350000
vt 0.412500 0.350000
vt 0.425000 0.350000
vt 0.437500 0.350000
vt 0.450000 0.350000
vt 0.462500 0.350000
vt 0.475000 0.350000
vt 0.487500 0.350000
vt 0.500000 0.350000
vt 0.512500 0.350000
vt 0.525000 0.350000
vt 0.537500 0.350000
vt 0.550000 0.350000
vt 0.562500 0.350000
vt 0.575000 0.350000
vt 0.587500 0.350000
vt 0.600000 0.350000
vt 0.612500 0.350000
vt 0.625000 0.350000
vt 0.387500 0.362500
vt 0.375000 0.362500
vt 0.400000 0.362500
vt 0.412500 0.362500
vt 0.425000 0.362500
vt 0.437500 0.362500
vt 0.450000 0.362500
vt 0.462500 0.362500
vt 0.475000 0.362500
vt 0.487500 0.362500
vt 0.500000 0.362500
vt 0.512500 0.362500
vt 0.525000 0.362500
vt 0.537500 0.362500
vt 0.550000 0.362500
vt 0.562500 0.362500
vt 0.575000 0.362500
vt 0.587500 0.362500
vt 0.600000 0.362500
vt 0.612500 0.362500
vt 0.625000 0.362500
vt 0.387500 0.375000
vt 0.375000 0.375000
vt 0.400000 0.375000
vt 0.412500 0.375000
vt 0.425000 0.375000
vt 0.437500 0.375000
vt 0.450000 0.375000
vt 0.462500 0.375000
vt 0.475000 0.375000
vt 0.487500 0.375000
vt 0.500000 0.375000
vt 0.512500 0.375000
vt 0.525000 0.375000
vt 0.537500 0.375000
vt 0.550000 0.375000
vt 0.562500 0.375000
vt 0.575000 0.375000
vt 0.587500 0.375000
vt 0.600000 0.375000
vt 0.612500 0.375000
vt 0.625000 0.375000
vt 0.387500 0.387500
vt 0.375000 0.387500
vt 0.400000 0.387500
vt 0.412500 0.387500
vt 0.425000 0.387500
vt 0.437500 0.387500
vt 0.450000 0.387500
vt 0.462500 0.387500
vt 0.475000 0.387500
vt 0.487500 0.387500
vt 0.500000 0.387500
vt 0.512500 0.387500
vt 0.525000 0.387500
vt 0.537500 0.387500
vt 0.550000 0.387500
vt 0.562500 0.387500
vt 0.575000 0.387500
vt 0.587500 0.387500
vt 0.600000 0.387500
vt 0.612500 0.387500
vt 0.625000 0.387500
vt 0.387500 0.400000
vt 0.375000 0.400000
vt 0.400000 0.400000
vt 0.412500 0.400000
vt 0.425000 0.400000
vt 0.437500 0.400000
vt 0.450000 0.400000
vt 0.462500 0.400000
vt 0.475000 0.400000
vt 0.487500 0.400000
vt 0.500000 0.400000
vt 0.512500 0.400000
vt 0.525000 0.400000
vt 0.537500 0.400000
vt 0.550000 0.400000
vt 0.562500 0.400000
vt 0.575000 0.400000
vt 0.587500 0.400000
vt 0.600000 0.400000
vt 0.612500 0.400000
vt 0.625000 0.400000
vt 0.387500 0.412500
vt 0.375000 0.412500
vt 0.400000 0.412500
vt 0.412500 0.412500
vt 0.425000 0.412500
vt 0.437500 0.412500
vt 0.450000 0.412500
vt 0.462500 0.412500
vt 0.475000 0.412500
vt 0.487500 0.412500
vt 0.500000 0.412500
vt 0.512500 0.412500
vt 0.525000 0.412500
vt 0.537500 0.412500
vt 0.550000 0.412500
vt 0.562500 0.412500
vt 0.575000 0.412500
vt 0.587500 0.412500
vt 0.600000 0.412500
vt 0.612500 0.412500
vt 0.625000 0.412500
vt 0.387500 0.425000
vt 0.375000 0.425000
vt 0.400000 0.425000
vt 0.412500 0.425000
vt 0.425000 0.425000
vt 0.437500 0.425000
vt 0.450000 0.425000
vt 0.462500 0.425000
vt 0.475000 0.425000
vt 0.487500 0.425000
vt 0.500000 0.425000
vt 0.512500 0.425000
vt 0.525000 0.425000
vt 0.537500 0.425000
vt 0.550000 0.425000
vt 0.562500 0.425000
vt 0.575000 0.425000
vt 0.587500 0.425000
vt 0.600000 0.425000
vt 0.612500 0.425000
vt 0.625000 0.425000
vt 0.387500 0.437500
vt 0.375000 0.437500
vt 0.400000 0.437500
vt 0.412500 0.437500
vt 0.425000 0.437500
vt 0.437500 0.437500
vt 0.450000 0.437500
vt 0.462500 0.437500
vt 0.475000 0.437500
vt 0.487500 0.437500
vt 0.500000 0.437500
vt 0.512500 0.437500
vt 0.525000 0.437500
vt 0.537500 0.437500
vt 0.550000 0.437500
vt 0.562500 0.437500
vt 0.575000 0.437500
vt 0.587500 0.437500
vt 0.600000 0.437500
vt 0.612500 0.437500
vt 0.625000 0.437500
vt 0.387500 0.450000
vt 0.375000 0.450000
vt 0.400000 0.450000
vt 0.412500 0.450000
vt 0.425000 0.450000
vt 0.437500 0.450000
vt 0.450000 0.450000
vt 0.462500 0.450000
vt 0.475000 0.450000
vt 0.487500 0.450000
vt 0.500000 0.450000
vt 0.512500 0.450000
vt 0.525000 0.450000
vt 0.537500 0.450000
vt 0.550000 0.450000
vt 0.562500 0.450000
vt 0.575000 0.450000
vt 0.587500 0.450000
vt 0.600000 0.450000
vt 0.612500 0.450000
vt 0.625000 0.450000
vt 0.387500 0.462500
vt 0.375000 0.462500
vt 0.400000 0.462500
vt 0.412500 0.462500
vt 0.425000 0.462500
vt 0.437500 0.462500
vt 0.450000 0.462500
vt 0.462500 0.462500
vt 0.475000 0.462500
vt 0.487500 0.462500
vt 0.500000 0.462500
vt 0.512500 0.462500
vt 0.525000 0.462500
vt 0.537500 0.462500
vt 0.550000 0.462500
vt 0.562500 0.462500
vt 0.575000 0.462500
vt 0.587500 0.462500
vt 0.600000 0.462500
vt 0.612500 0.462500
vt 0.625000 0.462500
vt 0.387500 0.475000
vt 0.375000 0.475000
vt 0.400000 0.475000
vt 0.412500 0.475000
vt 0.425000 0.475000
vt 0.437500 0.475000
vt 0.450000 0.475000
vt 0.462500 0.475000
vt 0.475000 0.475000
vt 0.487500 0.475000
vt 0.500000 0.475000
vt 0.512500 0.475000
vt 0.525000 0.475000
vt 0.537500 0.475000
vt 0.550000 0.475000
vt 0.562500 0.475000
vt 0.575000 0.475000
vt 0.587500 0.475000
vt 0.600000 0.475000
vt 0.612500 0.475000
vt 0.625000 0.475000
vt 0.387500 0.487500
vt 0.375000 0.487500
vt 0.400000 0.487500
vt 0.412500 0.487500
vt 0.425000 0.487500
vt 0.437500 0.487500
vt 0.450000 0.487500
vt 0.462500 0.487500
vt 0.475000 0.487500
vt 0.487500 0.487500
vt 0.500000 0.487500
vt 0.512500 0.487500
vt 0.525000 0.487500
vt 0.537500 0.487500
vt 0.550000 0.487500
vt 0.562500 0.487500
vt 0.575000 0.487500
vt 0.587500 0.487500
vt 0.600000 0.487500
vt 0.612500 0.487500
vt 0.625000 0.487500
vt 0.387500 0.500000
vt 0.375000 0.500000
vt 0.400000 0.500000
vt 0.412500 0.500000
vt 0.425000 0.500000
vt 0.437500 0.500000
vt 0.450000 0.500000
vt 0.462500 0.500000
vt 0.475000 0.500000
vt 0.487500 0.500000
vt 0.500000 0.500000
vt 0.512500 0.500000
vt 0.525000 0.500000
vt 0.537500 0.500000
vt 0.550000 0.500000
vt 0.562500 0.500000
vt 0.575000 0.500000
vt 0.587500 0.500000
vt 0.600000 0.500000
vt 0.612500 0.500000
vt 0.625000 0.500000
vt 0.387500 0.512500
vt 0.375000 0.512500
vt 0.400000 0.512500
vt 0.412500 0.512500
vt 0.425000 0.512500
vt 0.437500 0.512500
vt 0.450000 0.512500
vt 0.462500 0.512500
vt 0.475000 0.512500
vt 0.487500 0.512500
vt 0.500000 0.512500
vt 0.512500 0.512500
vt 0.525000 0.512500
vt 0.537500 0.512500
vt 0.550000 0.512500
vt 0.562500 0.512500
vt 0.575000 0.512500
vt 0.587500 0.512500
vt 0.600000 0.512500
vt 0.612500 0.512500
vt 0.625000 0.512500
vt 0.387500 0.525000
vt 0.375000 0.525000
vt 0.400000 0.525000
vt 0.412500 0.525000
vt 0.425000 0.525000
vt 0.437500 0.525000
vt 0.450000 0.525000
vt 0.462500 0.525000
vt 0.475000 0.525000
vt 0.487500 0.525000
vt 0.500000 0.525000
vt 0.512500 0.525000
vt 0.525000 0.525000
vt 0.537500 0.525000
vt 0.550000 0.525000
vt 0.562500 0.525000
vt 0.575000 0.525000
vt 0.587500 0.525000
vt 0.600000 0.525000
vt 0.612500 0.525000
vt 0.625000 0.525000
vt 0.387500 0.537500
vt 0.375000 0.537500
vt 0.400000 0.537500
vt 0.412500 0.537500
vt 0.425000 0.537500
vt 0.437500 0.537500
vt 0.450000 0.537500
vt 0.462500 0.537500
vt 0.475000 0.537500
vt 0.487500 0.537500
vt 0.500000 0.537500
vt 0.512500 0.537500
vt 0.525000 0.537500
vt 0.537500 0.537500
vt 0.550000 0.537500
vt 0.562500 0.537500
vt 0.575000 0.537500
vt 0.587500 0.537500
vt 0.600000 0.537500
vt 0.612500 0.537500
vt 0.625000 0.537500
vt 0.387500 0.550000
vt 0.375000 0.550000
vt 0.400000 0.550000
vt 0.412500 0.550000
vt 0.425000 0.550000
vt 0.437500 0.550000
vt 0.450000 0.550000
vt 0.462500 0.550000
vt 0.475000 0.550000
vt 0.487500 0.550000
vt 0.500000 0.550000
vt 0.512500 0.550000
vt 0.525000 0.550000
vt 0.537500 0.550000
vt 0.550000 0.550000
vt 0.562500 0.550000
vt 0.575000 0.550000
vt 0.587500 0.550000
vt 0.600000 0.550000
vt 0.612500 0.550000
vt 0.625000 0.550000
vt 0.387500 0.562500
vt 0.375000 0.562500
vt 0.400000 0.562500
vt 0.412500 0.562500
vt 0.425000 0.562500
vt 0.437500 0.562500
vt 0.450000 0.562500
vt 0.462500 0.562500
vt 0.475000 0.562500
vt 0.487500 0.562500
vt 0.500000 0.562500
vt 0.512500 0.562500
vt 0.525000 0.562500
vt 0.537500 0.562500
vt 0.550000 0.562500
vt 0.562500 0.562500
vt 0.575000 0.562500
vt 0.587500 0.562500
vt 0.600000 0.562500
vt 0.612500 0.562500
vt 0.625000 0.562500
vt 0.387500 0.575000
vt 0.375000 0.575000
vt 0.400000 0.575000
vt 0.412500 0.575000
vt 0.425000 0.575000
vt 0.437500 0.575000
vt 0.450000 0.575000
vt 0.462500 0.575000
vt 0.475000 0.575000
vt 0.487500 0.575000
vt 0.500000 0.575000
vt 0.512500 0.575000
vt 0.525000 0.575000
vt 0.537500 0.575000
vt 0.550000 0.575000
vt 0.562500 0.575000
vt 0.575000 0.575000
vt 0.587500 0.575000
vt 0.600000 0.575000
vt 0.612500 0.575000
vt 0.625000 0.575000
vt 0.387500 0.587500
vt 0.375000 0.587500
vt 0.400000 0.587500
vt 0.412500 0.587500
vt 0.425000 0.587500
vt 0.437500 0.587500
vt 0.450000 0.587500
vt 0.462500 0.587500
vt 0.475000 0.587500
vt 0.487500 0.587500
vt 0.500000 0.587500
vt 0.512500 0.587500
vt 0.525000 0.587500
vt 0.537500 0.587500
vt 0.550000 0.587500
vt 0.562500 0.587500
vt 0.575000 0.587500
vt 0.587500 0.587500
vt 0.600000 0.587500
vt 0.612500 0.587500
vt 0.625000 0.587500
vt 0.387500 0.600000
vt 0.375000 0.600000
vt 0.400000 0.600000
vt 0.412500 0.600000
vt 0.425000 0.600000
vt 0.437500 0.600000
vt 0.450000 0.600000
vt 0.462500 0.600000
vt 0.475000 0.600000
vt 0.487500 0.600000
vt 0.500000 0.600000
vt 0.512500 0.600000
vt 0.525000 0.600000
vt 0.537500 0.600000
vt 0.550000 0.600000
vt 0.562500 0.600000
vt 0.575000 0.600000
vt 0.587500 0.600000
vt 0.600000 0.600000
vt 0.612500 0.600000
vt 0.625000 0.600000
vt 0.387500 0.612500
vt 0.375000 0.612500
vt 0.400000 0.612500
vt 0.412500 0.612500
vt 0.425000 0.612500
vt 0.437500 0.612500
vt 0.450000 0.612500
vt 0.462500 0.612500
vt 0.475000 0.612500
vt 0.487500 0.612500
vt 0.500000 0.612500
vt 0.512500 0.612500
vt 0.525000 0.612500
vt 0.537500 0.612500
vt 0.550000 0.612500
vt 0.562500 0.612500
vt 0.575000 0.612500
vt 0.587500 0.612500
vt 0.600000 0.612500
vt 0.612500 0.612500
vt 0.625000 0.612500
vt 0.387500 0.625000
vt 0.375000 0.625000
vt 0.400000 0.625000
vt 0.412500 0.625000
vt 0.425000 0.625000
vt 0.437500 0.625000
vt 0.450000 0.625000
vt 0.462500 0.625000
vt 0.475000 0.625000
vt 0.487500 0.625000
vt 0.500000 0.625000
vt 0.512500 0.625000
vt 0.525000 0.625000
vt 0.537500 0.625000
vt 0.550000 0.625000
vt 0.562500 0.625000
vt 0.575000 0.625000
vt 0.587500 0.625000
vt 0.600000 0.625000
vt 0.612500 0.625000
vt 0.625000 0.625000
vt 0.387500 0.637500
vt 0.375000 0.637500
vt 0.400000 0.637500
vt 0.412500 0.637500
vt 0.425000 0.637500
vt 0.437500 0.637500
vt 0.450000 0.637500
vt 0.462500 0.637500
vt 0.475000 0.637500
vt 0.487500 0.637500
vt 0.500000 0.637500
vt 0.512500 0.637500
vt 0.525000 0.637500
vt 0.537500 0.637500
vt 0.550000 0.637500
vt 0.562500 0.637500
vt 0.575000 0.637500
vt 0.587500 0.637500
vt 0.600000 0.637500
vt 0.612500 0.637500
vt 0.625000 0.637500
vt 0.387500 0.650000
vt 0.375000 0.650000
vt 0.400000 0.650000
vt 0.412500 0.650000
vt 0.425000 0.650000
vt 0.437500 0.650000
vt 0.450000 0.650000
vt 0.462500 0.650000
vt 0.475000 0.650000
vt 0.487500 0.650000
vt 0.500000 0.650000
vt 0.512500 0.650000
vt 0.525000 0.650000
vt 0.537500 0.650000
vt 0.550000 0.650000
vt 0.562500 0.650000
vt 0.575000 0.650000
vt 0.587500 0.650000
vt 0.600000 0.650000
vt 0.612500 0.650000
vt 0.625000 0.650000
vt 0.387500 0.662500
vt 0.375000 0.662500
vt 0.400000 0.662500
vt 0.412500 0.662500
vt 0.425000 0.662500
vt 0.437500 0.662500
vt 0.450000 0.662500
vt 0.462500 0.662500
vt 0.475000 0.662500
vt 0.487500 0.662500
vt 0.500000 0.662500
vt 0.512500 0.662500
vt 0.525000 0.662500
vt 0.537500 0.662500
vt 0.550000 0.662500
vt 0.562500 0.662500
vt 0.575000 0.662500
vt 0.587500 0.662500
vt 0.600000 0.662500
vt 0.612500 0.662500
vt 0.625000 0.662500
vt 0.387500 0.675000
vt 0.375000 0.675000
vt 0.400000 0.675000
vt 0.412500 0.675000
vt 0.425000 0.675000
vt 0.437500 0.675000
vt 0.450000 0.675000
vt 0.462500 0.675000
vt 0.475000 0.675000
vt 0.487500 0.675000
vt 0.500000 0.675000
vt 0.512500 0.675000
vt 0.525000 0.675000
vt 0.537500 0.675000
vt 0.550000 0.675000
vt 0.562500 0.675000
vt 0.575000 0.675000
vt 0.587500 0.675000
vt 0.600000 0.675000
vt 0.612500 0.675000
vt 0.625000 0.675000
vt 0.375000 0.312679
vt 0.375038 0.312500
vt 0.387462 0.312500
vt 0.387500 0.312679
vt 0.624962 0.312500
vt 0.625000 0.312679
vt 0.612500 0.312679
vt 0.612537 0.312500
vt 0.387538 0.312500
vt 0.399962 0.312500
vt 0.400000 0.312679
vt 0.400037 0.312500
vt 0.412462 0.312500
vt 0.412500 0.312679
vt 0.412538 0.312500
vt 0.424962 0.312500
vt 0.425000 0.312679
vt 0.425037 0.312500
vt 0.437462 0.312500
vt 0.437500 0.312679
vt 0.437537 0.312500
vt 0.449962 0.312500
vt 0.450000 0.312679
vt 0.450037 0.312500
vt 0.462462 0.312500
vt 0.462500 0.312679
vt 0.462537 0.312500
vt 0.474962 0.312500
vt 0.475000 0.312679
vt 0.475037 0.312500
vt 0.487462 0.312500
vt 0.487500 0.312679
vt 0.487537 0.312500
vt 0.499962 0.312500
vt 0.500000 0.312679
vt 0.500037 0.312500
vt 0.512462 0.312500
vt 0.512500 0.312679
vt 0.512537 0.312500
vt 0.524962 0.312500
vt 0.525000 0.312679
vt 0.525037 0.312500
vt 0.537462 0.312500
vt 0.537500 0.312679
vt 0.537537 0.312500
vt 0.549962 0.312500
vt 0.550000 0.312679
vt 0.550037 0.312500
vt 0.562462 0.312500
vt 0.562500 0.312679
vt 0.562537 0.312500
vt 0.574962 0.312500
vt 0.575000 0.312679
vt 0.575037 0.312500
vt 0.587462 0.312500
vt 0.587500 0.312679
vt 0.587537 0.312500
vt 0.599962 0.312500
vt 0.600000 0.312679
vt 0.600037 0.312500
vt 0.612462 0.312500
vt 0.625000 0.687320
vt 0.624962 0.687500
vt 0.612537 0.687500
vt 0.612500 0.687320
vt 0.375038 0.687500
vt 0.375000 0.687320
vt 0.387500 0.687320
vt 0.387462 0.687500
vt 0.387538 0.687500
vt 0.400000 0.687320
vt 0.399962 0.687500
vt 0.400037 0.687500
vt 0.412500 0.687320
vt 0.412462 0.687500
vt 0.412538 0.687500
vt 0.425000 0.687320
vt 0.424962 0.687500
vt 0.425037 0.687500
vt 0.437500 0.687320
vt 0.437462 0.687500
vt 0.437537 0.687500
vt 0.450000 0.687320
vt 0.449962 0.687500
vt 0.450037 0.687500
vt 0.462500 0.687320
vt 0.462462 0.687500
vt 0.462537 0.687500
vt 0.475000 0.687320
vt 0.474962 0.687500
vt 0.475037 0.687500
vt 0.487500 0.687320
vt 0.487462 0.687500
vt 0.487537 0.687500
vt 0.500000 0.687320
vt 0.499962 0.687500
vt 0.500037 0.687500
vt 0.512500 0.687320
vt 0.512462 0.687500
vt 0.512537 0.687500
vt 0.525000 0.687320
vt 0.524962 0.687500
vt 0.525037 0.687500
vt 0.537500 0.687320
vt 0.537462 0.687500
vt 0.537537 0.687500
vt 0.550000 0.687320
vt 0.549962 0.687500
vt 0.550037 0.687500
vt 0.562500 0.687320
vt 0.562462 0.687500
vt 0.562537 0.687500
vt 0.575000 0.687320
vt 0.574962 0.687500
vt 0.575037 0.687500
vt 0.587500 0.687320
vt 0.587462 0.687500
vt 0.587537 0.687500
vt 0.600000 0.687320
vt 0.599962 0.687500
vt 0.600037 0.687500
vt 0.612462 0.687500
vt 0.647328 0.891620
vt 0.648603 0.892034
vt 0.626409 0.935591
vt 0.625325 0.934804
vt 0.654910 0.843750
vt 0.656250 0.843750
vt 0.591841 0.970159
vt 0.591054 0.969074
vt 0.548284 0.992353
vt 0.547870 0.991078
vt 0.500000 1.000000
vt 0.500000 0.998659
vt 0.451716 0.992353
vt 0.452130 0.991078
vt 0.408159 0.970159
vt 0.408946 0.969074
vt 0.373591 0.935591
vt 0.374676 0.934803
vt 0.351397 0.892034
vt 0.352672 0.891620
vt 0.343750 0.843750
vt 0.345090 0.843750
vt 0.351397 0.795466
vt 0.352672 0.795880
vt 0.373591 0.751909
vt 0.374675 0.752696
vt 0.408159 0.717341
vt 0.408946 0.718425
vt 0.451716 0.695147
vt 0.452130 0.696422
vt 0.500000 0.687500
vt 0.500000 0.688841
vt 0.548284 0.695147
vt 0.547870 0.696422
vt 0.591842 0.717341
vt 0.591054 0.718426
vt 0.626409 0.751908
vt 0.625325 0.752696
vt 0.648603 0.795466
vt 0.647328 0.795880
vt 0.647328 0.108380
vt 0.648603 0.107966
vt 0.656250 0.156250
vt 0.654910 0.156250
vt 0.625325 0.065196
vt 0.626409 0.064409
vt 0.591054 0.030926
vt 0.591842 0.029841
vt 0.547870 0.008922
vt 0.548284 0.007647
vt 0.500000 0.001340
vt 0.500000 0.000000
vt 0.452130 0.008922
vt 0.451716 0.007647
vt 0.408946 0.030926
vt 0.408158 0.029841
vt 0.374676 0.065196
vt 0.373591 0.064409
vt 0.352672 0.108380
vt 0.351397 0.107966
vt 0.345090 0.156250
vt 0.343750 0.156250
vt 0.352672 0.204120
vt 0.351397 0.204534
vt 0.374675 0.247304
vt 0.373591 0.248091
vt 0.408946 0.281575
vt 0.408159 0.282659
vt 0.452130 0.303578
vt 0.451716 0.304853
vt 0.500000 0.311159
vt 0.500000 0.312500
vt 0.547869 0.303578
vt 0.548284 0.304853
vt 0.591053 0.281574
vt 0.591842 0.282659
vt 0.625324 0.247304
vt 0.626409 0.248091
vt 0.647328 0.204120
vt 0.648603 0.204534
vt 0.500000 0.156250
vt 0.500000 0.843750
vt 0.648603 0.892034
vt 0.626409 0.935591
vt 0.591841 0.970159
vt 0.548284 0.992353
vt 0.500000 1.000000
vt 0.451716 0.992353
vt 0.408159 0.970159
vt 0.373591 0.935591
vt 0.351397 0.892034
vt 0.343750 0.843750
vt 0.351397 0.795466
vt 0.373591 0.751909
vt 0.408159 0.717341
vt 0.451716 0.695147
vt 0.500000 0.687500
vt 0.548284 0.695147
vt 0.591842 0.717341
vt 0.626409 0.751908
vt 0.648603 0.795466
vt 0.656250 0.843750
vt 0.626409 0.064408
vt 0.648603 0.107966
vt 0.591842 0.029841
vt 0.548284 0.007647
vt 0.500000 0.000000
vt 0.451716 0.007647
vt 0.408159 0.029841
vt 0.373591 0.064409
vt 0.351397 0.107966
vt 0.343750 0.156250
vt 0.351397 0.204534
vt 0.373591 0.248091
vt 0.408159 0.282659
vt 0.451716 0.304853
vt 0.500000 0.312500
vt 0.548284 0.304853
vt 0.591841 0.282659
vt 0.626409 0.248091
vt 0.648603 0.204534
vt 0.656250 0.156250
vn 0.000000 0.891005 -0.453993
vn 0.000000 0.891005 -0.453993
vn 0.000000 0.891005 -0.453993
vn 0.000000 0.891005 -0.453993
vn 0.000000 0.707108 -0.707105
vn 0.000000 0.707108 -0.707105
vn 0.000000 0.707108 -0.707105
vn 0.000000 0.707108 -0.707105
vn 0.000000 0.453990 -0.891007
vn 0.000000 0.453990 -0.891007
vn 0.000000 0.453990 -0.891007
vn 0.000000 0.453990 -0.891007
vn 0.000000 0.156434 -0.987688
vn 0.000000 0.156434 -0.987688
vn 0.000000 0.156434 -0.987688
vn 0.000000 0.156434 -0.987688
vn 0.000000 -0.156434 -0.987688
vn 0.000000 -0.156434 -0.987688
vn 0.000000 -0.156434 -0.987688
vn 0.000000 -0.156434 -0.987688
vn 0.000000 -0.453990 -0.891007
vn 0.000000 -0.453990 -0.891007
vn 0.000000 -0.453990 -0.891007
vn 0.000000 -0.453990 -0.891007
vn 0.000000 -0.707110 -0.707103
vn 0.000000 -0.707110 -0.707103
vn 0.000000 -0.707110 -0.707103
vn 0.000000 -0.707110 -0.707103
vn 0.000000 -0.891005 -0.453993
vn 0.000000 -0.891005 -0.453993
vn 0.000000 -0.891005 -0.453993
vn 0.000000 -0.891005 -0.453993
vn 0.000000 -0.987688 -0.156436
vn 0.000000 -0.987688 -0.156436
vn 0.000000 -0.987688 -0.156436
vn 0.000000 -0.987688 -0.156436
vn 0.000000 -0.987688 0.156436
vn 0.000000 -0.987688 0.156436
vn 0.000000 -0.987688 0.156436
vn 0.000000 -0.987688 0.156436
vn 0.000000 -0.891005 0.453993
vn 0.000000 -0.891005 0.453993
vn 0.000000 -0.891005 0.453993
vn 0.000000 -0.891005 0.453993
vn 0.000000 -0.707110 0.707104
vn 0.000000 -0.707110 0.707104
vn 0.000000 -0.707110 0.707104
vn 0.000000 -0.707110 0.707104
vn 0.000000 -0.453989 0.891007
vn 0.000000 -0.453989 0.891007
vn 0.000000 -0.453989 0.891007
vn 0.000000 -0.453989 0.891007
vn 0.000000 -0.156435 0.987688
vn 0.000000 -0.156435 0.987688
vn 0.000000 -0.156435 0.987688
vn 0.000000 -0.156435 0.987688
vn 0.000000 0.156436 0.987688
vn 0.000000 0.156436 0.987688
vn 0.000000 0.156436 0.987688
vn 0.000000 0.156436 0.987688
vn 0.000000 0.453989 0.891007
vn 0.000000 0.453989 0.891007
vn 0.000000 0.453989 0.891007
vn 0.000000 0.453989 0.891007
vn 0.000000 0.707106 0.707108
vn 0.000000 0.707106 0.707108
vn 0.000000 0.707106 0.707108
vn 0.000000 0.707106 0.707108
vn 0.000000 0.891005 0.453993
vn 0.000000 0.891005 0.453993
vn 0.000000 0.891005 0.453993
vn 0.000000 0.891005 0.453993
vn 0.000000 0.987689 0.156428
vn 0.000000 0.987689 0.156428
vn 0.000000 0.987689 0.156428
vn 0.000000 0.987689 0.156428
vn 0.000000 0.987689 -0.156428
vn 0.000000 0.987689 -0.156428
vn 0.000000 0.987689 -0.156428
vn 0.000000 0.987689 -0.156428
vn 0.000000 0.891007 -0.453989
vn 0.000000 0.891007 -0.453989
vn 0.000000 0.891007 -0.453989
vn 0.000000 0.891007 -0.453989
vn 0.000000 0.707107 -0.707107
vn 0.000000 0.707107 -0.707107
vn 0.000000 0.707107 -0.707107
vn 0.000000 0.707107 -0.707107
vn 0.000000 0.453990 -0.891006
vn 0.000000 0.453990 -0.891006
vn 0.000000 0.453990 -0.891006
vn 0.000000 0.453990 -0.891006
vn 0.000000 0.156433 -0.987689
vn 0.000000 0.156433 -0.987689
vn 0.000000 0.156433 -0.987689
vn 0.000000 0.156433 -0.987689
vn 0.000000 -0.156434 -0.987688
vn 0.000000 -0.156434 -0.987688
vn 0.000000 -0.156434 -0.987688
vn 0.000000 -0.156434 -0.987688
vn 0.000000 -0.453990 -0.891006
vn 0.000000 -0.453990 -0.891006
vn 0.000000 -0.453990 -0.891006
vn 0.000000 -0.453990 -0.891006
vn 0.000000 -0.707111 -0.707103
vn 0.000000 -0.707111 -0.707103
vn 0.000000 -0.707111 -0.707103
vn 0.000000 -0.707111 -0.707103
vn 0.000000 -0.891004 -0.453995
vn 0.000000 -0.891004 -0.453995
vn 0.000000 -0.891004 -0.453995
vn 0.000000 -0.891004 -0.453995
vn 0.000000 -0.987689 -0.156432
vn 0.000000 -0.987689 -0.156432
vn 0.000000 -0.987689 -0.156432
vn 0.000000 -0.987689 -0.156432
vn 0.000000 -0.987689 0.156432
vn 0.000000 -0.987689 0.156432
vn 0.000000 -0.987689 0.156432
vn 0.000000 -0.987689 0.156432
vn 0.000000 -0.891004 0.453995
vn 0.000000 -0.891004 0.453995
vn 0.000000 -0.891004 0.453995
vn 0.000000 -0.891004 0.453995
vn 0.000000 -0.707110 0.707103
vn 0.000000 -0.707110 0.707103
vn 0.000000 -0.707110 0.707103
vn 0.000000 -0.707110 0.707103
vn 0.000000 -0.453989 0.891007
vn 0.000000 -0.453989 0.891007
vn 0.000000 -0.453989 0.891007
vn 0.000000 -0.453989 0.891007
vn 0.000000 -0.156435 0.987688
vn 0.000000 -0.156435 0.987688
vn 0.000000 -0.156435 0.987688
vn 0.000000 -0.156435 0.987688
vn 0.000000 0.156435 0.987688
vn 0.000000 0.156435 0.987688
vn 0.000000 0.156435 0.987688
vn 0.000000 0.156435 0.987688
vn 0.000000 0.453989 0.891007
vn 0.000000 0.453989 0.891007
vn 0.000000 0.453989 0.891007
vn 0.000000 0.453989 0.891007
vn 0.000000 0.707106 0.707107
vn 0.000000 0.707106 0.707107
vn 0.000000 0.707106 0.707107
vn 0.000000 0.707106 0.707107
vn 0.000000 0.891006 0.453992
vn 0.000000 0.891006 0.453992
vn 0.000000 0.891006 0.453992
vn 0.000000 0.891006 0.453992
vn 0.000000 0.987689 0.156432
vn 0.000000 0.987689 0.156432
vn 0.000000 0.987689 0.156432
vn 0.000000 0.987689 0.156432
vn 0.000000 0.987689 -0.156432
vn 0.000000 0.987689 -0.156432
vn 0.000000 0.987689 -0.156432
vn 0.000000 0.987689 -0.156432
vn 0.000000 0.891005 -0.453993
vn 0.000000 0.891005 -0.453993
vn 0.000000 0.891005 -0.453993
vn 0.000000 0.891005 -0.453993
vn 0.000000 0.707108 -0.707105
vn 0.000000 0.707108 -0.707105
vn 0.000000 0.707108 -0.707105
vn 0.000000 0.707108 -0.707105
vn 0.000000 0.453990 -0.891007
vn 0.000000 0.453990 -0.891007
vn 0.000000 0.453990 -0.891007
vn 0.000000 0.453990 -0.891007
vn 0.000000 0.156434 -0.987688
vn 0.000000 0.156434 -0.987688
vn 0.000000 0.156434 -0.987688
vn 0.000000 0.156434 -0.987688
vn 0.000000 -0.156434 -0.987688
vn 0.000000 -0.156434 -0.987688
vn 0.000000 -0.156434 -0.987688
vn 0.000000 -0.156434 -0.987688
vn 0.000000 -0.453990 -0.891007
vn 0.000000 -0.453990 -0.891007
vn 0.000000 -0.453990 -0.891007
vn 0.000000 -0.453990 -0.891007
vn 0.000000 -0.707110 -0.707103
vn 0.000000 -0.707110 -0.707103
vn 0.000000 -0.707110 -0.707103
vn 0.000000 -0.707110 -0.707103
vn 0.000000 -0.891005 -0.453993
vn 0.000000 -0.891005 -0.453993
vn 0.000000 -0.891005 -0.453993
vn 0.000000 -0.891005 -0.453993
vn 0.000000 -0.987688 -0.156436
vn 0.000000 -0.987688 -0.156436
vn 0.000000 -0.987688 -0.156436
vn 0.000000 -0.987688 -0.156436
vn 0.000000 -0.987688 0.156436
vn 0.000000 -0.987688 0.156436
vn 0.000000 -0.987688 0.156436
vn 0.000000 -0.987688 0.156436
vn 0.000000 -0.891005 0.453993
vn 0.000000 -0.891005 0.453993
vn 0.000000 -0.891005 0.453993
vn 0.000000 -0.891005 0.453993
vn 0.000000 -0.707110 0.707104
vn 0.000000 -0.707110 0.707104
vn 0.000000 -0.707110 0.707104
vn 0.000000 -0.707110 0.707104
vn 0.000000 -0.453989 0.891007
vn 0.000000 -0.453989 0.891007
vn 0.000000 -0.453989 0.891007
vn 0.000000 -0.453989 0.891007
vn 0.000000 -0.156435 0.987688
vn 0.000000 -0.156435 0.987688
vn 0.000000 -0.156435 0.987688
vn 0.000000 -0.156435 0.987688
vn 0.000000 0.156436 0.987688
vn 0.000000 0.156436 0.987688
vn 0.000000 0.156436 0.987688
vn 0.000000 0.156436 0.987688
vn 0.000000 0.453989 0.891007
vn 0.000000 0.453989 0.891007
vn 0.000000 0.453989 0.891007
vn 0.000000 0.453989 0.891007
vn 0.000000 0.707106 0.707108
vn 0.000000 0.707106 0.707108
vn 0.000000 0.707106 0.707108
vn 0.000000 0.707106 0.707108
vn 0.000000 0.891005 0.453993
vn 0.000000 0.891005 0.453993
vn 0.000000 0.891005 0.453993
vn 0.000000 0.891005 0.453993
vn 0.000000 0.987689 0.156428
vn 0.000000 0.987689 0.156428
vn 0.000000 0.987689 0.156428
vn 0.000000 0.987689 0.156428
vn 0.000000 0.987689 -0.156428
vn 0.000000 0.987689 -0.156428
vn 0.000000 0.987689 -0.156428
vn 0.000000 0.987689 -0.156428
vn 0.000000 0.891005 -0.453993
vn 0.000000 0.891005 -0.453993
vn 0.000000 0.891005 -0.453993
vn 0.000000 0.891005 -0.453993
vn 0.000000 0.707108 -0.707105
vn 0.000000 0.707108 -0.707105
vn 0.000000 0.707108 -0.707105
vn 0.000000 0.707108 -0.707105
vn 0.000000 0.453990 -0.891007
vn 0.000000 0.453990 -0.891007
vn 0.000000 0.453990 -0.891007
vn 0.000000 0.453990 -0.891007
vn 0.000000 0.156434 -0.987688
vn 0.000000 0.156434 -0.987688
vn 0.000000 0.156434 -0.987688
vn 0.000000 0.156434 -0.987688
vn 0.000000 -0.156434 -0.987688
vn 0.000000 -0.156434 -0.987688
vn 0.000000 -0.156434 -0.987688
vn 0.000000 -0.156434 -0.987688
vn 0.000000 -0.453990 -0.891007
vn 0.000000 -0.453990 -0.891007
vn 0.000000 -0.453990 -0.891007
vn 0.000000 -0.453990 -0.891007
vn 0.000000 -0.707110 -0.707103
vn 0.000000 -0.707110 -0.707103
vn 0.000000 -0.707110 -0.707103
vn 0.000000 -0.707110 -0.707103
vn 0.000000 -0.891005 -0.453993
vn 0.000000 -0.891005 -0.453993
vn 0.000000 -0.891005 -0.453993
vn 0.000000 -0.891005 -0.453993
vn 0.000000 -0.987688 -0.156436
vn 0.000000 -0.987688 -0.156436
vn 0.000000 -0.987688 -0.156436
vn 0.000000 -0.987688 -0.156436
vn 0.000000 -0.987688 0.156436
vn 0.000000 -0.987688 0.156436
vn 0.000000 -0.987688 0.156436
vn 0.000000 -0.987688 0.156436
vn 0.000000 -0.891005 0.453993
vn 0.000000 -0.891005 0.453993
vn 0.000000 -0.891005 0.453993
vn 0.000000 -0.891005 0.453993
vn 0.000000 -0.707110 0.707104
vn 0.000000 -0.707110 0.707104
vn 0.000000 -0.707110 0.707104
vn 0.000000 -0.707110 0.707104
vn 0.000000 -0.453989 0.891007
vn 0.000000 -0.453989 0.891007
vn 0.000000 -0.453989 0.891007
vn 0.000000 -0.453989 0.891007
vn 0.000000 -0.156435 0.987688
vn 0.000000 -0.156435 0.987688
vn 0.000000 -0.156435 0.987688
vn 0.000000 -0.156435 0.987688
vn 0.000000 0.156436 0.987688
vn 0.000000 0.156436 0.987688
vn 0.000000 0.156436 0.987688
vn 0.000000 0.156436 0.987688
vn 0.000000 0.453989 0.891007
vn 0.000000 0.453989 0.891007
vn 0.000000 0.453989 0.891007
vn 0.000000 0.453989 0.891007
vn 0.000000 0.707106 0.707108
vn 0.000000 0.707106 0.707108
vn 0.000000 0.707106 0.707108
vn 0.000000 0.707106 0.707108
vn 0.000000 0.891005 0.453993
vn 0.000000 0.891005 0.453993
vn 0.000000 0.891005 0.453993
vn 0.000000 0.891005 0.453993
vn 0.000000 0.987689 0.156428
vn 0.000000 0.987689 0.156428
vn 0.000000 0.987689 0.156428
vn 0.000000 0.987689 0.156428
vn 0.000000 0.987689 -0.156428
vn 0.000000 0.987689 -0.156428
vn 0.000000 0.987689 -0.156428
vn 0.000000 0.987689 -0.156428
vn 0.000000 0.891005 -0.453993
vn 0.000000 0.891005 -0.453993
vn 0.000000 0.891005 -0.453993
vn 0.000000 0.891005 -0.453993
vn 0.000000 0.707108 -0.707105
vn 0.000000 0.707108 -0.707105
vn 0.000000 0.707108 -0.707105
vn 0.000000 0.707108 -0.707105
vn 0.000000 0.453990 -0.891007
vn 0.000000 0.453990 -0.891007
vn 0.000000 0.453990 -0.891007
vn 0.000000 0.453990 -0.891007
vn 0.000000 0.156434 -0.987688
vn 0.000000 0.156434 -0.987688
vn 0.000000 0.156434 -0.987688
vn 0.000000 0.156434 -0.987688
vn 0.000000 -0.156434 -0.987688
vn 0.000000 -0.156434 -0.987688
vn 0.000000 -0.156434 -0.987688
vn 0.000000 -0.156434 -0.987688
vn 0.000000 -0.453990 -0.891007
vn 0.000000 -0.453990 -0.891007
vn 0.000000 -0.453990 -0.891007
vn 0.000000 -0.453990 -0.891007
vn 0.000000 -0.707110 -0.707103
vn 0.000000 -0.707110 -0.707103
vn 0.000000 -0.707110 -0.707103
vn 0.000000 -0.707110 -0.707103
vn 0.000000 -0.891005 -0.453993
vn 0.000000 -0.891005 -0.453993
vn 0.000000 -0.891005 -0.453993
vn 0.000000 -0.891005 -0.453993
vn 0.000000 -0.987688 -0.156436
vn 0.000000 -0.987688 -0.156436
vn 0.000000 -0.987688 -0.156436
vn 0.000000 -0.987688 -0.156436
vn 0.000000 -0.987688 0.156436
vn 0.000000 -0.987688 0.156436
vn 0.000000 -0.987688 0.156436
vn 0.000000 -0.987688 0.156436
vn 0.000000 -0.891005 0.453993
vn 0.000000 -0.891005 0.453993
vn 0.000000 -0.891005 0.453993
vn 0.000000 -0.891005 0.453993
vn 0.000000 -0.707110 0.707104
vn 0.000000 -0.707110 0.707104
vn 0.000000 -0.707110 0.707104
vn 0.000000 -0.707110 0.707104
vn 0.000000 -0.453989 0.891007
vn 0.000000 -0.453989 0.891007
vn 0.000000 -0.453989 0.891007
vn 0.000000 -0.453989 0.891007
vn 0.000000 -0.156435 0.987688
vn 0.000000 -0.156435 0.987688
vn 0.000000 -0.156435 0.987688
vn 0.000000 -0.156435 0.987688
vn 0.000000 0.156436 0.987688
vn 0.000000 0.156436 0.987688
vn 0.000000 0.156436 0.987688
vn 0.000000 0.156436 0.987688
vn 0.000000 0.453989 0.891007
vn 0.000000 0.453989 0.891007
vn 0.000000 0.453989 0.891007
vn 0.000000 0.453989 0.891007
vn 0.000000 0.707106 0.707108
vn 0.000000 0.707106 0.707108
vn 0.000000 0.707106 0.707108
vn 0.000000 0.707106 0.707108
vn 0.000000 0.891005 0.453993
vn 0.000000 0.891005 0.453993
vn 0.000000 0.891005 0.453993
vn 0.000000 0.891005 0.453993
vn 0.000000 0.987689 0.156428
vn 0.000000 0.987689 0.156428
vn 0.000000 0.987689 0.156428
vn 0.000000 0.987689 0.156428
vn 0.000000 0.987689 -0.156428
vn 0.000000 0.987689 -0.156428
vn 0.000000 0.987689 -0.156428
vn 0.000000 0.987689 -0.156428
vn 0.000000 0.891007 -0.453989
vn 0.000000 0.891007 -0.453989
vn 0.000000 0.891007 -0.453989
vn 0.000000 0.891007 -0.453989
vn 0.000000 0.707107 -0.707107
vn 0.000000 0.707107 -0.707107
vn 0.000000 0.707107 -0.707107
vn 0.000000 0.707107 -0.707107
vn 0.000000 0.453990 -0.891007
vn 0.000000 0.453990 -0.891007
vn 0.000000 0.453990 -0.891007
vn 0.000000 0.453990 -0.891007
vn 0.000000 0.156434 -0.987689
vn 0.000000 0.156434 -0.987689
vn 0.000000 0.156434 -0.987689
vn 0.000000 0.156434 -0.987689
vn 0.000000 -0.156434 -0.987688
vn 0.000000 -0.156434 -0.987688
vn 0.000000 -0.156434 -0.987688
vn 0.000000 -0.156434 -0.987688
vn 0.000000 -0.453990 -0.891007
vn 0.000000 -0.453990 -0.891007
vn 0.000000 -0.453990 -0.891007
vn 0.000000 -0.453990 -0.891007
vn 0.000000 -0.707111 -0.707103
vn 0.000000 -0.707111 -0.707103
vn 0.000000 -0.707111 -0.707103
vn 0.000000 -0.707111 -0.707103
vn 0.000000 -0.891004 -0.453996
vn 0.000000 -0.891004 -0.453996
vn 0.000000 -0.891004 -0.453996
vn 0.000000 -0.891004 -0.453996
vn 0.000000 -0.987689 -0.156432
vn 0.000000 -0.987689 -0.156432
vn 0.000000 -0.987689 -0.156432
vn 0.000000 -0.987689 -0.156432
vn 0.000000 -0.987689 0.156432
vn 0.000000 -0.987689 0.156432
vn 0.000000 -0.987689 0.156432
vn 0.000000 -0.987689 0.156432
vn 0.000000 -0.891004 0.453995
vn 0.000000 -0.891004 0.453995
vn 0.000000 -0.891004 0.453995
vn 0.000000 -0.891004 0.453995
vn 0.000000 -0.707111 0.707103
vn 0.000000 -0.707111 0.707103
vn 0.000000 -0.707111 0.707103
vn 0.000000 -0.707111 0.707103
vn 0.000000 -0.453990 0.891007
vn 0.000000 -0.453990 0.891007
vn 0.000000 -0.453990 0.891007
vn 0.000000 -0.453990 0.891007
vn 0.000000 -0.156435 0.987688
vn 0.000000 -0.156435 0.987688
vn 0.000000 -0.156435 0.987688
vn 0.000000 -0.156435 0.987688
vn 0.000000 0.156435 0.987688
vn 0.000000 0.156435 0.987688
vn 0.000000 0.156435 0.987688
vn 0.000000 0.156435 0.987688
vn 0.000000 0.453990 0.891007
vn 0.000000 0.453990 0.891007
vn 0.000000 0.453990 0.891007
vn 0.000000 0.453990 0.891007
vn 0.000000 0.707107 0.707107
vn 0.000000 0.707107 0.707107
vn 0.000000 0.707107 0.707107
vn 0.000000 0.707107 0.707107
vn 0.000000 0.891006 0.453992
vn 0.000000 0.891006 0.453992
vn 0.000000 0.891006 0.453992
vn 0.000000 0.891006 0.453992
vn 0.000000 0.987689 0.156432
vn 0.000000 0.987689 0.156432
vn 0.000000 0.987689 0.156432
vn 0.000000 0.987689 0.156432
vn 0.000000 0.987689 -0.156432
vn 0.000000 0.987689 -0.156432
vn 0.000000 0.987689 -0.156432
vn 0.000000 0.987689 -0.156432
vn 0.000000 0.891005 -0.453993
vn 0.000000 0.891005 -0.453993
vn 0.000000 0.891005 -0.453993
vn 0.000000 0.891005 -0.453993
vn 0.000000 0.707108 -0.707105
vn 0.000000 0.707108 -0.707105
vn 0.000000 0.707108 -0.707105
vn 0.000000 0.707108 -0.707105
vn 0.000000 0.453990 -0.891007
vn 0.000000 0.453990 -0.891007
vn 0.000000 0.453990 -0.891007
vn 0.000000 0.453990 -0.891007
vn 0.000000 0.156434 -0.987688
vn 0.000000 0.156434 -0.987688
vn 0.000000 0.156434 -0.987688
vn 0.000000 0.156434 -0.987688
vn 0.000000 -0.156434 -0.987688
vn 0.000000 -0.156434 -0.987688
vn 0.000000 -0.156434 -0.987688
vn 0.000000 -0.156434 -0.987688
vn 0.000000 -0.453990 -0.891007
vn 0.000000 -0.453990 -0.891007
vn 0.000000 -0.453990 -0.891007
vn 0.000000 -0.453990 -0.891007
vn 0.000000 -0.707110 -0.707103
vn 0.000000 -0.707110 -0.707103
vn 0.000000 -0.707110 -0.707103
vn 0.000000 -0.707110 -0.707103
vn 0.000000 -0.891005 -0.453993
vn 0.000000 -0.891005 -0.453993
vn 0.000000 -0.891005 -0.453993
vn 0.000000 -0.891005 -0.453993
vn 0.000000 -0.987688 -0.156436
vn 0.000000 -0.987688 -0.156436
vn 0.000000 -0.987688 -0.156436
vn 0.000000 -0.987688 -0.156436
vn 0.000000 -0.987688 0.156436
vn 0.000000 -0.987688 0.156436
vn 0.000000 -0.987688 0.156436
vn 0.000000 -0.987688 0.156436
vn 0.000000 -0.891005 0.453993
vn 0.000000 -0.891005 0.453993
vn 0.000000 -0.891005 0.453993
vn 0.000000 -0.891005 0.453993
vn 0.000000 -0.707110 0.707104
vn 0.000000 -0.707110 0.707104
vn 0.000000 -0.707110 0.707104
vn 0.000000 -0.707110 0.707104
vn 0.000000 -0.453989 0.891007
vn 0.000000 -0.453989 0.891007
vn 0.000000 -0.453989 0.891007
vn 0.000000 -0.453989 0.891007
vn 0.000000 -0.156435 0.987688
vn 0.000000 -0.156435 0.987688
vn 0.000000 -0.156435 0.987688
vn 0.000000 -0.156435 0.987688
vn 0.000000 0.156436 0.987688
vn 0.000000 0.156436 0.987688
vn 0.000000 0.156436 0.987688
vn 0.000000 0.156436 0.987688
vn 0.000000 0.453989 0.891007
vn 0.000000 0.453989 0.891007
vn 0.000000 0.453989 0.891007
vn 0.000000 0.453989 0.891007
vn 0.000000 0.707106 0.707108
vn 0.000000 0.707106 0.707108
vn 0.000000 0.707106 0.707108
vn 0.000000 0.707106 0.707108
vn 0.000000 0.891005 0.453993
vn 0.000000 0.891005 0.453993
vn 0.000000 0.891005 0.453993
vn 0.000000 0.891005 0.453993
vn 0.000000 0.987689 0.156428
vn 0.000000 0.987689 0.156428
vn 0.000000 0.987689 0.156428
vn 0.000000 0.987689 0.156428
vn 0.000000 0.987689 -0.156428
vn 0.000000 0.987689 -0.156428
vn 0.000000 0.987689 -0.156428
vn 0.000000 0.987689 -0.156428
vn 0.000000 0.891005 -0.453993
vn 0.000000 0.891005 -0.453993
vn 0.000000 0.891005 -0.453993
vn 0.000000 0.891005 -0.453993
vn 0.000000 0.707107 -0.707107
vn 0.000000 0.707107 -0.707107
vn 0.000000 0.707107 -0.707107
vn 0.000000 0.707107 -0.707107
vn 0.000000 0.453992 -0.891006
vn 0.000000 0.453992 -0.891006
vn 0.000000 0.453992 -0.891006
vn 0.000000 0.453992 -0.891006
vn 0.000000 0.156433 -0.987689
vn 0.000000 0.156433 -0.987689
vn 0.000000 0.156433 -0.987689
vn 0.000000 0.156433 -0.987689
vn 0.000000 -0.156434 -0.987688
vn 0.000000 -0.156434 -0.987688
vn 0.000000 -0.156434 -0.987688
vn 0.000000 -0.156434 -0.987688
vn 0.000000 -0.453990 -0.891007
vn 0.000000 -0.453990 -0.891007
vn 0.000000 -0.453990 -0.891007
vn 0.000000 -0.453990 -0.891007
vn 0.000000 -0.707111 -0.707103
vn 0.000000 -0.707111 -0.707103
vn 0.000000 -0.707111 -0.707103
vn 0.000000 -0.707111 -0.707103
vn 0.000000 -0.891004 -0.453996
vn 0.000000 -0.891004 -0.453996
vn 0.000000 -0.891004 -0.453996
vn 0.000000 -0.891004 -0.453996
vn 0.000000 -0.987689 -0.156432
vn 0.000000 -0.987689 -0.156432
vn 0.000000 -0.987689 -0.156432
vn 0.000000 -0.987689 -0.156432
vn 0.000000 -0.987689 0.156432
vn 0.000000 -0.987689 0.156432
vn 0.000000 -0.987689 0.156432
vn 0.000000 -0.987689 0.156432
vn 0.000000 -0.891004 0.453996
vn 0.000000 -0.891004 0.453996
vn 0.000000 -0.891004 0.453996
vn 0.000000 -0.891004 0.453996
vn 0.000000 -0.707110 0.707103
vn 0.000000 -0.707110 0.707103
vn 0.000000 -0.707110 0.707103
vn 0.000000 -0.707110 0.707103
vn 0.000000 -0.453989 0.891007
vn 0.000000 -0.453989 0.891007
vn 0.000000 -0.453989 0.891007
vn 0.000000 -0.453989 0.891007
vn 0.000000 -0.156435 0.987688
vn 0.000000 -0.156435 0.987688
vn 0.000000 -0.156435 0.987688
vn 0.000000 -0.156435 0.987688
vn 0.000000 0.156436 0.987688
vn 0.000000 0.156436 0.987688
vn 0.000000 0.156436 0.987688
vn 0.000000 0.156436 0.987688
vn 0.000000 0.453989 0.891007
vn 0.000000 0.453989 0.891007
vn 0.000000 0.453989 0.891007
vn 0.000000 0.453989 0.891007
vn 0.000000 0.707106 0.707108
vn 0.000000 0.707106 0.707108
vn 0.000000 0.707106 0.707108
vn 0.000000 0.707106 0.707108
vn 0.000000 0.891004 0.453996
vn 0.000000 0.891004 0.453996
vn 0.000000 0.891004 0.453996
vn 0.000000 0.891004 0.453996
vn 0.000000 0.987689 0.156428
vn 0.000000 0.987689 0.156428
vn 0.000000 0.987689 0.156428
vn 0.000000 0.987689 0.156428
vn 0.000000 0.987689 -0.156428
vn 0.000000 0.987689 -0.156428
vn 0.000000 0.987689 -0.156428
vn 0.000000 0.987689 -0.156428
vn 0.000000 0.891007 -0.453989
vn 0.000000 0.891007 -0.453989
vn 0.000000 0.891007 -0.453989
vn 0.000000 0.891007 -0.453989
vn 0.000000 0.707106 -0.707107
vn 0.000000 0.707106 -0.707107
vn 0.000000 0.707106 -0.707107
vn 0.000000 0.707106 -0.707107
vn 0.000000 0.453992 -0.891006
vn 0.000000 0.453992 -0.891006
vn 0.000000 0.453992 -0.891006
vn 0.000000 0.453992 -0.891006
vn 0.000000 0.156433 -0.987689
vn 0.000000 0.156433 -0.987689
vn 0.000000 0.156433 -0.987689
vn 0.000000 0.156433 -0.987689
vn 0.000000 -0.156434 -0.987688
vn 0.000000 -0.156434 -0.987688
vn 0.000000 -0.156434 -0.987688
vn 0.000000 -0.156434 -0.987688
vn 0.000000 -0.453990 -0.891007
vn 0.000000 -0.453990 -0.891007
vn 0.000000 -0.453990 -0.891007
vn 0.000000 -0.453990 -0.891007
vn 0.000000 -0.707111 -0.707103
vn 0.000000 -0.707111 -0.707103
vn 0.000000 -0.707111 -0.707103
vn 0.000000 -0.707111 -0.707103
vn 0.000000 -0.891005 -0.453993
vn 0.000000 -0.891005 -0.453993
vn 0.000000 -0.891005 -0.453993
vn 0.000000 -0.891005 -0.453993
vn 0.000000 -0.987688 -0.156436
vn 0.000000 -0.987688 -0.156436
vn 0.000000 -0.987688 -0.156436
vn 0.000000 -0.987688 -0.156436
vn 0.000000 -0.987688 0.156436
vn 0.000000 -0.987688 0.156436
vn 0.000000 -0.987688 0.156436
vn 0.000000 -0.987688 0.156436
vn 0.000000 -0.891005 0.453993
vn 0.000000 -0.891005 0.453993
vn 0.000000 -0.891005 0.453993
vn 0.000000 -0.891005 0.453993
vn 0.000000 -0.707110 0.707104
vn 0.000000 -0.707110 0.707104
vn 0.000000 -0.707110 0.707104
vn 0.000000 -0.707110 0.707104
vn 0.000000 -0.453989 0.891007
vn 0.000000 -0.453989 0.891007
vn 0.000000 -0.453989 0.891007
vn 0.000000 -0.453989 0.891007
vn 0.000000 -0.156435 0.987688
vn 0.000000 -0.156435 0.987688
vn 0.000000 -0.156435 0.987688
vn 0.000000 -0.156435 0.987688
vn 0.000000 0.156436 0.987688
vn 0.000000 0.156436 0.987688
vn 0.000000 0.156436 0.987688
vn 0.000000 0.156436 0.987688
vn 0.000000 0.453989 0.891007
vn 0.000000 0.453989 0.891007
vn 0.000000 0.453989 0.891007
vn 0.000000 0.453989 0.891007
vn 0.000000 0.707106 0.707108
vn 0.000000 0.707106 0.707108
vn 0.000000 0.707106 0.707108
vn 0.000000 0.707106 0.707108
vn 0.000000 0.891005 0.453993
vn 0.000000 0.891005 0.453993
vn 0.000000 0.891005 0.453993
vn 0.000000 0.891005 0.453993
vn 0.000000 0.987689 0.156432
vn 0.000000 0.987689 0.156432
vn 0.000000 0.987689 0.156432
vn 0.000000 0.987689 0.156432
vn 0.000000 0.987689 -0.156432
vn 0.000000 0.987689 -0.156432
vn 0.000000 0.987689 -0.156432
vn 0.000000 0.987689 -0.156432
vn 0.000000 0.891007 -0.453989
vn 0.000000 0.891007 -0.453989
vn 0.000000 0.891007 -0.453989
vn 0.000000 0.891007 -0.453989
vn 0.000000 0.707106 -0.707107
vn 0.000000 0.707106 -0.707107
vn 0.000000 0.707106 -0.707107
vn 0.000000 0.707106 -0.707107
vn 0.000000 0.453992 -0.891006
vn 0.000000 0.453992 -0.891006
vn 0.000000 0.453992 -0.891006
vn 0.000000 0.453992 -0.891006
vn 0.000000 0.156433 -0.987689
vn 0.000000 0.156433 -0.987689
vn 0.000000 0.156433 -0.987689
vn 0.000000 0.156433 -0.987689
vn 0.000000 -0.156434 -0.987688
vn 0.000000 -0.156434 -0.987688
vn 0.000000 -0.156434 -0.987688
vn 0.000000 -0.156434 -0.987688
vn 0.000000 -0.453990 -0.891007
vn 0.000000 -0.453990 -0.891007
vn 0.000000 -0.453990 -0.891007
vn 0.000000 -0.453990 -0.891007
vn 0.000000 -0.707111 -0.707103
vn 0.000000 -0.707111 -0.707103
vn 0.000000 -0.707111 -0.707103
vn 0.000000 -0.707111 -0.707103
vn 0.000000 -0.891005 -0.453993
vn 0.000000 -0.891005 -0.453993
vn 0.000000 -0.891005 -0.453993
vn 0.000000 -0.891005 -0.453993
vn 0.000000 -0.987688 -0.156436
vn 0.000000 -0.987688 -0.156436
vn 0.000000 -0.987688 -0.156436
vn 0.000000 -0.987688 -0.156436
vn 0.000000 -0.987688 0.156436
vn 0.000000 -0.987688 0.156436
vn 0.000000 -0.987688 0.156436
vn 0.000000 -0.987688 0.156436
vn 0.000000 -0.891005 0.453992
vn 0.000000 -0.891005 0.453992
vn 0.000000 -0.891005 0.453992
vn 0.000000 -0.891005 0.453992
vn 0.000000 -0.707110 0.707104
vn 0.000000 -0.707110 0.707104
vn 0.000000 -0.707110 0.707104
vn 0.000000 -0.707110 0.707104
vn 0.000000 -0.453989 0.891007
vn 0.000000 -0.453989 0.891007
vn 0.000000 -0.453989 0.891007
vn 0.000000 -0.453989 0.891007
vn 0.000000 -0.156435 0.987688
vn 0.000000 -0.156435 0.987688
vn 0.000000 -0.156435 0.987688
vn 0.000000 -0.156435 0.987688
vn 0.000000 0.156436 0.987688
vn 0.000000 0.156436 0.987688
vn 0.000000 0.156436 0.987688
vn 0.000000 0.156436 0.987688
vn 0.000000 0.453989 0.891007
vn 0.000000 0.453989 0.891007
vn 0.000000 0.453989 0.891007
vn 0.000000 0.453989 0.891007
vn 0.000000 0.707106 0.707108
vn 0.000000 0.707106 0.707108
vn 0.000000 0.707106 0.707108
vn 0.000000 0.707106 0.707108
vn 0.000000 0.891005 0.453992
vn 0.000000 0.891005 0.453992
vn 0.000000 0.891005 0.453992
vn 0.000000 0.891005 0.453992
vn 0.000000 0.987689 0.156432
vn 0.000000 0.987689 0.156432
vn 0.000000 0.987689 0.156432
vn 0.000000 0.987689 0.156432
vn 0.000000 0.987689 -0.156432
vn 0.000000 0.987689 -0.156432
vn 0.000000 0.987689 -0.156432
vn 0.000000 0.987689 -0.156432
vn 0.000000 0.891007 -0.453989
vn 0.000000 0.891007 -0.453989
vn 0.000000 0.891007 -0.453989
vn 0.000000 0.891007 -0.453989
vn 0.000000 0.707106 -0.707107
vn 0.000000 0.707106 -0.707107
vn 0.000000 0.707106 -0.707107
vn 0.000000 0.707106 -0.707107
vn 0.000000 0.453992 -0.891006
vn 0.000000 0.453992 -0.891006
vn 0.000000 0.453992 -0.891006
vn 0.000000 0.453992 -0.891006
vn 0.000000 0.156433 -0.987689
vn 0.000000 0.156433 -0.987689
vn 0.000000 0.156433 -0.987689
vn 0.000000 0.156433 -0.987689
vn 0.000000 -0.156434 -0.987688
vn 0.000000 -0.156434 -0.987688
vn 0.000000 -0.156434 -0.987688
vn 0.000000 -0.156434 -0.987688
vn 0.000000 -0.453990 -0.891007
vn 0.000000 -0.453990 -0.891007
vn 0.000000 -0.453990 -0.891007
vn 0.000000 -0.453990 -0.891007
vn 0.000000 -0.707111 -0.707103
vn 0.000000 -0.707111 -0.707103
vn 0.000000 -0.707111 -0.707103
vn 0.000000 -0.707111 -0.707103
vn 0.000000 -0.891005 -0.453993
vn 0.000000 -0.891005 -0.453993
vn 0.000000 -0.891005 -0.453993
vn 0.000000 -0.891005 -0.453993
vn 0.000000 -0.987688 -0.156436
vn 0.000000 -0.987688 -0.156436
vn 0.000000 -0.987688 -0.156436
vn 0.000000 -0.987688 -0.156436
vn 0.000000 -0.987688 0.156436
vn 0.000000 -0.987688 0.156436
vn 0.000000 -0.987688 0.156436
vn 0.000000 -0.987688 0.156436
vn 0.000000 -0.891005 0.453993
vn 0.000000 -0.891005 0.453993
vn 0.000000 -0.891005 0.453993
vn 0.000000 -0.891005 0.453993
vn 0.000000 -0.707110 0.707103
vn 0.000000 -0.707110 0.707103
vn 0.000000 -0.707110 0.707103
vn 0.000000 -0.707110 0.707103
vn 0.000000 -0.453989 0.891007
vn 0.000000 -0.453989 0.891007
vn 0.000000 -0.453989 0.891007
vn 0.000000 -0.453989 0.891007
vn 0.000000 -0.156435 0.987688
vn 0.000000 -0.156435 0.987688
vn 0.000000 -0.156435 0.987688
vn 0.000000 -0.156435 0.987688
vn 0.000000 0.156436 0.987688
vn 0.000000 0.156436 0.987688
vn 0.000000 0.156436 0.987688
vn 0.000000 0.156436 0.987688
vn 0.000000 0.453989 0.891007
vn 0.000000 0.453989 0.891007
vn 0.000000 0.453989 0.891007
vn 0.000000 0.453989 0.891007
vn 0.000000 0.707106 0.707108
vn 0.000000 0.707106 0.707108
vn 0.000000 0.707106 0.707108
vn 0.000000 0.707106 0.707108
vn 0.000000 0.891005 0.453993
vn 0.000000 0.891005 0.453993
vn 0.000000 0.891005 0.453993
vn 0.000000 0.891005 0.453993
vn 0.000000 0.987689 0.156432
vn 0.000000 0.987689 0.156432
vn 0.000000 0.987689 0.156432
vn 0.000000 0.987689 0.156432
vn 0.000000 0.987689 -0.156432
vn 0.000000 0.987689 -0.156432
vn 0.000000 0.987689 -0.156432
vn 0.000000 0.987689 -0.156432
vn 0.000000 0.891007 -0.453990
vn 0.000000 0.891007 -0.453990
vn 0.000000 0.891007 -0.453990
vn 0.000000 0.891007 -0.453990
vn 0.000000 0.707106 -0.707107
vn 0.000000 0.707106 -0.707107
vn 0.000000 0.707106 -0.707107
vn 0.000000 0.707106 -0.707107
vn 0.000000 0.453992 -0.891006
vn 0.000000 0.453992 -0.891006
vn 0.000000 0.453992 -0.891006
vn 0.000000 0.453992 -0.891006
vn 0.000000 0.156433 -0.987689
vn 0.000000 0.156433 -0.987689
vn 0.000000 0.156433 -0.987689
vn 0.000000 0.156433 -0.987689
vn 0.000000 -0.156434 -0.987688
vn 0.000000 -0.156434 -0.987688
vn 0.000000 -0.156434 -0.987688
vn 0.000000 -0.156434 -0.987688
vn 0.000000 -0.453992 -0.891006
vn 0.000000 -0.453992 -0.891006
vn 0.000000 -0.453992 -0.891006
vn 0.000000 -0.453992 -0.891006
vn 0.000000 -0.707108 -0.707105
vn 0.000000 -0.707108 -0.707105
vn 0.000000 -0.707108 -0.707105
vn 0.000000 -0.707108 -0.707105
vn 0.000000 -0.891005 -0.453993
vn 0.000000 -0.891005 -0.453993
vn 0.000000 -0.891005 -0.453993
vn 0.000000 -0.891005 -0.453993
vn 0.000000 -0.987689 -0.156432
vn 0.000000 -0.987689 -0.156432
vn 0.000000 -0.987689 -0.156432
vn 0.000000 -0.987689 -0.156432
vn 0.000000 -0.987689 0.156432
vn 0.000000 -0.987689 0.156432
vn 0.000000 -0.987689 0.156432
vn 0.000000 -0.987689 0.156432
vn 0.000000 -0.891005 0.453993
vn 0.000000 -0.891005 0.453993
vn 0.000000 -0.891005 0.453993
vn 0.000000 -0.891005 0.453993
vn 0.000000 -0.707108 0.707106
vn 0.000000 -0.707108 0.707106
vn 0.000000 -0.707108 0.707106
vn 0.000000 -0.707108 0.707106
vn 0.000000 -0.453991 0.891006
vn 0.000000 -0.453991 0.891006
vn 0.000000 -0.453991 0.891006
vn 0.000000 -0.453991 0.891006
vn 0.000000 -0.156435 0.987688
vn 0.000000 -0.156435 0.987688
vn 0.000000 -0.156435 0.987688
vn 0.000000 -0.156435 0.987688
vn 0.000000 0.156436 0.987688
vn 0.000000 0.156436 0.987688
vn 0.000000 0.156436 0.987688
vn 0.000000 0.156436 0.987688
vn 0.000000 0.453989 0.891007
vn 0.000000 0.453989 0.891007
vn 0.000000 0.453989 0.891007
vn 0.000000 0.453989 0.891007
vn 0.000000 0.707106 0.707108
vn 0.000000 0.707106 0.707108
vn 0.000000 0.707106 0.707108
vn 0.000000 0.707106 0.707108
vn 0.000000 0.891005 0.453993
vn 0.000000 0.891005 0.453993
vn 0.000000 0.891005 0.453993
vn 0.000000 0.891005 0.453993
vn 0.000000 0.987689 0.156428
vn 0.000000 0.987689 0.156428
vn 0.000000 0.987689 0.156428
vn 0.000000 0.987689 0.156428
vn 0.000000 0.987689 -0.156428
vn 0.000000 0.987689 -0.156428
vn 0.000000 0.987689 -0.156428
vn 0.000000 0.987689 -0.156428
vn 0.000000 0.891006 -0.453992
vn 0.000000 0.891006 -0.453992
vn 0.000000 0.891006 -0.453992
vn 0.000000 0.891006 -0.453992
vn 0.000000 0.707107 -0.707107
vn 0.000000 0.707107 -0.707107
vn 0.000000 0.707107 -0.707107
vn 0.000000 0.707107 -0.707107
vn 0.000000 0.453992 -0.891006
vn 0.000000 0.453992 -0.891006
vn 0.000000 0.453992 -0.891006
vn 0.000000 0.453992 -0.891006
vn 0.000000 0.156433 -0.987689
vn 0.000000 0.156433 -0.987689
vn 0.000000 0.156433 -0.987689
vn 0.000000 0.156433 -0.987689
vn 0.000000 -0.156433 -0.987689
vn 0.000000 -0.156433 -0.987689
vn 0.000000 -0.156433 -0.987689
vn 0.000000 -0.156433 -0.987689
vn 0.000000 -0.453992 -0.891006
vn 0.000000 -0.453992 -0.891006
vn 0.000000 -0.453992 -0.891006
vn 0.000000 -0.453992 -0.891006
vn 0.000000 -0.707109 -0.707105
vn 0.000000 -0.707109 -0.707105
vn 0.000000 -0.707109 -0.707105
vn 0.000000 -0.707109 -0.707105
vn 0.000000 -0.891006 -0.453992
vn 0.000000 -0.891006 -0.453992
vn 0.000000 -0.891006 -0.453992
vn 0.000000 -0.891006 -0.453992
vn 0.000000 -0.987688 -0.156436
vn 0.000000 -0.987688 -0.156436
vn 0.000000 -0.987688 -0.156436
vn 0.000000 -0.987688 -0.156436
vn 0.000000 -0.987688 0.156436
vn 0.000000 -0.987688 0.156436
vn 0.000000 -0.987688 0.156436
vn 0.000000 -0.987688 0.156436
vn 0.000000 -0.891006 0.453992
vn 0.000000 -0.891006 0.453992
vn 0.000000 -0.891006 0.453992
vn 0.000000 -0.891006 0.453992
vn 0.000000 -0.707108 0.707105
vn 0.000000 -0.707108 0.707105
vn 0.000000 -0.707108 0.707105
vn 0.000000 -0.707108 0.707105
vn 0.000000 -0.453991 0.891006
vn 0.000000 -0.453991 0.891006
vn 0.000000 -0.453991 0.891006
vn 0.000000 -0.453991 0.891006
vn 0.000000 -0.156435 0.987688
vn 0.000000 -0.156435 0.987688
vn 0.000000 -0.156435 0.987688
vn 0.000000 -0.156435 0.987688
vn 0.000000 0.156436 0.987688
vn 0.000000 0.156436 0.987688
vn 0.000000 0.156436 0.987688
vn 0.000000 0.156436 0.987688
vn 0.000000 0.453988 0.891008
vn 0.000000 0.453988 0.891008
vn 0.000000 0.453988 0.891008
vn 0.000000 0.453988 0.891008
vn 0.000000 0.707106 0.707107
vn 0.000000 0.707106 0.707107
vn 0.000000 0.707106 0.707107
vn 0.000000 0.707106 0.707107
vn 0.000000 0.891006 0.453992
vn 0.000000 0.891006 0.453992
vn 0.000000 0.891006 0.453992
vn 0.000000 0.891006 0.453992
vn 0.000000 0.987689 0.156428
vn 0.000000 0.987689 0.156428
vn 0.000000 0.987689 0.156428
vn 0.000000 0.987689 0.156428
vn 0.000000 0.987689 -0.156428
vn 0.000000 0.987689 -0.156428
vn 0.000000 0.987689 -0.156428
vn 0.000000 0.987689 -0.156428
vn 0.000000 0.891006 -0.453992
vn 0.000000 0.891006 -0.453992
vn 0.000000 0.891006 -0.453992
vn 0.000000 0.891006 -0.453992
vn 0.000000 0.707107 -0.707107
vn 0.000000 0.707107 -0.707107
vn 0.000000 0.707107 -0.707107
vn 0.000000 0.707107 -0.707107
vn 0.000000 0.453992 -0.891006
vn 0.000000 0.453992 -0.891006
vn 0.000000 0.453992 -0.891006
vn 0.000000 0.453992 -0.891006
vn 0.000000 0.156433 -0.987689
vn 0.000000 0.156433 -0.987689
vn 0.000000 0.156433 -0.987689
vn 0.000000 0.156433 -0.987689
vn 0.000000 -0.156433 -0.987689
vn 0.000000 -0.156433 -0.987689
vn 0.000000 -0.156433 -0.987689
vn 0.000000 -0.156433 -0.987689
vn 0.000000 -0.453992 -0.891006
vn 0.000000 -0.453992 -0.891006
vn 0.000000 -0.453992 -0.891006
vn 0.000000 -0.453992 -0.891006
vn 0.000000 -0.707109 -0.707105
vn 0.000000 -0.707109 -0.707105
vn 0.000000 -0.707109 -0.707105
vn 0.000000 -0.707109 -0.707105
vn 0.000000 -0.891006 -0.453992
vn 0.000000 -0.891006 -0.453992
vn 0.000000 -0.891006 -0.453992
vn 0.000000 -0.891006 -0.453992
vn 0.000000 -0.987688 -0.156436
vn 0.000000 -0.987688 -0.156436
vn 0.000000 -0.987688 -0.156436
vn 0.000000 -0.987688 -0.156436
vn 0.000000 -0.987688 0.156436
vn 0.000000 -0.987688 0.156436
vn 0.000000 -0.987688 0.156436
vn 0.000000 -0.987688 0.156436
vn 0.000000 -0.891006 0.453992
vn 0.000000 -0.891006 0.453992
vn 0.000000 -0.891006 0.453992
vn 0.000000 -0.891006 0.453992
vn 0.000000 -0.707108 0.707105
vn 0.000000 -0.707108 0.707105
vn 0.000000 -0.707108 0.707105
vn 0.000000 -0.707108 0.707105
vn 0.000000 -0.453991 0.891006
vn 0.000000 -0.453991 0.891006
vn 0.000000 -0.453991 0.891006
vn 0.000000 -0.453991 0.891006
vn 0.000000 -0.156435 0.987688
vn 0.000000 -0.156435 0.987688
vn 0.000000 -0.156435 0.987688
vn 0.000000 -0.156435 0.987688
vn 0.000000 0.156436 0.987688
vn 0.000000 0.156436 0.987688
vn 0.000000 0.156436 0.987688
vn 0.000000 0.156436 0.987688
vn 0.000000 0.453988 0.891008
vn 0.000000 0.453988 0.891008
vn 0.000000 0.453988 0.891008
vn 0.000000 0.453988 0.891008
vn 0.000000 0.707106 0.707107
vn 0.000000 0.707106 0.707107
vn 0.000000 0.707106 0.707107
vn 0.000000 0.707106 0.707107
vn 0.000000 0.891006 0.453992
vn 0.000000 0.891006 0.453992
vn 0.000000 0.891006 0.453992
vn 0.000000 0.891006 0.453992
vn 0.000000 0.987689 0.156428
vn 0.000000 0.987689 0.156428
vn 0.000000 0.987689 0.156428
vn 0.000000 0.987689 0.156428
vn 0.000000 0.987689 -0.156428
vn 0.000000 0.987689 -0.156428
vn 0.000000 0.987689 -0.156428
vn 0.000000 0.987689 -0.156428
vn 0.000000 0.891007 -0.453989
vn 0.000000 0.891007 -0.453989
vn 0.000000 0.891007 -0.453989
vn 0.000000 0.891007 -0.453989
vn 0.000000 0.707106 -0.707107
vn 0.000000 0.707106 -0.707107
vn 0.000000 0.707106 -0.707107
vn 0.000000 0.707106 -0.707107
vn 0.000000 0.453990 -0.891007
vn 0.000000 0.453990 -0.891007
vn 0.000000 0.453990 -0.891007
vn 0.000000 0.453990 -0.891007
vn 0.000000 0.156434 -0.987688
vn 0.000000 0.156434 -0.987688
vn 0.000000 0.156434 -0.987688
vn 0.000000 0.156434 -0.987688
vn 0.000000 -0.156433 -0.987689
vn 0.000000 -0.156433 -0.987689
vn 0.000000 -0.156433 -0.987689
vn 0.000000 -0.156433 -0.987689
vn 0.000000 -0.453992 -0.891006
vn 0.000000 -0.453992 -0.891006
vn 0.000000 -0.453992 -0.891006
vn 0.000000 -0.453992 -0.891006
vn 0.000000 -0.707111 -0.707103
vn 0.000000 -0.707111 -0.707103
vn 0.000000 -0.707111 -0.707103
vn 0.000000 -0.707111 -0.707103
vn 0.000000 -0.891004 -0.453996
vn 0.000000 -0.891004 -0.453996
vn 0.000000 -0.891004 -0.453996
vn 0.000000 -0.891004 -0.453996
vn 0.000000 -0.987689 -0.156432
vn 0.000000 -0.987689 -0.156432
vn 0.000000 -0.987689 -0.156432
vn 0.000000 -0.987689 -0.156432
vn 0.000000 -0.987689 0.156432
vn 0.000000 -0.987689 0.156432
vn 0.000000 -0.987689 0.156432
vn 0.000000 -0.987689 0.156432
vn 0.000000 -0.891004 0.453996
vn 0.000000 -0.891004 0.453996
vn 0.000000 -0.891004 0.453996
vn 0.000000 -0.891004 0.453996
vn 0.000000 -0.707110 0.707103
vn 0.000000 -0.707110 0.707103
vn 0.000000 -0.707110 0.707103
vn 0.000000 -0.707110 0.707103
vn 0.000000 -0.453991 0.891006
vn 0.000000 -0.453991 0.891006
vn 0.000000 -0.453991 0.891006
vn 0.000000 -0.453991 0.891006
vn 0.000000 -0.156435 0.987688
vn 0.000000 -0.156435 0.987688
vn 0.000000 -0.156435 0.987688
vn 0.000000 -0.156435 0.987688
vn 0.000000 0.156436 0.987688
vn 0.000000 0.156436 0.987688
vn 0.000000 0.156436 0.987688
vn 0.000000 0.156436 0.987688
vn 0.000000 0.453989 0.891007
vn 0.000000 0.453989 0.891007
vn 0.000000 0.453989 0.891007
vn 0.000000 0.453989 0.891007
vn 0.000000 0.707106 0.707108
vn 0.000000 0.707106 0.707108
vn 0.000000 0.707106 0.707108
vn 0.000000 0.707106 0.707108
vn 0.000000 0.891006 0.453993
vn 0.000000 0.891006 0.453993
vn 0.000000 0.891006 0.453993
vn 0.000000 0.891006 0.453993
vn 0.000000 0.987689 0.156428
vn 0.000000 0.987689 0.156428
vn 0.000000 0.987689 0.156428
vn 0.000000 0.987689 0.156428
vn 0.000000 0.987689 -0.156428
vn 0.000000 0.987689 -0.156428
vn 0.000000 0.987689 -0.156428
vn 0.000000 0.987689 -0.156428
vn 0.000000 0.891007 -0.453989
vn 0.000000 0.891007 -0.453989
vn 0.000000 0.891007 -0.453989
vn 0.000000 0.891007 -0.453989
vn 0.000000 0.707106 -0.707107
vn 0.000000 0.707106 -0.707107
vn 0.000000 0.707106 -0.707107
vn 0.000000 0.707106 -0.707107
vn 0.000000 0.453990 -0.891007
vn 0.000000 0.453990 -0.891007
vn 0.000000 0.453990 -0.891007
vn 0.000000 0.453990 -0.891007
vn 0.000000 0.156434 -0.987688
vn 0.000000 0.156434 -0.987688
vn 0.000000 0.156434 -0.987688
vn 0.000000 0.156434 -0.987688
vn 0.000000 -0.156433 -0.987689
vn 0.000000 -0.156433 -0.987689
vn 0.000000 -0.156433 -0.987689
vn 0.000000 -0.156433 -0.987689
vn 0.000000 -0.453992 -0.891006
vn 0.000000 -0.453992 -0.891006
vn 0.000000 -0.453992 -0.891006
vn 0.000000 -0.453992 -0.891006
vn 0.000000 -0.707111 -0.707103
vn 0.000000 -0.707111 -0.707103
vn 0.000000 -0.707111 -0.707103
vn 0.000000 -0.707111 -0.707103
vn 0.000000 -0.891004 -0.453996
vn 0.000000 -0.891004 -0.453996
vn 0.000000 -0.891004 -0.453996
vn 0.000000 -0.891004 -0.453996
vn 0.000000 -0.987689 -0.156432
vn 0.000000 -0.987689 -0.156432
vn 0.000000 -0.987689 -0.156432
vn 0.000000 -0.987689 -0.156432
vn 0.000000 -0.987689 0.156432
vn 0.000000 -0.987689 0.156432
vn 0.000000 -0.987689 0.156432
vn 0.000000 -0.987689 0.156432
vn 0.000000 -0.891004 0.453996
vn 0.000000 -0.891004 0.453996
vn 0.000000 -0.891004 0.453996
vn 0.000000 -0.891004 0.453996
vn 0.000000 -0.707110 0.707103
vn 0.000000 -0.707110 0.707103
vn 0.000000 -0.707110 0.707103
vn 0.000000 -0.707110 0.707103
vn 0.000000 -0.453991 0.891006
vn 0.000000 -0.453991 0.891006
vn 0.000000 -0.453991 0.891006
vn 0.000000 -0.453991 0.891006
vn 0.000000 -0.156435 0.987688
vn 0.000000 -0.156435 0.987688
vn 0.000000 -0.156435 0.987688
vn 0.000000 -0.156435 0.987688
vn 0.000000 0.156436 0.987688
vn 0.000000 0.156436 0.987688
vn 0.000000 0.156436 0.987688
vn 0.000000 0.156436 0.987688
vn 0.000000 0.453989 0.891007
vn 0.000000 0.453989 0.891007
vn 0.000000 0.453989 0.891007
vn 0.000000 0.453989 0.891007
vn 0.000000 0.707106 0.707108
vn 0.000000 0.707106 0.707108
vn 0.000000 0.707106 0.707108
vn 0.000000 0.707106 0.707108
vn 0.000000 0.891006 0.453993
vn 0.000000 0.891006 0.453993
vn 0.000000 0.891006 0.453993
vn 0.000000 0.891006 0.453993
vn 0.000000 0.987689 0.156428
vn 0.000000 0.987689 0.156428
vn 0.000000 0.987689 0.156428
vn 0.000000 0.987689 0.156428
vn 0.000000 0.987689 -0.156428
vn 0.000000 0.987689 -0.156428
vn 0.000000 0.987689 -0.156428
vn 0.000000 0.987689 -0.156428
vn 0.000000 0.891005 -0.453993
vn 0.000000 0.891005 -0.453993
vn 0.000000 0.891005 -0.453993
vn 0.000000 0.891005 -0.453993
vn 0.000000 0.707106 -0.707107
vn 0.000000 0.707106 -0.707107
vn 0.000000 0.707106 -0.707107
vn 0.000000 0.707106 -0.707107
vn 0.000000 0.453992 -0.891006
vn 0.000000 0.453992 -0.891006
vn 0.000000 0.453992 -0.891006
vn 0.000000 0.453992 -0.891006
vn 0.000000 0.156433 -0.987689
vn 0.000000 0.156433 -0.987689
vn 0.000000 0.156433 -0.987689
vn 0.000000 0.156433 -0.987689
vn 0.000000 -0.156434 -0.987688
vn 0.000000 -0.156434 -0.987688
vn 0.000000 -0.156434 -0.987688
vn 0.000000 -0.156434 -0.987688
vn 0.000000 -0.453992 -0.891006
vn 0.000000 -0.453992 -0.891006
vn 0.000000 -0.453992 -0.891006
vn 0.000000 -0.453992 -0.891006
vn 0.000000 -0.707108 -0.707105
vn 0.000000 -0.707108 -0.707105
vn 0.000000 -0.707108 -0.707105
vn 0.000000 -0.707108 -0.707105
vn 0.000000 -0.891005 -0.453993
vn 0.000000 -0.891005 -0.453993
vn 0.000000 -0.891005 -0.453993
vn 0.000000 -0.891005 -0.453993
vn 0.000000 -0.987688 -0.156436
vn 0.000000 -0.987688 -0.156436
vn 0.000000 -0.987688 -0.156436
vn 0.000000 -0.987688 -0.156436
vn 0.000000 -0.987688 0.156436
vn 0.000000 -0.987688 0.156436
vn 0.000000 -0.987688 0.156436
vn 0.000000 -0.987688 0.156436
vn 0.000000 -0.891006 0.453992
vn 0.000000 -0.891006 0.453992
vn 0.000000 -0.891006 0.453992
vn 0.000000 -0.891006 0.453992
vn 0.000000 -0.707108 0.707106
vn 0.000000 -0.707108 0.707106
vn 0.000000 -0.707108 0.707106
vn 0.000000 -0.707108 0.707106
vn 0.000000 -0.453991 0.891006
vn 0.000000 -0.453991 0.891006
vn 0.000000 -0.453991 0.891006
vn 0.000000 -0.453991 0.891006
vn 0.000000 -0.156435 0.987688
vn 0.000000 -0.156435 0.987688
vn 0.000000 -0.156435 0.987688
vn 0.000000 -0.156435 0.987688
vn 0.000000 0.156435 0.987688
vn 0.000000 0.156435 0.987688
vn 0.000000 0.156435 0.987688
vn 0.000000 0.156435 0.987688
vn 0.000000 0.453989 0.891007
vn 0.000000 0.453989 0.891007
vn 0.000000 0.453989 0.891007
vn 0.000000 0.453989 0.891007
vn 0.000000 0.707106 0.707108
vn 0.000000 0.707106 0.707108
vn 0.000000 0.707106 0.707108
vn 0.000000 0.707106 0.707108
vn 0.000000 0.891006 0.453992
vn 0.000000 0.891006 0.453992
vn 0.000000 0.891006 0.453992
vn 0.000000 0.891006 0.453992
vn 0.000000 0.987689 0.156428
vn 0.000000 0.987689 0.156428
vn 0.000000 0.987689 0.156428
vn 0.000000 0.987689 0.156428
vn 0.000000 0.987689 -0.156428
vn 0.000000 0.987689 -0.156428
vn 0.000000 0.987689 -0.156428
vn 0.000000 0.987689 -0.156428
vn 0.000000 0.891007 -0.453989
vn 0.000000 0.891007 -0.453989
vn 0.000000 0.891007 -0.453989
vn 0.000000 0.891007 -0.453989
vn 0.000000 0.707105 -0.707109
vn 0.000000 0.707105 -0.707109
vn 0.000000 0.707105 -0.707109
vn 0.000000 0.707105 -0.707109
vn 0.000000 0.453992 -0.891006
vn 0.000000 0.453992 -0.891006
vn 0.000000 0.453992 -0.891006
vn 0.000000 0.453992 -0.891006
vn 0.000000 0.156433 -0.987689
vn 0.000000 0.156433 -0.987689
vn 0.000000 0.156433 -0.987689
vn 0.000000 0.156433 -0.987689
vn 0.000000 -0.156434 -0.987688
vn 0.000000 -0.156434 -0.987688
vn 0.000000 -0.156434 -0.987688
vn 0.000000 -0.156434 -0.987688
vn 0.000000 -0.453990 -0.891007
vn 0.000000 -0.453990 -0.891007
vn 0.000000 -0.453990 -0.891007
vn 0.000000 -0.453990 -0.891007
vn 0.000000 -0.707111 -0.707103
vn 0.000000 -0.707111 -0.707103
vn 0.000000 -0.707111 -0.707103
vn 0.000000 -0.707111 -0.707103
vn 0.000000 -0.891004 -0.453996
vn 0.000000 -0.891004 -0.453996
vn 0.000000 -0.891004 -0.453996
vn 0.000000 -0.891004 -0.453996
vn 0.000000 -0.987689 -0.156432
vn 0.000000 -0.987689 -0.156432
vn 0.000000 -0.987689 -0.156432
vn 0.000000 -0.987689 -0.156432
vn 0.000000 -0.987689 0.156432
vn 0.000000 -0.987689 0.156432
vn 0.000000 -0.987689 0.156432
vn 0.000000 -0.987689 0.156432
vn 0.000000 -0.891004 0.453996
vn 0.000000 -0.891004 0.453996
vn 0.000000 -0.891004 0.453996
vn 0.000000 -0.891004 0.453996
vn 0.000000 -0.707110 0.707103
vn 0.000000 -0.707110 0.707103
vn 0.000000 -0.707110 0.707103
vn 0.000000 -0.707110 0.707103
vn 0.000000 -0.453990 0.891007
vn 0.000000 -0.453990 0.891007
vn 0.000000 -0.453990 0.891007
vn 0.000000 -0.453990 0.891007
vn 0.000000 -0.156435 0.987688
vn 0.000000 -0.156435 0.987688
vn 0.000000 -0.156435 0.987688
vn 0.000000 -0.156435 0.987688
vn 0.000000 0.156435 0.987688
vn 0.000000 0.156435 0.987688
vn 0.000000 0.156435 0.987688
vn 0.000000 0.156435 0.987688
vn 0.000000 0.453990 0.891007
vn 0.000000 0.453990 0.891007
vn 0.000000 0.453990 0.891007
vn 0.000000 0.453990 0.891007
vn 0.000000 0.707106 0.707107
vn 0.000000 0.707106 0.707107
vn 0.000000 0.707106 0.707107
vn 0.000000 0.707106 0.707107
vn 0.000000 0.891006 0.453992
vn 0.000000 0.891006 0.453992
vn 0.000000 0.891006 0.453992
vn 0.000000 0.891006 0.453992
vn 0.000000 0.987689 0.156428
vn 0.000000 0.987689 0.156428
vn 0.000000 0.987689 0.156428
vn 0.000000 0.987689 0.156428
vn 0.000000 0.987689 -0.156428
vn 0.000000 0.987689 -0.156428
vn 0.000000 0.987689 -0.156428
vn 0.000000 0.987689 -0.156428
vn 0.000000 0.891005 -0.453993
vn 0.000000 0.891005 -0.453993
vn 0.000000 0.891005 -0.453993
vn 0.000000 0.891005 -0.453993
vn 0.000000 0.707106 -0.707107
vn 0.000000 0.707106 -0.707107
vn 0.000000 0.707106 -0.707107
vn 0.000000 0.707106 -0.707107
vn 0.000000 0.453992 -0.891006
vn 0.000000 0.453992 -0.891006
vn 0.000000 0.453992 -0.891006
vn 0.000000 0.453992 -0.891006
vn 0.000000 0.156433 -0.987689
vn 0.000000 0.156433 -0.987689
vn 0.000000 0.156433 -0.987689
vn 0.000000 0.156433 -0.987689
vn 0.000000 -0.156434 -0.987688
vn 0.000000 -0.156434 -0.987688
vn 0.000000 -0.156434 -0.987688
vn 0.000000 -0.156434 -0.987688
vn 0.000000 -0.453992 -0.891006
vn 0.000000 -0.453992 -0.891006
vn 0.000000 -0.453992 -0.891006
vn 0.000000 -0.453992 -0.891006
vn 0.000000 -0.707110 -0.707103
vn 0.000000 -0.707110 -0.707103
vn 0.000000 -0.707110 -0.707103
vn 0.000000 -0.707110 -0.707103
vn 0.000000 -0.891005 -0.453993
vn 0.000000 -0.891005 -0.453993
vn 0.000000 -0.891005 -0.453993
vn 0.000000 -0.891005 -0.453993
vn 0.000000 -0.987688 -0.156436
vn 0.000000 -0.987688 -0.156436
vn 0.000000 -0.987688 -0.156436
vn 0.000000 -0.987688 -0.156436
vn 0.000000 -0.987688 0.156436
vn 0.000000 -0.987688 0.156436
vn 0.000000 -0.987688 0.156436
vn 0.000000 -0.987688 0.156436
vn 0.000000 -0.891005 0.453993
vn 0.000000 -0.891005 0.453993
vn 0.000000 -0.891005 0.453993
vn 0.000000 -0.891005 0.453993
vn 0.000000 -0.707110 0.707104
vn 0.000000 -0.707110 0.707104
vn 0.000000 -0.707110 0.707104
vn 0.000000 -0.707110 0.707104
vn 0.000000 -0.453991 0.891007
vn 0.000000 -0.453991 0.891007
vn 0.000000 -0.453991 0.891007
vn 0.000000 -0.453991 0.891007
vn 0.000000 -0.156435 0.987688
vn 0.000000 -0.156435 0.987688
vn 0.000000 -0.156435 0.987688
vn 0.000000 -0.156435 0.987688
vn 0.000000 0.156435 0.987688
vn 0.000000 0.156435 0.987688
vn 0.000000 0.156435 0.987688
vn 0.000000 0.156435 0.987688
vn 0.000000 0.453989 0.891007
vn 0.000000 0.453989 0.891007
vn 0.000000 0.453989 0.891007
vn 0.000000 0.453989 0.891007
vn 0.000000 0.707108 0.707106
vn 0.000000 0.707108 0.707106
vn 0.000000 0.707108 0.707106
vn 0.000000 0.707108 0.707106
vn 0.000000 0.891004 0.453996
vn 0.000000 0.891004 0.453996
vn 0.000000 0.891004 0.453996
vn 0.000000 0.891004 0.453996
vn 0.000000 0.987689 0.156428
vn 0.000000 0.987689 0.156428
vn 0.000000 0.987689 0.156428
vn 0.000000 0.987689 0.156428
vn 0.000000 0.987689 -0.156428
vn 0.000000 0.987689 -0.156428
vn 0.000000 0.987689 -0.156428
vn 0.000000 0.987689 -0.156428
vn 0.000000 0.891007 -0.453989
vn 0.000000 0.891007 -0.453989
vn 0.000000 0.891007 -0.453989
vn 0.000000 0.891007 -0.453989
vn 0.000000 0.707105 -0.707109
vn 0.000000 0.707105 -0.707109
vn 0.000000 0.707105 -0.707109
vn 0.000000 0.707105 -0.707109
vn 0.000000 0.453992 -0.891006
vn 0.000000 0.453992 -0.891006
vn 0.000000 0.453992 -0.891006
vn 0.000000 0.453992 -0.891006
vn 0.000000 0.156433 -0.987689
vn 0.000000 0.156433 -0.987689
vn 0.000000 0.156433 -0.987689
vn 0.000000 0.156433 -0.987689
vn 0.000000 -0.156434 -0.987688
vn 0.000000 -0.156434 -0.987688
vn 0.000000 -0.156434 -0.987688
vn 0.000000 -0.156434 -0.987688
vn 0.000000 -0.453990 -0.891007
vn 0.000000 -0.453990 -0.891007
vn 0.000000 -0.453990 -0.891007
vn 0.000000 -0.453990 -0.891007
vn 0.000000 -0.707111 -0.707103
vn 0.000000 -0.707111 -0.707103
vn 0.000000 -0.707111 -0.707103
vn 0.000000 -0.707111 -0.707103
vn 0.000000 -0.891004 -0.453996
vn 0.000000 -0.891004 -0.453996
vn 0.000000 -0.891004 -0.453996
vn 0.000000 -0.891004 -0.453996
vn 0.000000 -0.987689 -0.156432
vn 0.000000 -0.987689 -0.156432
vn 0.000000 -0.987689 -0.156432
vn 0.000000 -0.987689 -0.156432
vn 0.000000 -0.987689 0.156432
vn 0.000000 -0.987689 0.156432
vn 0.000000 -0.987689 0.156432
vn 0.000000 -0.987689 0.156432
vn 0.000000 -0.891004 0.453996
vn 0.000000 -0.891004 0.453996
vn 0.000000 -0.891004 0.453996
vn 0.000000 -0.891004 0.453996
vn 0.000000 -0.707110 0.707103
vn 0.000000 -0.707110 0.707103
vn 0.000000 -0.707110 0.707103
vn 0.000000 -0.707110 0.707103
vn 0.000000 -0.453990 0.891007
vn 0.000000 -0.453990 0.891007
vn 0.000000 -0.453990 0.891007
vn 0.000000 -0.453990 0.891007
vn 0.000000 -0.156435 0.987688
vn 0.000000 -0.156435 0.987688
vn 0.000000 -0.156435 0.987688
vn 0.000000 -0.156435 0.987688
vn 0.000000 0.156435 0.987688
vn 0.000000 0.156435 0.987688
vn 0.000000 0.156435 0.987688
vn 0.000000 0.156435 0.987688
vn 0.000000 0.453990 0.891007
vn 0.000000 0.453990 0.891007
vn 0.000000 0.453990 0.891007
vn 0.000000 0.453990 0.891007
vn 0.000000 0.707106 0.707107
vn 0.000000 0.707106 0.707107
vn 0.000000 0.707106 0.707107
vn 0.000000 0.707106 0.707107
vn 0.000000 0.891006 0.453992
vn 0.000000 0.891006 0.453992
vn 0.000000 0.891006 0.453992
vn 0.000000 0.891006 0.453992
vn 0.000000 0.987689 0.156428
vn 0.000000 0.987689 0.156428
vn 0.000000 0.987689 0.156428
vn 0.000000 0.987689 0.156428
vn 0.000000 0.987689 -0.156428
vn 0.000000 0.987689 -0.156428
vn 0.000000 0.987689 -0.156428
vn 0.000000 0.987689 -0.156428
vn 0.000000 0.891005 -0.453993
vn 0.000000 0.891005 -0.453993
vn 0.000000 0.891005 -0.453993
vn 0.000000 0.891005 -0.453993
vn 0.000000 0.707106 -0.707107
vn 0.000000 0.707106 -0.707107
vn 0.000000 0.707106 -0.707107
vn 0.000000 0.707106 -0.707107
vn 0.000000 0.453992 -0.891006
vn 0.000000 0.453992 -0.891006
vn 0.000000 0.453992 -0.891006
vn 0.000000 0.453992 -0.891006
vn 0.000000 0.156433 -0.987689
vn 0.000000 0.156433 -0.987689
vn 0.000000 0.156433 -0.987689
vn 0.000000 0.156433 -0.987689
vn 0.000000 -0.156434 -0.987688
vn 0.000000 -0.156434 -0.987688
vn 0.000000 -0.156434 -0.987688
vn 0.000000 -0.156434 -0.987688
vn 0.000000 -0.453990 -0.891007
vn 0.000000 -0.453990 -0.891007
vn 0.000000 -0.453990 -0.891007
vn 0.000000 -0.453990 -0.891007
vn 0.000000 -0.707111 -0.707103
vn 0.000000 -0.707111 -0.707103
vn 0.000000 -0.707111 -0.707103
vn 0.000000 -0.707111 -0.707103
vn 0.000000 -0.891004 -0.453996
vn 0.000000 -0.891004 -0.453996
vn 0.000000 -0.891004 -0.453996
vn 0.000000 -0.891004 -0.453996
vn 0.000000 -0.987689 -0.156432
vn 0.000000 -0.987689 -0.156432
vn 0.000000 -0.987689 -0.156432
vn 0.000000 -0.987689 -0.156432
vn 0.000000 -0.987689 0.156432
vn 0.000000 -0.987689 0.156432
vn 0.000000 -0.987689 0.156432
vn 0.000000 -0.987689 0.156432
vn 0.000000 -0.891004 0.453996
vn 0.000000 -0.891004 0.453996
vn 0.000000 -0.891004 0.453996
vn 0.000000 -0.891004 0.453996
vn 0.000000 -0.707110 0.707103
vn 0.000000 -0.707110 0.707103
vn 0.000000 -0.707110 0.707103
vn 0.000000 -0.707110 0.707103
vn 0.000000 -0.453989 0.891007
vn 0.000000 -0.453989 0.891007
vn 0.000000 -0.453989 0.891007
vn 0.000000 -0.453989 0.891007
vn 0.000000 -0.156435 0.987688
vn 0.000000 -0.156435 0.987688
vn 0.000000 -0.156435 0.987688
vn 0.000000 -0.156435 0.987688
vn 0.000000 0.156436 0.987688
vn 0.000000 0.156436 0.987688
vn 0.000000 0.156436 0.987688
vn 0.000000 0.156436 0.987688
vn 0.000000 0.453989 0.891007
vn 0.000000 0.453989 0.891007
vn 0.000000 0.453989 0.891007
vn 0.000000 0.453989 0.891007
vn 0.000000 0.707106 0.707107
vn 0.000000 0.707106 0.707107
vn 0.000000 0.707106 0.707107
vn 0.000000 0.707106 0.707107
vn 0.000000 0.891004 0.453996
vn 0.000000 0.891004 0.453996
vn 0.000000 0.891004 0.453996
vn 0.000000 0.891004 0.453996
vn 0.000000 0.987689 0.156428
vn 0.000000 0.987689 0.156428
vn 0.000000 0.987689 0.156428
vn 0.000000 0.987689 0.156428
vn 0.000000 0.987689 -0.156428
vn 0.000000 0.987689 -0.156428
vn 0.000000 0.987689 -0.156428
vn 0.000000 0.987689 -0.156428
vn 0.000000 0.891005 -0.453993
vn 0.000000 0.891005 -0.453993
vn 0.000000 0.891005 -0.453993
vn 0.000000 0.891005 -0.453993
vn 0.000000 0.707108 -0.707105
vn 0.000000 0.707108 -0.707105
vn 0.000000 0.707108 -0.707105
vn 0.000000 0.707108 -0.707105
vn 0.000000 0.453990 -0.891007
vn 0.000000 0.453990 -0.891007
vn 0.000000 0.453990 -0.891007
vn 0.000000 0.453990 -0.891007
vn 0.000000 0.156434 -0.987688
vn 0.000000 0.156434 -0.987688
vn 0.000000 0.156434 -0.987688
vn 0.000000 0.156434 -0.987688
vn 0.000000 -0.156434 -0.987688
vn 0.000000 -0.156434 -0.987688
vn 0.000000 -0.156434 -0.987688
vn 0.000000 -0.156434 -0.987688
vn 0.000000 -0.453990 -0.891007
vn 0.000000 -0.453990 -0.891007
vn 0.000000 -0.453990 -0.891007
vn 0.000000 -0.453990 -0.891007
vn 0.000000 -0.707110 -0.707103
vn 0.000000 -0.707110 -0.707103
vn 0.000000 -0.707110 -0.707103
vn 0.000000 -0.707110 -0.707103
vn 0.000000 -0.891005 -0.453993
vn 0.000000 -0.891005 -0.453993
vn 0.000000 -0.891005 -0.453993
vn 0.000000 -0.891005 -0.453993
vn 0.000000 -0.987688 -0.156436
vn 0.000000 -0.987688 -0.156436
vn 0.000000 -0.987688 -0.156436
vn 0.000000 -0.987688 -0.156436
vn 0.000000 -0.987688 0.156436
vn 0.000000 -0.987688 0.156436
vn 0.000000 -0.987688 0.156436
vn 0.000000 -0.987688 0.156436
vn 0.000000 -0.891005 0.453993
vn 0.000000 -0.891005 0.453993
vn 0.000000 -0.891005 0.453993
vn 0.000000 -0.891005 0.453993
vn 0.000000 -0.707110 0.707104
vn 0.000000 -0.707110 0.707104
vn 0.000000 -0.707110 0.707104
vn 0.000000 -0.707110 0.707104
vn 0.000000 -0.453989 0.891007
vn 0.000000 -0.453989 0.891007
vn 0.000000 -0.453989 0.891007
vn 0.000000 -0.453989 0.891007
vn 0.000000 -0.156435 0.987688
vn 0.000000 -0.156435 0.987688
vn 0.000000 -0.156435 0.987688
vn 0.000000 -0.156435 0.987688
vn 0.000000 0.156436 0.987688
vn 0.000000 0.156436 0.987688
vn 0.000000 0.156436 0.987688
vn 0.000000 0.156436 0.987688
vn 0.000000 0.453989 0.891007
vn 0.000000 0.453989 0.891007
vn 0.000000 0.453989 0.891007
vn 0.000000 0.453989 0.891007
vn 0.000000 0.707106 0.707108
vn 0.000000 0.707106 0.707108
vn 0.000000 0.707106 0.707108
vn 0.000000 0.707106 0.707108
vn 0.000000 0.891005 0.453993
vn 0.000000 0.891005 0.453993
vn 0.000000 0.891005 0.453993
vn 0.000000 0.891005 0.453993
vn 0.000000 0.987689 0.156428
vn 0.000000 0.987689 0.156428
vn 0.000000 0.987689 0.156428
vn 0.000000 0.987689 0.156428
vn 0.000000 0.987689 -0.156428
vn 0.000000 0.987689 -0.156428
vn 0.000000 0.987689 -0.156428
vn 0.000000 0.987689 -0.156428
vn 0.000000 0.891005 -0.453993
vn 0.000000 0.891005 -0.453993
vn 0.000000 0.891005 -0.453993
vn 0.000000 0.891005 -0.453993
vn 0.000000 0.707107 -0.707107
vn 0.000000 0.707107 -0.707107
vn 0.000000 0.707107 -0.707107
vn 0.000000 0.707107 -0.707107
vn 0.000000 0.453992 -0.891006
vn 0.000000 0.453992 -0.891006
vn 0.000000 0.453992 -0.891006
vn 0.000000 0.453992 -0.891006
vn 0.000000 0.156433 -0.987689
vn 0.000000 0.156433 -0.987689
vn 0.000000 0.156433 -0.987689
vn 0.000000 0.156433 -0.987689
vn 0.000000 -0.156434 -0.987688
vn 0.000000 -0.156434 -0.987688
vn 0.000000 -0.156434 -0.987688
vn 0.000000 -0.156434 -0.987688
vn 0.000000 -0.453990 -0.891007
vn 0.000000 -0.453990 -0.891007
vn 0.000000 -0.453990 -0.891007
vn 0.000000 -0.453990 -0.891007
vn 0.000000 -0.707111 -0.707103
vn 0.000000 -0.707111 -0.707103
vn 0.000000 -0.707111 -0.707103
vn 0.000000 -0.707111 -0.707103
vn 0.000000 -0.891004 -0.453996
vn 0.000000 -0.891004 -0.453996
vn 0.000000 -0.891004 -0.453996
vn 0.000000 -0.891004 -0.453996
vn 0.000000 -0.987689 -0.156432
vn 0.000000 -0.987689 -0.156432
vn 0.000000 -0.987689 -0.156432
vn 0.000000 -0.987689 -0.156432
vn 0.000000 -0.987689 0.156432
vn 0.000000 -0.987689 0.156432
vn 0.000000 -0.987689 0.156432
vn 0.000000 -0.987689 0.156432
vn 0.000000 -0.891004 0.453996
vn 0.000000 -0.891004 0.453996
vn 0.000000 -0.891004 0.453996
vn 0.000000 -0.891004 0.453996
vn 0.000000 -0.707110 0.707103
vn 0.000000 -0.707110 0.707103
vn 0.000000 -0.707110 0.707103
vn 0.000000 -0.707110 0.707103
vn 0.000000 -0.453990 0.891007
vn 0.000000 -0.453990 0.891007
vn 0.000000 -0.453990 0.891007
vn 0.000000 -0.453990 0.891007
vn 0.000000 -0.156435 0.987688
vn 0.000000 -0.156435 0.987688
vn 0.000000 -0.156435 0.987688
vn 0.000000 -0.156435 0.987688
vn 0.000000 0.156436 0.987688
vn 0.000000 0.156436 0.987688
vn 0.000000 0.156436 0.987688
vn 0.000000 0.156436 0.987688
vn 0.000000 0.453990 0.891007
vn 0.000000 0.453990 0.891007
vn 0.000000 0.453990 0.891007
vn 0.000000 0.453990 0.891007
vn 0.000000 0.707106 0.707108
vn 0.000000 0.707106 0.707108
vn 0.000000 0.707106 0.707108
vn 0.000000 0.707106 0.707108
vn 0.000000 0.891004 0.453996
vn 0.000000 0.891004 0.453996
vn 0.000000 0.891004 0.453996
vn 0.000000 0.891004 0.453996
vn 0.000000 0.987689 0.156428
vn 0.000000 0.987689 0.156428
vn 0.000000 0.987689 0.156428
vn 0.000000 0.987689 0.156428
vn 0.000000 0.987689 -0.156428
vn 0.000000 0.987689 -0.156428
vn 0.000000 0.987689 -0.156428
vn 0.000000 0.987689 -0.156428
vn 0.000000 0.891005 -0.453993
vn 0.000000 0.891005 -0.453993
vn 0.000000 0.891005 -0.453993
vn 0.000000 0.891005 -0.453993
vn 0.000000 0.707108 -0.707105
vn 0.000000 0.707108 -0.707105
vn 0.000000 0.707108 -0.707105
vn 0.000000 0.707108 -0.707105
vn 0.000000 0.453990 -0.891007
vn 0.000000 0.453990 -0.891007
vn 0.000000 0.453990 -0.891007
vn 0.000000 0.453990 -0.891007
vn 0.000000 0.156434 -0.987688
vn 0.000000 0.156434 -0.987688
vn 0.000000 0.156434 -0.987688
vn 0.000000 0.156434 -0.987688
vn 0.000000 -0.156434 -0.987688
vn 0.000000 -0.156434 -0.987688
vn 0.000000 -0.156434 -0.987688
vn 0.000000 -0.156434 -0.987688
vn 0.000000 -0.453990 -0.891007
vn 0.000000 -0.453990 -0.891007
vn 0.000000 -0.453990 -0.891007
vn 0.000000 -0.453990 -0.891007
vn 0.000000 -0.707110 -0.707103
vn 0.000000 -0.707110 -0.707103
vn 0.000000 -0.707110 -0.707103
vn 0.000000 -0.707110 -0.707103
vn 0.000000 -0.891005 -0.453993
vn 0.000000 -0.891005 -0.453993
vn 0.000000 -0.891005 -0.453993
vn 0.000000 -0.891005 -0.453993
vn 0.000000 -0.987688 -0.156436
vn 0.000000 -0.987688 -0.156436
vn 0.000000 -0.987688 -0.156436
vn 0.000000 -0.987688 -0.156436
vn 0.000000 -0.987688 0.156436
vn 0.000000 -0.987688 0.156436
vn 0.000000 -0.987688 0.156436
vn 0.000000 -0.987688 0.156436
vn 0.000000 -0.891005 0.453993
vn 0.000000 -0.891005 0.453993
vn 0.000000 -0.891005 0.453993
vn 0.000000 -0.891005 0.453993
vn 0.000000 -0.707110 0.707104
vn 0.000000 -0.707110 0.707104
vn 0.000000 -0.707110 0.707104
vn 0.000000 -0.707110 0.707104
vn 0.000000 -0.453989 0.891007
vn 0.000000 -0.453989 0.891007
vn 0.000000 -0.453989 0.891007
vn 0.000000 -0.453989 0.891007
vn 0.000000 -0.156435 0.987688
vn 0.000000 -0.156435 0.987688
vn 0.000000 -0.156435 0.987688
vn 0.000000 -0.156435 0.987688
vn 0.000000 0.156436 0.987688
vn 0.000000 0.156436 0.987688
vn 0.000000 0.156436 0.987688
vn 0.000000 0.156436 0.987688
vn 0.000000 0.453989 0.891007
vn 0.000000 0.453989 0.891007
vn 0.000000 0.453989 0.891007
vn 0.000000 0.453989 0.891007
vn 0.000000 0.707106 0.707108
vn 0.000000 0.707106 0.707108
vn 0.000000 0.707106 0.707108
vn 0.000000 0.707106 0.707108
vn 0.000000 0.891005 0.453993
vn 0.000000 0.891005 0.453993
vn 0.000000 0.891005 0.453993
vn 0.000000 0.891005 0.453993
vn 0.000000 0.987689 0.156428
vn 0.000000 0.987689 0.156428
vn 0.000000 0.987689 0.156428
vn 0.000000 0.987689 0.156428
vn 0.000000 0.987689 -0.156428
vn 0.000000 0.987689 -0.156428
vn 0.000000 0.987689 -0.156428
vn 0.000000 0.987689 -0.156428
vn 0.000000 0.891007 -0.453989
vn 0.000000 0.891007 -0.453989
vn 0.000000 0.891007 -0.453989
vn 0.000000 0.891007 -0.453989
vn 0.000000 0.707107 -0.707107
vn 0.000000 0.707107 -0.707107
vn 0.000000 0.707107 -0.707107
vn 0.000000 0.707107 -0.707107
vn 0.000000 0.453990 -0.891006
vn 0.000000 0.453990 -0.891006
vn 0.000000 0.453990 -0.891006
vn 0.000000 0.453990 -0.891006
vn 0.000000 0.156434 -0.987689
vn 0.000000 0.156434 -0.987689
vn 0.000000 0.156434 -0.987689
vn 0.000000 0.156434 -0.987689
vn 0.000000 -0.156434 -0.987688
vn 0.000000 -0.156434 -0.987688
vn 0.000000 -0.156434 -0.987688
vn 0.000000 -0.156434 -0.987688
vn 0.000000 -0.453990 -0.891006
vn 0.000000 -0.453990 -0.891006
vn 0.000000 -0.453990 -0.891006
vn 0.000000 -0.453990 -0.891006
vn 0.000000 -0.707111 -0.707103
vn 0.000000 -0.707111 -0.707103
vn 0.000000 -0.707111 -0.707103
vn 0.000000 -0.707111 -0.707103
vn 0.000000 -0.891004 -0.453996
vn 0.000000 -0.891004 -0.453996
vn 0.000000 -0.891004 -0.453996
vn 0.000000 -0.891004 -0.453996
vn 0.000000 -0.987689 -0.156432
vn 0.000000 -0.987689 -0.156432
vn 0.000000 -0.987689 -0.156432
vn 0.000000 -0.987689 -0.156432
vn 0.000000 -0.987689 0.156432
vn 0.000000 -0.987689 0.156432
vn 0.000000 -0.987689 0.156432
vn 0.000000 -0.987689 0.156432
vn 0.000000 -0.891004 0.453995
vn 0.000000 -0.891004 0.453995
vn 0.000000 -0.891004 0.453995
vn 0.000000 -0.891004 0.453995
vn 0.000000 -0.707110 0.707103
vn 0.000000 -0.707110 0.707103
vn 0.000000 -0.707110 0.707103
vn 0.000000 -0.707110 0.707103
vn 0.000000 -0.453990 0.891007
vn 0.000000 -0.453990 0.891007
vn 0.000000 -0.453990 0.891007
vn 0.000000 -0.453990 0.891007
vn 0.000000 -0.156435 0.987688
vn 0.000000 -0.156435 0.987688
vn 0.000000 -0.156435 0.987688
vn 0.000000 -0.156435 0.987688
vn 0.000000 0.156435 0.987688
vn 0.000000 0.156435 0.987688
vn 0.000000 0.156435 0.987688
vn 0.000000 0.156435 0.987688
vn 0.000000 0.453990 0.891007
vn 0.000000 0.453990 0.891007
vn 0.000000 0.453990 0.891007
vn 0.000000 0.453990 0.891007
vn 0.000000 0.707106 0.707107
vn 0.000000 0.707106 0.707107
vn 0.000000 0.707106 0.707107
vn 0.000000 0.707106 0.707107
vn 0.000000 0.891006 0.453992
vn 0.000000 0.891006 0.453992
vn 0.000000 0.891006 0.453992
vn 0.000000 0.891006 0.453992
vn 0.000000 0.987689 0.156432
vn 0.000000 0.987689 0.156432
vn 0.000000 0.987689 0.156432
vn 0.000000 0.987689 0.156432
vn 0.000000 0.987689 -0.156432
vn 0.000000 0.987689 -0.156432
vn 0.000000 0.987689 -0.156432
vn 0.000000 0.987689 -0.156432
vn 0.000000 0.891005 -0.453993
vn 0.000000 0.891005 -0.453993
vn 0.000000 0.891005 -0.453993
vn 0.000000 0.891005 -0.453993
vn 0.000000 0.707108 -0.707105
vn 0.000000 0.707108 -0.707105
vn 0.000000 0.707108 -0.707105
vn 0.000000 0.707108 -0.707105
vn 0.000000 0.453990 -0.891007
vn 0.000000 0.453990 -0.891007
vn 0.000000 0.453990 -0.891007
vn 0.000000 0.453990 -0.891007
vn 0.000000 0.156434 -0.987688
vn 0.000000 0.156434 -0.987688
vn 0.000000 0.156434 -0.987688
vn 0.000000 0.156434 -0.987688
vn 0.000000 -0.156434 -0.987688
vn 0.000000 -0.156434 -0.987688
vn 0.000000 -0.156434 -0.987688
vn 0.000000 -0.156434 -0.987688
vn 0.000000 -0.453990 -0.891007
vn 0.000000 -0.453990 -0.891007
vn 0.000000 -0.453990 -0.891007
vn 0.000000 -0.453990 -0.891007
vn 0.000000 -0.707110 -0.707103
vn 0.000000 -0.707110 -0.707103
vn 0.000000 -0.707110 -0.707103
vn 0.000000 -0.707110 -0.707103
vn 0.000000 -0.891005 -0.453993
vn 0.000000 -0.891005 -0.453993
vn 0.000000 -0.891005 -0.453993
vn 0.000000 -0.891005 -0.453993
vn 0.000000 -0.987688 -0.156436
vn 0.000000 -0.987688 -0.156436
vn 0.000000 -0.987688 -0.156436
vn 0.000000 -0.987688 -0.156436
vn 0.000000 -0.987688 0.156436
vn 0.000000 -0.987688 0.156436
vn 0.000000 -0.987688 0.156436
vn 0.000000 -0.987688 0.156436
vn 0.000000 -0.891005 0.453993
vn 0.000000 -0.891005 0.453993
vn 0.000000 -0.891005 0.453993
vn 0.000000 -0.891005 0.453993
vn 0.000000 -0.707110 0.707103
vn 0.000000 -0.707110 0.707103
vn 0.000000 -0.707110 0.707103
vn 0.000000 -0.707110 0.707103
vn 0.000000 -0.453989 0.891007
vn 0.000000 -0.453989 0.891007
vn 0.000000 -0.453989 0.891007
vn 0.000000 -0.453989 0.891007
vn 0.000000 -0.156435 0.987688
vn 0.000000 -0.156435 0.987688
vn 0.000000 -0.156435 0.987688
vn 0.000000 -0.156435 0.987688
vn 0.000000 0.156436 0.987688
vn 0.000000 0.156436 0.987688
vn 0.000000 0.156436 0.987688
vn 0.000000 0.156436 0.987688
vn 0.000000 0.453989 0.891007
vn 0.000000 0.453989 0.891007
vn 0.000000 0.453989 0.891007
vn 0.000000 0.453989 0.891007
vn 0.000000 0.707106 0.707108
vn 0.000000 0.707106 0.707108
vn 0.000000 0.707106 0.707108
vn 0.000000 0.707106 0.707108
vn 0.000000 0.891005 0.453993
vn 0.000000 0.891005 0.453993
vn 0.000000 0.891005 0.453993
vn 0.000000 0.891005 0.453993
vn 0.000000 0.987689 0.156428
vn 0.000000 0.987689 0.156428
vn 0.000000 0.987689 0.156428
vn 0.000000 0.987689 0.156428
vn 0.000000 0.987689 -0.156428
vn 0.000000 0.987689 -0.156428
vn 0.000000 0.987689 -0.156428
vn 0.000000 0.987689 -0.156428
vn 0.000000 0.891005 -0.453993
vn 0.000000 0.891005 -0.453993
vn 0.000000 0.891005 -0.453993
vn 0.000000 0.891005 -0.453993
vn 0.000000 0.707109 -0.707105
vn 0.000000 0.707109 -0.707105
vn 0.000000 0.707109 -0.707105
vn 0.000000 0.707109 -0.707105
vn 0.000000 0.453990 -0.891007
vn 0.000000 0.453990 -0.891007
vn 0.000000 0.453990 -0.891007
vn 0.000000 0.453990 -0.891007
vn 0.000000 0.156434 -0.987688
vn 0.000000 0.156434 -0.987688
vn 0.000000 0.156434 -0.987688
vn 0.000000 0.156434 -0.987688
vn 0.000000 -0.156434 -0.987688
vn 0.000000 -0.156434 -0.987688
vn 0.000000 -0.156434 -0.987688
vn 0.000000 -0.156434 -0.987688
vn 0.000000 -0.453990 -0.891007
vn 0.000000 -0.453990 -0.891007
vn 0.000000 -0.453990 -0.891007
vn 0.000000 -0.453990 -0.891007
vn 0.000000 -0.707111 -0.707103
vn 0.000000 -0.707111 -0.707103
vn 0.000000 -0.707111 -0.707103
vn 0.000000 -0.707111 -0.707103
vn 0.000000 -0.891005 -0.453993
vn 0.000000 -0.891005 -0.453993
vn 0.000000 -0.891005 -0.453993
vn 0.000000 -0.891005 -0.453993
vn 0.000000 -0.987688 -0.156436
vn 0.000000 -0.987688 -0.156436
vn 0.000000 -0.987688 -0.156436
vn 0.000000 -0.987688 -0.156436
vn 0.000000 -0.987688 0.156436
vn 0.000000 -0.987688 0.156436
vn 0.000000 -0.987688 0.156436
vn 0.000000 -0.987688 0.156436
vn 0.000000 -0.891005 0.453993
vn 0.000000 -0.891005 0.453993
vn 0.000000 -0.891005 0.453993
vn 0.000000 -0.891005 0.453993
vn 0.000000 -0.707110 0.707104
vn 0.000000 -0.707110 0.707104
vn 0.000000 -0.707110 0.707104
vn 0.000000 -0.707110 0.707104
vn 0.000000 -0.453989 0.891007
vn 0.000000 -0.453989 0.891007
vn 0.000000 -0.453989 0.891007
vn 0.000000 -0.453989 0.891007
vn 0.000000 -0.156435 0.987688
vn 0.000000 -0.156435 0.987688
vn 0.000000 -0.156435 0.987688
vn 0.000000 -0.156435 0.987688
vn 0.000000 0.156436 0.987688
vn 0.000000 0.156436 0.987688
vn 0.000000 0.156436 0.987688
vn 0.000000 0.156436 0.987688
vn 0.000000 0.453989 0.891007
vn 0.000000 0.453989 0.891007
vn 0.000000 0.453989 0.891007
vn 0.000000 0.453989 0.891007
vn 0.000000 0.707106 0.707108
vn 0.000000 0.707106 0.707108
vn 0.000000 0.707106 0.707108
vn 0.000000 0.707106 0.707108
vn 0.000000 0.891005 0.453993
vn 0.000000 0.891005 0.453993
vn 0.000000 0.891005 0.453993
vn 0.000000 0.891005 0.453993
vn 0.000000 0.987689 0.156428
vn 0.000000 0.987689 0.156428
vn 0.000000 0.987689 0.156428
vn 0.000000 0.987689 0.156428
vn 0.000000 0.987689 -0.156428
vn 0.000000 0.987689 -0.156428
vn 0.000000 0.987689 -0.156428
vn 0.000000 0.987689 -0.156428
vn 0.000000 0.891007 -0.453989
vn 0.000000 0.891007 -0.453989
vn 0.000000 0.891007 -0.453989
vn 0.000000 0.891007 -0.453989
vn 0.000000 0.707106 -0.707107
vn 0.000000 0.707106 -0.707107
vn 0.000000 0.707106 -0.707107
vn 0.000000 0.707106 -0.707107
vn 0.000000 0.453990 -0.891006
vn 0.000000 0.453990 -0.891006
vn 0.000000 0.453990 -0.891006
vn 0.000000 0.453990 -0.891006
vn 0.000000 0.156433 -0.987689
vn 0.000000 0.156433 -0.987689
vn 0.000000 0.156433 -0.987689
vn 0.000000 0.156433 -0.987689
vn 0.000000 -0.156434 -0.987688
vn 0.000000 -0.156434 -0.987688
vn 0.000000 -0.156434 -0.987688
vn 0.000000 -0.156434 -0.987688
vn 0.000000 -0.453990 -0.891006
vn 0.000000 -0.453990 -0.891006
vn 0.000000 -0.453990 -0.891006
vn 0.000000 -0.453990 -0.891006
vn 0.000000 -0.707110 -0.707103
vn 0.000000 -0.707110 -0.707103
vn 0.000000 -0.707110 -0.707103
vn 0.000000 -0.707110 -0.707103
vn 0.000000 -0.891004 -0.453995
vn 0.000000 -0.891004 -0.453995
vn 0.000000 -0.891004 -0.453995
vn 0.000000 -0.891004 -0.453995
vn 0.000000 -0.987689 -0.156432
vn 0.000000 -0.987689 -0.156432
vn 0.000000 -0.987689 -0.156432
vn 0.000000 -0.987689 -0.156432
vn 0.000000 -0.987689 0.156432
vn 0.000000 -0.987689 0.156432
vn 0.000000 -0.987689 0.156432
vn 0.000000 -0.987689 0.156432
vn 0.000000 -0.891004 0.453995
vn 0.000000 -0.891004 0.453995
vn 0.000000 -0.891004 0.453995
vn 0.000000 -0.891004 0.453995
vn 0.000000 -0.707110 0.707103
vn 0.000000 -0.707110 0.707103
vn 0.000000 -0.707110 0.707103
vn 0.000000 -0.707110 0.707103
vn 0.000000 -0.453990 0.891007
vn 0.000000 -0.453990 0.891007
vn 0.000000 -0.453990 0.891007
vn 0.000000 -0.453990 0.891007
vn 0.000000 -0.156435 0.987688
vn 0.000000 -0.156435 0.987688
vn 0.000000 -0.156435 0.987688
vn 0.000000 -0.156435 0.987688
vn 0.000000 0.156435 0.987688
vn 0.000000 0.156435 0.987688
vn 0.000000 0.156435 0.987688
vn 0.000000 0.156435 0.987688
vn 0.000000 0.453990 0.891007
vn 0.000000 0.453990 0.891007
vn 0.000000 0.453990 0.891007
vn 0.000000 0.453990 0.891007
vn 0.000000 0.707106 0.707107
vn 0.000000 0.707106 0.707107
vn 0.000000 0.707106 0.707107
vn 0.000000 0.707106 0.707107
vn 0.000000 0.891006 0.453992
vn 0.000000 0.891006 0.453992
vn 0.000000 0.891006 0.453992
vn 0.000000 0.891006 0.453992
vn 0.000000 0.987689 0.156432
vn 0.000000 0.987689 0.156432
vn 0.000000 0.987689 0.156432
vn 0.000000 0.987689 0.156432
vn 0.000000 0.987689 -0.156432
vn 0.000000 0.987689 -0.156432
vn 0.000000 0.987689 -0.156432
vn 0.000000 0.987689 -0.156432
vn 0.840834 0.482299 -0.245735
vn 0.840834 0.482299 -0.245735
vn 0.840834 0.482299 -0.245735
vn 0.840834 0.482299 -0.245735
vn 0.840826 0.534641 -0.084678
vn 0.840826 0.534641 -0.084678
vn 0.840826 0.534641 -0.084678
vn 0.840826 0.534641 -0.084678
vn 0.840834 0.382732 -0.382771
vn 0.840834 0.382732 -0.382771
vn 0.840834 0.382732 -0.382771
vn 0.840834 0.382732 -0.382771
vn 0.840835 0.245723 -0.482304
vn 0.840835 0.245723 -0.482304
vn 0.840835 0.245723 -0.482304
vn 0.840835 0.245723 -0.482304
vn 0.840845 0.084677 -0.534611
vn 0.840845 0.084677 -0.534611
vn 0.840845 0.084677 -0.534611
vn 0.840845 0.084677 -0.534611
vn 0.840845 -0.084677 -0.534611
vn 0.840845 -0.084677 -0.534611
vn 0.840845 -0.084677 -0.534611
vn 0.840845 -0.084677 -0.534611
vn 0.840828 -0.245729 -0.482313
vn 0.840828 -0.245729 -0.482314
vn 0.840827 -0.245729 -0.482314
vn 0.840828 -0.245729 -0.482314
vn 0.840808 -0.382762 -0.382799
vn 0.840808 -0.382762 -0.382799
vn 0.840808 -0.382762 -0.382799
vn 0.840808 -0.382762 -0.382799
vn 0.840781 -0.482373 -0.245772
vn 0.840781 -0.482373 -0.245772
vn 0.840781 -0.482373 -0.245772
vn 0.840781 -0.482373 -0.245772
vn 0.840827 -0.534639 -0.084681
vn 0.840827 -0.534639 -0.084681
vn 0.840827 -0.534639 -0.084681
vn 0.840827 -0.534639 -0.084681
vn 0.840825 -0.534642 0.084681
vn 0.840825 -0.534642 0.084681
vn 0.840825 -0.534642 0.084681
vn 0.840825 -0.534642 0.084681
vn 0.840781 -0.482373 0.245772
vn 0.840781 -0.482373 0.245772
vn 0.840781 -0.482373 0.245772
vn 0.840781 -0.482373 0.245772
vn 0.840797 -0.382795 0.382791
vn 0.840797 -0.382795 0.382791
vn 0.840797 -0.382795 0.382791
vn 0.840797 -0.382795 0.382791
vn 0.840804 -0.245761 0.482337
vn 0.840804 -0.245761 0.482337
vn 0.840804 -0.245761 0.482337
vn 0.840804 -0.245761 0.482337
vn 0.840813 -0.084675 0.534661
vn 0.840814 -0.084675 0.534662
vn 0.840814 -0.084675 0.534661
vn 0.840814 -0.084675 0.534661
vn 0.840815 0.084684 0.534658
vn 0.840815 0.084684 0.534658
vn 0.840815 0.084684 0.534658
vn 0.840815 0.084684 0.534658
vn 0.840816 0.245754 0.482321
vn 0.840816 0.245754 0.482321
vn 0.840816 0.245754 0.482321
vn 0.840816 0.245754 0.482321
vn 0.840841 0.382724 0.382764
vn 0.840841 0.382724 0.382764
vn 0.840841 0.382724 0.382764
vn 0.840841 0.382724 0.382764
vn 0.840830 0.482304 0.245737
vn 0.840830 0.482304 0.245737
vn 0.840830 0.482304 0.245737
vn 0.840830 0.482304 0.245737
vn 0.840825 0.534642 0.084679
vn 0.840825 0.534642 0.084679
vn 0.840825 0.534642 0.084679
vn 0.840825 0.534642 0.084679
vn -0.840845 0.534612 -0.084670
vn -0.840845 0.534612 -0.084670
vn -0.840845 0.534612 -0.084670
vn -0.840845 0.534612 -0.084670
vn -0.840872 0.482239 -0.245723
vn -0.840872 0.482239 -0.245723
vn -0.840872 0.482239 -0.245723
vn -0.840872 0.482239 -0.245723
vn -0.840847 0.382738 -0.382738
vn -0.840847 0.382738 -0.382738
vn -0.840847 0.382738 -0.382738
vn -0.840847 0.382738 -0.382738
vn -0.840853 0.245729 -0.482269
vn -0.840853 0.245729 -0.482269
vn -0.840853 0.245729 -0.482269
vn -0.840853 0.245729 -0.482269
vn -0.840869 0.084659 -0.534577
vn -0.840869 0.084659 -0.534577
vn -0.840869 0.084659 -0.534577
vn -0.840869 0.084659 -0.534577
vn -0.840870 -0.084659 -0.534575
vn -0.840870 -0.084659 -0.534575
vn -0.840870 -0.084659 -0.534575
vn -0.840870 -0.084659 -0.534575
vn -0.840846 -0.245734 -0.482278
vn -0.840846 -0.245734 -0.482278
vn -0.840846 -0.245734 -0.482278
vn -0.840846 -0.245734 -0.482278
vn -0.840820 -0.382767 -0.382766
vn -0.840820 -0.382767 -0.382766
vn -0.840820 -0.382767 -0.382766
vn -0.840821 -0.382767 -0.382766
vn -0.840819 -0.482313 -0.245761
vn -0.840819 -0.482313 -0.245761
vn -0.840819 -0.482313 -0.245760
vn -0.840819 -0.482313 -0.245761
vn -0.840846 -0.534611 -0.084675
vn -0.840846 -0.534610 -0.084675
vn -0.840846 -0.534610 -0.084675
vn -0.840846 -0.534611 -0.084675
vn -0.840844 -0.534613 0.084675
vn -0.840844 -0.534613 0.084675
vn -0.840844 -0.534613 0.084675
vn -0.840844 -0.534613 0.084675
vn -0.840819 -0.482313 0.245760
vn -0.840819 -0.482313 0.245760
vn -0.840819 -0.482313 0.245760
vn -0.840819 -0.482313 0.245760
vn -0.840822 -0.382765 0.382764
vn -0.840822 -0.382765 0.382764
vn -0.840822 -0.382765 0.382764
vn -0.840822 -0.382765 0.382764
vn -0.840827 -0.245748 0.482305
vn -0.840827 -0.245748 0.482305
vn -0.840827 -0.245748 0.482305
vn -0.840827 -0.245748 0.482305
vn -0.840837 -0.084677 0.534624
vn -0.840837 -0.084677 0.534624
vn -0.840837 -0.084677 0.534624
vn -0.840837 -0.084677 0.534624
vn -0.840839 0.084677 0.534621
vn -0.840839 0.084677 0.534621
vn -0.840839 0.084677 0.534621
vn -0.840839 0.084677 0.534621
vn -0.840838 0.245740 0.482290
vn -0.840838 0.245740 0.482290
vn -0.840838 0.245740 0.482290
vn -0.840838 0.245740 0.482290
vn -0.840840 0.382764 0.382726
vn -0.840840 0.382764 0.382726
vn -0.840840 0.382764 0.382726
vn -0.840840 0.382764 0.382726
vn -0.840868 0.482245 0.245726
vn -0.840868 0.482245 0.245726
vn -0.840868 0.482245 0.245726
vn -0.840868 0.482245 0.245726
vn -0.840844 0.534614 0.084670
vn -0.840844 0.534614 0.084670
vn -0.840844 0.534614 0.084670
vn -0.840844 0.534614 0.084670
vn 0.000000 0.891006 -0.453991
vn 0.000000 0.891006 -0.453991
vn 0.000000 0.891006 -0.453991
vn 0.000000 0.891006 -0.453991
vn 0.000000 0.707106 -0.707108
vn 0.000000 0.707106 -0.707108
vn 0.000000 0.707106 -0.707108
vn 0.000000 0.707106 -0.707108
vn 0.000000 0.453991 -0.891006
vn 0.000000 0.453991 -0.891006
vn 0.000000 0.453991 -0.891006
vn 0.000000 0.453991 -0.891006
vn 0.000000 0.156433 -0.987688
vn 0.000000 0.156433 -0.987688
vn 0.000000 0.156433 -0.987688
vn 0.000000 0.156433 -0.987688
vn 0.000000 -0.156434 -0.987688
vn 0.000000 -0.156434 -0.987688
vn 0.000000 -0.156434 -0.987688
vn 0.000000 -0.156434 -0.987688
vn 0.000000 -0.453991 -0.891006
vn 0.000000 -0.453991 -0.891006
vn 0.000000 -0.453991 -0.891006
vn 0.000000 -0.453991 -0.891006
vn 0.000000 -0.707110 -0.707104
vn 0.000000 -0.707110 -0.707104
vn 0.000000 -0.707110 -0.707104
vn 0.000000 -0.707110 -0.707104
vn 0.000000 -0.891006 -0.453991
vn 0.000000 -0.891006 -0.453991
vn 0.000000 -0.891006 -0.453991
vn 0.000000 -0.891006 -0.453991
vn 0.000000 -0.987688 -0.156435
vn 0.000000 -0.987688 -0.156435
vn 0.000000 -0.987688 -0.156435
vn 0.000000 -0.987688 -0.156435
vn 0.000000 -0.987688 0.156435
vn 0.000000 -0.987688 0.156435
vn 0.000000 -0.987688 0.156435
vn 0.000000 -0.987688 0.156435
vn 0.000000 -0.891006 0.453991
vn 0.000000 -0.891006 0.453991
vn 0.000000 -0.891006 0.453991
vn 0.000000 -0.891006 0.453991
vn 0.000000 -0.707110 0.707104
vn 0.000000 -0.707110 0.707104
vn 0.000000 -0.707110 0.707104
vn 0.000000 -0.707110 0.707104
vn 0.000000 -0.453990 0.891007
vn 0.000000 -0.453990 0.891007
vn 0.000000 -0.453990 0.891007
vn 0.000000 -0.453990 0.891007
vn 0.000000 -0.156435 0.987688
vn 0.000000 -0.156435 0.987688
vn 0.000000 -0.156435 0.987688
vn 0.000000 -0.156435 0.987688
vn 0.000000 0.156435 0.987688
vn 0.000000 0.156435 0.987688
vn 0.000000 0.156435 0.987688
vn 0.000000 0.156435 0.987688
vn 0.000000 0.453990 0.891007
vn 0.000000 0.453990 0.891007
vn 0.000000 0.453990 0.891007
vn 0.000000 0.453990 0.891007
vn 0.000000 0.707106 0.707108
vn 0.000000 0.707106 0.707108
vn 0.000000 0.707106 0.707108
vn 0.000000 0.707106 0.707108
vn 0.000000 0.891005 0.453994
vn 0.000000 0.891005 0.453994
vn 0.000000 0.891005 0.453994
vn 0.000000 0.891005 0.453994
vn 0.000000 0.987689 0.156427
vn 0.000000 0.987689 0.156427
vn 0.000000 0.987689 0.156427
vn 0.000000 0.987689 0.156427
vn 0.000000 0.987689 -0.156427
vn 0.000000 0.987689 -0.156427
vn 0.000000 0.987689 -0.156427
vn 0.000000 0.987689 -0.156427
vn 0.000000 0.891005 -0.453993
vn 0.000000 0.891005 -0.453993
vn 0.000000 0.891005 -0.453993
vn 0.000000 0.891005 -0.453993
vn 0.000000 0.707107 -0.707107
vn 0.000000 0.707107 -0.707107
vn 0.000000 0.707107 -0.707107
vn 0.000000 0.707107 -0.707107
vn 0.000000 0.453991 -0.891006
vn 0.000000 0.453991 -0.891006
vn 0.000000 0.453991 -0.891006
vn 0.000000 0.453991 -0.891006
vn 0.000000 0.156434 -0.987688
vn 0.000000 0.156434 -0.987688
vn 0.000000 0.156434 -0.987688
vn 0.000000 0.156434 -0.987688
vn 0.000000 -0.156435 -0.987688
vn 0.000000 -0.156435 -0.987688
vn 0.000000 -0.156435 -0.987688
vn 0.000000 -0.156435 -0.987688
vn 0.000000 -0.453990 -0.891007
vn 0.000000 -0.453990 -0.891007
vn 0.000000 -0.453990 -0.891007
vn 0.000000 -0.453990 -0.891007
vn 0.000000 -0.707111 -0.707103
vn 0.000000 -0.707111 -0.707103
vn 0.000000 -0.707111 -0.707103
vn 0.000000 -0.707111 -0.707103
vn 0.000000 -0.891005 -0.453993
vn 0.000000 -0.891005 -0.453993
vn 0.000000 -0.891005 -0.453993
vn 0.000000 -0.891005 -0.453993
vn 0.000000 -0.987688 -0.156435
vn 0.000000 -0.987688 -0.156435
vn 0.000000 -0.987688 -0.156435
vn 0.000000 -0.987688 -0.156435
vn 0.000000 -0.987688 0.156435
vn 0.000000 -0.987688 0.156435
vn 0.000000 -0.987688 0.156435
vn 0.000000 -0.987688 0.156435
vn 0.000000 -0.891005 0.453993
vn 0.000000 -0.891005 0.453993
vn 0.000000 -0.891005 0.453993
vn 0.000000 -0.891005 0.453993
vn 0.000000 -0.707110 0.707104
vn 0.000000 -0.707110 0.707104
vn 0.000000 -0.707110 0.707104
vn 0.000000 -0.707110 0.707104
vn 0.000000 -0.453989 0.891007
vn 0.000000 -0.453989 0.891007
vn 0.000000 -0.453989 0.891007
vn 0.000000 -0.453989 0.891007
vn 0.000000 -0.156436 0.987688
vn 0.000000 -0.156436 0.987688
vn 0.000000 -0.156436 0.987688
vn 0.000000 -0.156436 0.987688
vn 0.000000 0.156435 0.987688
vn 0.000000 0.156435 0.987688
vn 0.000000 0.156435 0.987688
vn 0.000000 0.156435 0.987688
vn 0.000000 0.453989 0.891007
vn 0.000000 0.453989 0.891007
vn 0.000000 0.453989 0.891007
vn 0.000000 0.453989 0.891007
vn 0.000000 0.707106 0.707108
vn 0.000000 0.707106 0.707108
vn 0.000000 0.707106 0.707108
vn 0.000000 0.707106 0.707108
vn 0.000000 0.891005 0.453993
vn 0.000000 0.891005 0.453993
vn 0.000000 0.891005 0.453993
vn 0.000000 0.891005 0.453993
vn 0.000000 0.987690 0.156427
vn 0.000000 0.987690 0.156427
vn 0.000000 0.987690 0.156427
vn 0.000000 0.987690 0.156427
vn 0.000000 0.987690 -0.156427
vn 0.000000 0.987690 -0.156427
vn 0.000000 0.987690 -0.156427
vn 0.000000 0.987690 -0.156427
vn -0.940465 0.302842 -0.154310
vn -0.940465 0.302842 -0.154310
vn -0.940465 0.302842 -0.154310
vn -0.940465 0.302842 -0.154310
vn -0.940466 0.335702 -0.053174
vn -0.940466 0.335702 -0.053174
vn -0.940466 0.335702 -0.053174
vn -0.940466 0.335702 -0.053174
vn -0.940468 0.240335 -0.240329
vn -0.940468 0.240335 -0.240329
vn -0.940468 0.240335 -0.240329
vn -0.940468 0.240335 -0.240329
vn -0.940466 0.154308 -0.302840
vn -0.940466 0.154308 -0.302840
vn -0.940466 0.154308 -0.302840
vn -0.940466 0.154308 -0.302840
vn -0.940467 0.053166 -0.335700
vn -0.940467 0.053166 -0.335700
vn -0.940467 0.053166 -0.335700
vn -0.940467 0.053166 -0.335700
vn -0.940468 -0.053170 -0.335698
vn -0.940468 -0.053170 -0.335698
vn -0.940468 -0.053170 -0.335698
vn -0.940468 -0.053170 -0.335698
vn -0.940466 -0.154308 -0.302841
vn -0.940466 -0.154308 -0.302841
vn -0.940466 -0.154308 -0.302841
vn -0.940466 -0.154308 -0.302841
vn -0.940471 -0.240323 -0.240331
vn -0.940471 -0.240323 -0.240331
vn -0.940471 -0.240323 -0.240331
vn -0.940471 -0.240323 -0.240331
vn -0.940470 -0.302831 -0.154306
vn -0.940470 -0.302831 -0.154306
vn -0.940470 -0.302831 -0.154306
vn -0.940470 -0.302831 -0.154306
vn -0.940466 -0.335702 -0.053173
vn -0.940466 -0.335702 -0.053173
vn -0.940466 -0.335702 -0.053173
vn -0.940466 -0.335702 -0.053173
vn -0.940466 -0.335703 0.053173
vn -0.940466 -0.335703 0.053173
vn -0.940466 -0.335703 0.053173
vn -0.940466 -0.335703 0.053173
vn -0.940470 -0.302830 0.154306
vn -0.940470 -0.302831 0.154306
vn -0.940470 -0.302830 0.154306
vn -0.940470 -0.302831 0.154306
vn -0.940472 -0.240321 0.240329
vn -0.940472 -0.240321 0.240329
vn -0.940472 -0.240321 0.240329
vn -0.940472 -0.240321 0.240329
vn -0.940466 -0.154308 0.302841
vn -0.940466 -0.154308 0.302841
vn -0.940466 -0.154308 0.302841
vn -0.940466 -0.154308 0.302841
vn -0.940466 -0.053171 0.335703
vn -0.940466 -0.053171 0.335703
vn -0.940466 -0.053171 0.335703
vn -0.940466 -0.053171 0.335703
vn -0.940468 0.053174 0.335698
vn -0.940468 0.053174 0.335698
vn -0.940468 0.053174 0.335698
vn -0.940468 0.053174 0.335698
vn -0.940471 0.154290 0.302835
vn -0.940471 0.154290 0.302835
vn -0.940471 0.154290 0.302835
vn -0.940471 0.154290 0.302835
vn -0.940468 0.240327 0.240339
vn -0.940468 0.240327 0.240339
vn -0.940468 0.240327 0.240339
vn -0.940468 0.240327 0.240339
vn -0.940461 0.302852 0.154315
vn -0.940462 0.302852 0.154315
vn -0.940461 0.302852 0.154315
vn -0.940461 0.302852 0.154315
vn -0.940466 0.335703 0.053174
vn -0.940466 0.335703 0.053174
vn -0.940466 0.335703 0.053174
vn -0.940466 0.335703 0.053174
vn 0.940466 0.335703 -0.053174
vn 0.940466 0.335703 -0.053174
vn 0.940466 0.335703 -0.053174
vn 0.940466 0.335703 -0.053174
vn 0.940456 0.302872 -0.154308
vn 0.940456 0.302872 -0.154308
vn 0.940456 0.302872 -0.154308
vn 0.940456 0.302872 -0.154308
vn 0.940468 0.240335 -0.240329
vn 0.940468 0.240335 -0.240329
vn 0.940468 0.240335 -0.240329
vn 0.940468 0.240335 -0.240329
vn 0.940466 0.154308 -0.302840
vn 0.940466 0.154308 -0.302840
vn 0.940466 0.154308 -0.302840
vn 0.940466 0.154308 -0.302840
vn 0.940467 0.053170 -0.335700
vn 0.940467 0.053170 -0.335700
vn 0.940467 0.053170 -0.335700
vn 0.940467 0.053170 -0.335700
vn 0.940468 -0.053170 -0.335698
vn 0.940468 -0.053170 -0.335698
vn 0.940468 -0.053170 -0.335698
vn 0.940468 -0.053170 -0.335698
vn 0.940466 -0.154308 -0.302841
vn 0.940466 -0.154308 -0.302841
vn 0.940466 -0.154308 -0.302841
vn 0.940466 -0.154308 -0.302841
vn 0.940471 -0.240323 -0.240331
vn 0.940471 -0.240323 -0.240331
vn 0.940471 -0.240323 -0.240331
vn 0.940471 -0.240323 -0.240331
vn 0.940461 -0.302860 -0.154304
vn 0.940461 -0.302860 -0.154304
vn 0.940461 -0.302860 -0.154304
vn 0.940461 -0.302860 -0.154304
vn 0.940466 -0.335703 -0.053173
vn 0.940466 -0.335703 -0.053173
vn 0.940466 -0.335703 -0.053173
vn 0.940466 -0.335703 -0.053173
vn 0.940466 -0.335703 0.053173
vn 0.940466 -0.335703 0.053173
vn 0.940466 -0.335703 0.053173
vn 0.940466 -0.335703 0.053173
vn 0.940460 -0.302861 0.154305
vn 0.940460 -0.302861 0.154305
vn 0.940460 -0.302861 0.154305
vn 0.940460 -0.302861 0.154305
vn 0.940472 -0.240321 0.240329
vn 0.940472 -0.240321 0.240329
vn 0.940472 -0.240321 0.240329
vn 0.940472 -0.240321 0.240329
vn 0.940466 -0.154308 0.302841
vn 0.940466 -0.154308 0.302841
vn 0.940466 -0.154308 0.302841
vn 0.940466 -0.154308 0.302841
vn 0.940466 -0.053171 0.335703
vn 0.940466 -0.053171 0.335703
vn 0.940466 -0.053171 0.335703
vn 0.940466 -0.053171 0.335703
vn 0.940468 0.053166 0.335698
vn 0.940468 0.053166 0.335698
vn 0.940468 0.053166 0.335698
vn 0.940468 0.053166 0.335698
vn 0.940469 0.154305 0.302834
vn 0.940469 0.154305 0.302834
vn 0.940469 0.154305 0.302834
vn 0.940469 0.154305 0.302834
vn 0.940468 0.240327 0.240339
vn 0.940468 0.240327 0.240339
vn 0.940468 0.240327 0.240339
vn 0.940468 0.240327 0.240339
vn 0.940452 0.302882 0.154313
vn 0.940452 0.302882 0.154313
vn 0.940452 0.302882 0.154313
vn 0.940452 0.302882 0.154313
vn 0.940466 0.335703 0.053174
vn 0.940466 0.335703 0.053174
vn 0.940466 0.335703 0.053174
vn 0.940466 0.335703 0.053174
vn 1.000000 0.000000 0.000000
vn 1.000000 0.000000 0.000000
vn 1.000000 0.000000 0.000000
vn 1.000000 0.000000 0.000000
vn 1.000000 0.000000 0.000000
vn 1.000000 0.000000 0.000000
vn 1.000000 0.000000 0.000000
vn 1.000000 0.000000 0.000000
vn 1.000000 0.000000 0.000000
vn 1.000000 -0.000004 0.000000
vn 1.000000 -0.000004 0.000000
vn 1.000000 -0.000004 0.000000
vn 1.000000 0.000004 0.000000
vn 1.000000 0.000004 0.000000
vn 1.000000 0.000004 0.000000
vn 1.000000 -0.000002 0.000000
vn 1.000000 -0.000002 0.000000
vn 1.000000 -0.000002 0.000000
vn 1.000000 0.000000 0.000000
vn 1.000000 0.000000 0.000000
vn 1.000000 0.000000 0.000000
vn 1.000000 0.000000 0.000000
vn 1.000000 0.000000 0.000000
vn 1.000000 0.000000 0.000000
vn 1.000000 0.000000 0.000000
vn 1.000000 0.000000 0.000000
vn 1.000000 0.000000 0.000000
vn 1.000000 0.000000 0.000000
vn 1.000000 0.000000 0.000000
vn 1.000000 0.000000 0.000000
vn 1.000000 0.000000 0.000000
vn 1.000000 0.000000 0.000000
vn 1.000000 0.000000 0.000000
vn 1.000000 0.000000 0.000000
vn 1.000000 0.000000 0.000000
vn 1.000000 0.000000 0.000000
vn 1.000000 0.000000 0.000000
vn 1.000000 0.000000 0.000000
vn 1.000000 0.000000 0.000000
vn 1.000000 0.000000 0.000000
vn 1.000000 0.000000 0.000000
vn 1.000000 0.000000 0.000000
vn 1.000000 0.000000 0.000000
vn 1.000000 0.000000 0.000000
vn 1.000000 0.000000 0.000000
vn 1.000000 -0.000002 0.000000
vn 1.000000 -0.000002 0.000000
vn 1.000000 -0.000002 0.000000
vn 1.000000 0.000000 0.000000
vn 1.000000 0.000000 0.000000
vn 1.000000 0.000000 0.000000
vn 1.000000 0.000000 0.000000
vn 1.000000 0.000000 0.000000
vn 1.000000 0.000000 0.000000
vn 1.000000 0.000000 0.000000
vn 1.000000 0.000000 0.000000
vn 1.000000 0.000000 0.000000
vn 1.000000 0.000000 0.000000
vn 1.000000 0.000000 0.000000
vn 1.000000 0.000000 0.000000
vn -1.000000 0.000001 0.000000
vn -1.000000 0.000001 0.000000
vn -1.000000 0.000001 0.000000
vn -1.000000 -0.000002 0.000000
vn -1.000000 -0.000002 0.000000
vn -1.000000 -0.000002 0.000000
vn -1.000000 0.000000 0.000000
vn -1.000000 0.000000 0.000000
vn -1.000000 0.000000 0.000000
vn -1.000000 0.000000 0.000000
vn -1.000000 0.000000 0.000000
vn -1.000000 0.000000 0.000000
vn -1.000000 0.000000 0.000000
vn -1.000000 0.000000 0.000000
vn -1.000000 0.000000 0.000000
vn -1.000000 0.000000 0.000000
vn -1.000000 0.000000 0.000000
vn -1.000000 0.000000 0.000000
vn -1.000000 0.000002 0.000000
vn -1.000000 0.000002 0.000000
vn -1.000000 0.000002 0.000000
vn -1.000000 0.000000 0.000000
vn -1.000000 0.000000 0.000000
vn -1.000000 0.000000 0.000000
vn -1.000000 0.000000 0.000000
vn -1.000000 0.000000 0.000000
vn -1.000000 0.000000 0.000000
vn -1.000000 0.000000 0.000000
vn -1.000000 0.000000 0.000000
vn -1.000000 0.000000 0.000000
vn -1.000000 -0.000001 0.000000
vn -1.000000 -0.000001 0.000000
vn -1.000000 -0.000001 0.000000
vn -1.000000 0.000000 0.000000
vn -1.000000 0.000000 0.000000
vn -1.000000 0.000000 0.000000
vn -1.000000 0.000000 0.000000
vn -1.000000 0.000000 0.000000
vn -1.000000 0.000000 0.000000
vn -1.000000 0.000000 0.000000
vn -1.000000 0.000000 0.000000
vn -1.000000 0.000000 0.000000
vn -1.000000 -0.000004 0.000000
vn -1.000000 -0.000004 0.000000
vn -1.000000 -0.000004 0.000000
vn -1.000000 0.000000 0.000000
vn -1.000000 0.000000 0.000000
vn -1.000000 0.000000 0.000000
vn -1.000000 0.000000 0.000000
vn -1.000000 0.000000 0.000000
vn -1.000000 0.000000 0.000000
vn -1.000000 0.000002 0.000000
vn -1.000000 0.000002 0.000000
vn -1.000000 0.000002 0.000000
vn -1.000000 0.000000 0.000000
vn -1.000000 0.000000 0.000000
vn -1.000000 0.000000 0.000000
vn -1.000000 0.000000 0.000000
vn -1.000000 0.000000 0.000000
vn -1.000000 0.000000 0.000000
vn -0.796664 0.538546 -0.274398
vn -0.796664 0.538546 -0.274398
vn -0.796664 0.538546 -0.274398
vn -0.796664 0.538546 -0.274398
vn -0.796664 0.427391 -0.427392
vn -0.796664 0.427391 -0.427392
vn -0.796664 0.427391 -0.427392
vn -0.796664 0.427391 -0.427392
vn -0.796664 0.274402 -0.538545
vn -0.796664 0.274402 -0.538544
vn -0.796664 0.274402 -0.538544
vn -0.796664 0.274402 -0.538545
vn -0.796664 0.094552 -0.596981
vn -0.796664 0.094552 -0.596981
vn -0.796664 0.094552 -0.596981
vn -0.796664 0.094552 -0.596981
vn -0.796662 -0.094552 -0.596983
vn -0.796662 -0.094552 -0.596983
vn -0.796662 -0.094552 -0.596983
vn -0.796662 -0.094552 -0.596983
vn -0.796666 -0.274402 -0.538541
vn -0.796666 -0.274403 -0.538541
vn -0.796666 -0.274402 -0.538541
vn -0.796666 -0.274402 -0.538541
vn -0.796665 -0.427391 -0.427390
vn -0.796665 -0.427391 -0.427390
vn -0.796665 -0.427391 -0.427390
vn -0.796665 -0.427391 -0.427390
vn -0.796665 -0.538542 -0.274404
vn -0.796665 -0.538542 -0.274404
vn -0.796665 -0.538542 -0.274404
vn -0.796665 -0.538542 -0.274404
vn -0.796664 -0.596982 -0.094551
vn -0.796664 -0.596982 -0.094551
vn -0.796664 -0.596981 -0.094551
vn -0.796664 -0.596981 -0.094551
vn -0.796664 -0.596981 0.094551
vn -0.796664 -0.596981 0.094551
vn -0.796664 -0.596981 0.094551
vn -0.796664 -0.596981 0.094551
vn -0.796664 -0.538543 0.274404
vn -0.796664 -0.538543 0.274404
vn -0.796664 -0.538543 0.274404
vn -0.796664 -0.538543 0.274404
vn -0.796665 -0.427391 0.427390
vn -0.796665 -0.427391 0.427390
vn -0.796665 -0.427391 0.427390
vn -0.796665 -0.427391 0.427390
vn -0.796666 -0.274404 0.538541
vn -0.796666 -0.274404 0.538541
vn -0.796666 -0.274404 0.538541
vn -0.796666 -0.274404 0.538541
vn -0.796663 -0.094551 0.596982
vn -0.796663 -0.094551 0.596982
vn -0.796663 -0.094551 0.596982
vn -0.796663 -0.094551 0.596982
vn -0.796664 0.094552 0.596981
vn -0.796664 0.094552 0.596981
vn -0.796664 0.094552 0.596981
vn -0.796664 0.094552 0.596981
vn -0.796665 0.274404 0.538542
vn -0.796665 0.274404 0.538542
vn -0.796665 0.274404 0.538542
vn -0.796665 0.274404 0.538542
vn -0.796663 0.427390 0.427394
vn -0.796663 0.427390 0.427394
vn -0.796663 0.427390 0.427394
vn -0.796663 0.427390 0.427394
vn -0.796664 0.538544 0.274400
vn -0.796664 0.538544 0.274400
vn -0.796664 0.538544 0.274400
vn -0.796664 0.538544 0.274400
vn -0.796664 0.596981 0.094554
vn -0.796664 0.596981 0.094554
vn -0.796664 0.596981 0.094554
vn -0.796664 0.596981 0.094554
vn -0.796663 0.596982 -0.094554
vn -0.796663 0.596982 -0.094554
vn -0.796663 0.596982 -0.094554
vn -0.796663 0.596982 -0.094554
vn 0.796665 0.538545 -0.274398
vn 0.796665 0.538545 -0.274398
vn 0.796665 0.538545 -0.274398
vn 0.796665 0.538545 -0.274398
vn 0.796664 0.427391 -0.427392
vn 0.796664 0.427391 -0.427392
vn 0.796664 0.427391 -0.427392
vn 0.796664 0.427391 -0.427392
vn 0.796664 0.274402 -0.538545
vn 0.796664 0.274402 -0.538545
vn 0.796664 0.274402 -0.538545
vn 0.796664 0.274402 -0.538545
vn 0.796664 0.094552 -0.596981
vn 0.796664 0.094552 -0.596981
vn 0.796664 0.094552 -0.596981
vn 0.796664 0.094552 -0.596981
vn 0.796662 -0.094552 -0.596983
vn 0.796662 -0.094552 -0.596983
vn 0.796662 -0.094552 -0.596983
vn 0.796662 -0.094552 -0.596983
vn 0.796666 -0.274403 -0.538541
vn 0.796666 -0.274402 -0.538541
vn 0.796666 -0.274403 -0.538542
vn 0.796666 -0.274403 -0.538542
vn 0.796665 -0.427392 -0.427390
vn 0.796665 -0.427392 -0.427390
vn 0.796665 -0.427391 -0.427390
vn 0.796665 -0.427392 -0.427390
vn 0.796665 -0.538542 -0.274404
vn 0.796665 -0.538542 -0.274404
vn 0.796665 -0.538542 -0.274404
vn 0.796665 -0.538542 -0.274404
vn 0.796664 -0.596982 -0.094551
vn 0.796664 -0.596982 -0.094551
vn 0.796664 -0.596981 -0.094551
vn 0.796664 -0.596981 -0.094551
vn 0.796664 -0.596981 0.094551
vn 0.796664 -0.596981 0.094551
vn 0.796664 -0.596981 0.094551
vn 0.796664 -0.596981 0.094551
vn 0.796664 -0.538543 0.274404
vn 0.796664 -0.538543 0.274404
vn 0.796664 -0.538543 0.274404
vn 0.796664 -0.538543 0.274404
vn 0.796665 -0.427391 0.427390
vn 0.796665 -0.427391 0.427390
vn 0.796665 -0.427391 0.427390
vn 0.796665 -0.427391 0.427390
vn 0.796666 -0.274402 0.538541
vn 0.796666 -0.274402 0.538541
vn 0.796666 -0.274402 0.538541
vn 0.796666 -0.274402 0.538541
vn 0.796663 -0.094552 0.596982
vn 0.796663 -0.094552 0.596982
vn 0.796663 -0.094552 0.596982
vn 0.796663 -0.094552 0.596982
vn 0.796664 0.094552 0.596981
vn 0.796664 0.094552 0.596981
vn 0.796664 0.094552 0.596981
vn 0.796664 0.094552 0.596981
vn 0.796665 0.274404 0.538542
vn 0.796665 0.274404 0.538542
vn 0.796665 0.274404 0.538542
vn 0.796665 0.274404 0.538542
vn 0.796663 0.427391 0.427394
vn 0.796663 0.427391 0.427394
vn 0.796663 0.427391 0.427394
vn 0.796663 0.427391 0.427394
vn 0.796664 0.538544 0.274400
vn 0.796664 0.538545 0.274401
vn 0.796664 0.538544 0.274400
vn 0.796664 0.538545 0.274401
vn 0.796663 0.596982 0.094554
vn 0.796663 0.596982 0.094554
vn 0.796663 0.596982 0.094554
vn 0.796663 0.596982 0.094554
vn 0.796663 0.596982 -0.094554
vn 0.796663 0.596982 -0.094554
vn 0.796663 0.596982 -0.094554
vn 0.796663 0.596982 -0.094554
s off
g ipadstand:part_hingeparts ipadstand3
usemtl initialShadingGroup
f 1/1/1 2/2/2 22/3/3 21/4/4
f 2/2/5 3/5/6 23/6/7 22/3/8
f 3/5/9 4/7/10 24/8/11 23/6/12
f 4/7/13 5/9/14 25/10/15 24/8/16
f 5/9/17 6/11/18 26/12/19 25/10/20
f 6/11/21 7/13/22 27/14/23 26/12/24
f 7/13/25 8/15/26 28/16/27 27/14/28
f 8/15/29 9/17/30 29/18/31 28/16/32
f 9/17/33 10/19/34 30/20/35 29/18/36
f 10/19/37 11/21/38 31/22/39 30/20/40
f 11/21/41 12/23/42 32/24/43 31/22/44
f 12/23/45 13/25/46 33/26/47 32/24/48
f 13/25/49 14/27/50 34/28/51 33/26/52
f 14/27/53 15/29/54 35/30/55 34/28/56
f 15/29/57 16/31/58 36/32/59 35/30/60
f 16/31/61 17/33/62 37/34/63 36/32/64
f 17/33/65 18/35/66 38/36/67 37/34/68
f 18/35/69 19/37/70 39/38/71 38/36/72
f 19/37/73 20/39/74 40/40/75 39/38/76
f 20/39/77 1/41/78 21/42/79 40/40/80
f 21/4/81 22/3/82 42/43/83 41/44/84
f 22/3/85 23/6/86 43/45/87 42/43/88
f 23/6/89 24/8/90 44/46/91 43/45/92
f 24/8/93 25/10/94 45/47/95 44/46/96
f 25/10/97 26/12/98 46/48/99 45/47/100
f 26/12/101 27/14/102 47/49/103 46/48/104
f 27/14/105 28/16/106 48/50/107 47/49/108
f 28/16/109 29/18/110 49/51/111 48/50/112
f 29/18/113 30/20/114 50/52/115 49/51/116
f 30/20/117 31/22/118 51/53/119 50/52/120
f 31/22/121 32/24/122 52/54/123 51/53/124
f 32/24/125 33/26/126 53/55/127 52/54/128
f 33/26/129 34/28/130 54/56/131 53/55/132
f 34/28/133 35/30/134 55/57/135 54/56/136
f 35/30/137 36/32/138 56/58/139 55/57/140
f 36/32/141 37/34/142 57/59/143 56/58/144
f 37/34/145 38/36/146 58/60/147 57/59/148
f 38/36/149 39/38/150 59/61/151 58/60/152
f 39/38/153 40/40/154 60/62/155 59/61/156
f 40/40/157 21/42/158 41/63/159 60/62/160
f 41/44/161 42/43/162 62/64/163 61/65/164
f 42/43/165 43/45/166 63/66/167 62/64/168
f 43/45/169 44/46/170 64/67/171 63/66/172
f 44/46/173 45/47/174 65/68/175 64/67/176
f 45/47/177 46/48/178 66/69/179 65/68/180
f 46/48/181 47/49/182 67/70/183 66/69/184
f 47/49/185 48/50/186 68/71/187 67/70/188
f 48/50/189 49/51/190 69/72/191 68/71/192
f 49/51/193 50/52/194 70/73/195 69/72/196
f 50/52/197 51/53/198 71/74/199 70/73/200
f 51/53/201 52/54/202 72/75/203 71/74/204
f 52/54/205 53/55/206 73/76/207 72/75/208
f 53/55/209 54/56/210 74/77/211 73/76/212
f 54/56/213 55/57/214 75/78/215 74/77/216
f 55/57/217 56/58/218 76/79/219 75/78/220
f 56/58/221 57/59/222 77/80/223 76/79/224
f 57/59/225 58/60/226 78/81/227 77/80/228
f 58/60/229 59/61/230 79/82/231 78/81/232
f 59/61/233 60/62/234 80/83/235 79/82/236
f 60/62/237 41/63/238 61/84/239 80/83/240
f 61/65/241 62/64/242 82/85/243 81/86/244
f 62/64/245 63/66/246 83/87/247 82/85/248
f 63/66/249 64/67/250 84/88/251 83/87/252
f 64/67/253 65/68/254 85/89/255 84/88/256
f 65/68/257 66/69/258 86/90/259 85/89/260
f 66/69/261 67/70/262 87/91/263 86/90/264
f 67/70/265 68/71/266 88/92/267 87/91/268
f 68/71/269 69/72/270 89/93/271 88/92/272
f 69/72/273 70/73/274 90/94/275 89/93/276
f 70/73/277 71/74/278 91/95/279 90/94/280
f 71/74/281 72/75/282 92/96/283 91/95/284
f 72/75/285 73/76/286 93/97/287 92/96/288
f 73/76/289 74/77/290 94/98/291 93/97/292
f 74/77/293 75/78/294 95/99/295 94/98/296
f 75/78/297 76/79/298 96/100/299 95/99/300
f 76/79/301 77/80/302 97/101/303 96/100/304
f 77/80/305 78/81/306 98/102/307 97/101/308
f 78/81/309 79/82/310 99/103/311 98/102/312
f 79/82/313 80/83/314 100/104/315 99/103/316
f 80/83/317 61/84/318 81/105/319 100/104/320
f 81/86/321 82/85/322 102/106/323 101/107/324
f 82/85/325 83/87/326 103/108/327 102/106/328
f 83/87/329 84/88/330 104/109/331 103/108/332
f 84/88/333 85/89/334 105/110/335 104/109/336
f 85/89/337 86/90/338 106/111/339 105/110/340
f 86/90/341 87/91/342 107/112/343 106/111/344
f 87/91/345 88/92/346 108/113/347 107/112/348
f 88/92/349 89/93/350 109/114/351 108/113/352
f 89/93/353 90/94/354 110/115/355 109/114/356
f 90/94/357 91/95/358 111/116/359 110/115/360
f 91/95/361 92/96/362 112/117/363 111/116/364
f 92/96/365 93/97/366 113/118/367 112/117/368
f 93/97/369 94/98/370 114/119/371 113/118/372
f 94/98/373 95/99/374 115/120/375 114/119/376
f 95/99/377 96/100/378 116/121/379 115/120/380
f 96/100/381 97/101/382 117/122/383 116/121/384
f 97/101/385 98/102/386 118/123/387 117/122/388
f 98/102/389 99/103/390 119/124/391 118/123/392
f 99/103/393 100/104/394 120/125/395 119/124/396
f 100/104/397 81/105/398 101/126/399 120/125/400
f 101/107/401 102/106/402 122/127/403 121/128/404
f 102/106/405 103/108/406 123/129/407 122/127/408
f 103/108/409 104/109/410 124/130/411 123/129/412
f 104/109/413 105/110/414 125/131/415 124/130/416
f 105/110/417 106/111/418 126/132/419 125/131/420
f 106/111/421 107/112/422 127/133/423 126/132/424
f 107/112/425 108/113/426 128/134/427 127/133/428
f 108/113/429 109/114/430 129/135/431 128/134/432
f 109/114/433 110/115/434 130/136/435 129/135/436
f 110/115/437 111/116/438 131/137/439 130/136/440
f 111/116/441 112/117/442 132/138/443 131/137/444
f 112/117/445 113/118/446 133/139/447 132/138/448
f 113/118/449 114/119/450 134/140/451 133/139/452
f 114/119/453 115/120/454 135/141/455 134/140/456
f 115/120/457 116/121/458 136/142/459 135/141/460
f 116/121/461 117/122/462 137/143/463 136/142/464
f 117/122/465 118/123/466 138/144/467 137/143/468
f 118/123/469 119/124/470 139/145/471 138/144/472
f 119/124/473 120/125/474 140/146/475 139/145/476
f 120/125/477 101/126/478 121/147/479 140/146/480
f 121/128/481 122/127/482 142/148/483 141/149/484
f 122/127/485 123/129/486 143/150/487 142/148/488
f 123/129/489 124/130/490 144/151/491 143/150/492
f 124/130/493 125/131/494 145/152/495 144/151/496
f 125/131/497 126/132/498 146/153/499 145/152/500
f 126/132/501 127/133/502 147/154/503 146/153/504
f 127/133/505 128/134/506 148/155/507 147/154/508
f 128/134/509 129/135/510 149/156/511 148/155/512
f 129/135/513 130/136/514 150/157/515 149/156/516
f 130/136/517 131/137/518 151/158/519 150/157/520
f 131/137/521 132/138/522 152/159/523 151/158/524
f 132/138/525 133/139/526 153/160/527 152/159/528
f 133/139/529 134/140/530 154/161/531 153/160/532
f 134/140/533 135/141/534 155/162/535 154/161/536
f 135/141/537 136/142/538 156/163/539 155/162/540
f 136/142/541 137/143/542 157/164/543 156/163/544
f 137/143/545 138/144/546 158/165/547 157/164/548
f 138/144/549 139/145/550 159/166/551 158/165/552
f 139/145/553 140/146/554 160/167/555 159/166/556
f 140/146/557 121/147/558 141/168/559 160/167/560
f 141/149/561 142/148/562 162/169/563 161/170/564
f 142/148/565 143/150/566 163/171/567 162/169/568
f 143/150/569 144/151/570 164/172/571 163/171/572
f 144/151/573 145/152/574 165/173/575 164/172/576
f 145/152/577 146/153/578 166/174/579 165/173/580
f 146/153/581 147/154/582 167/175/583 166/174/584
f 147/154/585 148/155/586 168/176/587 167/175/588
f 148/155/589 149/156/590 169/177/591 168/176/592
f 149/156/593 150/157/594 170/178/595 169/177/596
f 150/157/597 151/158/598 171/179/599 170/178/600
f 151/158/601 152/159/602 172/180/603 171/179/604
f 152/159/605 153/160/606 173/181/607 172/180/608
f 153/160/609 154/161/610 174/182/611 173/181/612
f 154/161/613 155/162/614 175/183/615 174/182/616
f 155/162/617 156/163/618 176/184/619 175/183/620
f 156/163/621 157/164/622 177/185/623 176/184/624
f 157/164/625 158/165/626 178/186/627 177/185/628
f 158/165/629 159/166/630 179/187/631 178/186/632
f 159/166/633 160/167/634 180/188/635 179/187/636
f 160/167/637 141/168/638 161/189/639 180/188/640
f 161/170/641 162/169/642 182/190/643 181/191/644
f 162/169/645 163/171/646 183/192/647 182/190/648
f 163/171/649 164/172/650 184/193/651 183/192/652
f 164/172/653 165/173/654 185/194/655 184/193/656
f 165/173/657 166/174/658 186/195/659 185/194/660
f 166/174/661 167/175/662 187/196/663 186/195/664
f 167/175/665 168/176/666 188/197/667 187/196/668
f 168/176/669 169/177/670 189/198/671 188/197/672
f 169/177/673 170/178/674 190/199/675 189/198/676
f 170/178/677 171/179/678 191/200/679 190/199/680
f 171/179/681 172/180/682 192/201/683 191/200/684
f 172/180/685 173/181/686 193/202/687 192/201/688
f 173/181/689 174/182/690 194/203/691 193/202/692
f 174/182/693 175/183/694 195/204/695 194/203/696
f 175/183/697 176/184/698 196/205/699 195/204/700
f 176/184/701 177/185/702 197/206/703 196/205/704
f 177/185/705 178/186/706 198/207/707 197/206/708
f 178/186/709 179/187/710 199/208/711 198/207/712
f 179/187/713 180/188/714 200/209/715 199/208/716
f 180/188/717 161/189/718 181/210/719 200/209/720
f 181/191/721 182/190/722 202/211/723 201/212/724
f 182/190/725 183/192/726 203/213/727 202/211/728
f 183/192/729 184/193/730 204/214/731 203/213/732
f 184/193/733 185/194/734 205/215/735 204/214/736
f 185/194/737 186/195/738 206/216/739 205/215/740
f 186/195/741 187/196/742 207/217/743 206/216/744
f 187/196/745 188/197/746 208/218/747 207/217/748
f 188/197/749 189/198/750 209/219/751 208/218/752
f 189/198/753 190/199/754 210/220/755 209/219/756
f 190/199/757 191/200/758 211/221/759 210/220/760
f 191/200/761 192/201/762 212/222/763 211/221/764
f 192/201/765 193/202/766 213/223/767 212/222/768
f 193/202/769 194/203/770 214/224/771 213/223/772
f 194/203/773 195/204/774 215/225/775 214/224/776
f 195/204/777 196/205/778 216/226/779 215/225/780
f 196/205/781 197/206/782 217/227/783 216/226/784
f 197/206/785 198/207/786 218/228/787 217/227/788
f 198/207/789 199/208/790 219/229/791 218/228/792
f 199/208/793 200/209/794 220/230/795 219/229/796
f 200/209/797 181/210/798 201/231/799 220/230/800
f 201/212/801 202/211/802 222/232/803 221/233/804
f 202/211/805 203/213/806 223/234/807 222/232/808
f 203/213/809 204/214/810 224/235/811 223/234/812
f 204/214/813 205/215/814 225/236/815 224/235/816
f 205/215/817 206/216/818 226/237/819 225/236/820
f 206/216/821 207/217/822 227/238/823 226/237/824
f 207/217/825 208/218/826 228/239/827 227/238/828
f 208/218/829 209/219/830 229/240/831 228/239/832
f 209/219/833 210/220/834 230/241/835 229/240/836
f 210/220/837 211/221/838 231/242/839 230/241/840
f 211/221/841 212/222/842 232/243/843 231/242/844
f 212/222/845 213/223/846 233/244/847 232/243/848
f 213/223/849 214/224/850 234/245/851 233/244/852
f 214/224/853 215/225/854 235/246/855 234/245/856
f 215/225/857 216/226/858 236/247/859 235/246/860
f 216/226/861 217/227/862 237/248/863 236/247/864
f 217/227/865 218/228/866 238/249/867 237/248/868
f 218/228/869 219/229/870 239/250/871 238/249/872
f 219/229/873 220/230/874 240/251/875 239/250/876
f 220/230/877 201/231/878 221/252/879 240/251/880
f 221/233/881 222/232/882 242/253/883 241/254/884
f 222/232/885 223/234/886 243/255/887 242/253/888
f 223/234/889 224/235/890 244/256/891 243/255/892
f 224/235/893 225/236/894 245/257/895 244/256/896
f 225/236/897 226/237/898 246/258/899 245/257/900
f 226/237/901 227/238/902 247/259/903 246/258/904
f 227/238/905 228/239/906 248/260/907 247/259/908
f 228/239/909 229/240/910 249/261/911 248/260/912
f 229/240/913 230/241/914 250/262/915 249/261/916
f 230/241/917 231/242/918 251/263/919 250/262/920
f 231/242/921 232/243/922 252/264/923 251/263/924
f 232/243/925 233/244/926 253/265/927 252/264/928
f 233/244/929 234/245/930 254/266/931 253/265/932
f 234/245/933 235/246/934 255/267/935 254/266/936
f 235/246/937 236/247/938 256/268/939 255/267/940
f 236/247/941 237/248/942 257/269/943 256/268/944
f 237/248/945 238/249/946 258/270/947 257/269/948
f 238/249/949 239/250/950 259/271/951 258/270/952
f 239/250/953 240/251/954 260/272/955 259/271/956
f 240/251/957 221/252/958 241/273/959 260/272/960
f 241/254/961 242/253/962 262/274/963 261/275/964
f 242/253/965 243/255/966 263/276/967 262/274/968
f 243/255/969 244/256/970 264/277/971 263/276/972
f 244/256/973 245/257/974 265/278/975 264/277/976
f 245/257/977 246/258/978 266/279/979 265/278/980
f 246/258/981 247/259/982 267/280/983 266/279/984
f 247/259/985 248/260/986 268/281/987 267/280/988
f 248/260/989 249/261/990 269/282/991 268/281/992
f 249/261/993 250/262/994 270/283/995 269/282/996
f 250/262/997 251/263/998 271/284/999 270/283/1000
f 251/263/1001 252/264/1002 272/285/1003 271/284/1004
f 252/264/1005 253/265/1006 273/286/1007 272/285/1008
f 253/265/1009 254/266/1010 274/287/1011 273/286/1012
f 254/266/1013 255/267/1014 275/288/1015 274/287/1016
f 255/267/1017 256/268/1018 276/289/1019 275/288/1020
f 256/268/1021 257/269/1022 277/290/1023 276/289/1024
f 257/269/1025 258/270/1026 278/291/1027 277/290/1028
f 258/270/1029 259/271/1030 279/292/1031 278/291/1032
f 259/271/1033 260/272/1034 280/293/1035 279/292/1036
f 260/272/1037 241/273/1038 261/294/1039 280/293/1040
f 261/275/1041 262/274/1042 282/295/1043 281/296/1044
f 262/274/1045 263/276/1046 283/297/1047 282/295/1048
f 263/276/1049 264/277/1050 284/298/1051 283/297/1052
f 264/277/1053 265/278/1054 285/299/1055 284/298/1056
f 265/278/1057 266/279/1058 286/300/1059 285/299/1060
f 266/279/1061 267/280/1062 287/301/1063 286/300/1064
f 267/280/1065 268/281/1066 288/302/1067 287/301/1068
f 268/281/1069 269/282/1070 289/303/1071 288/302/1072
f 269/282/1073 270/283/1074 290/304/1075 289/303/1076
f 270/283/1077 271/284/1078 291/305/1079 290/304/1080
f 271/284/1081 272/285/1082 292/306/1083 291/305/1084
f 272/285/1085 273/286/1086 293/307/1087 292/306/1088
f 273/286/1089 274/287/1090 294/308/1091 293/307/1092
f 274/287/1093 275/288/1094 295/309/1095 294/308/1096
f 275/288/1097 276/289/1098 296/310/1099 295/309/1100
f 276/289/1101 277/290/1102 297/311/1103 296/310/1104
f 277/290/1105 278/291/1106 298/312/1107 297/311/1108
f 278/291/1109 279/292/1110 299/313/1111 298/312/1112
f 279/292/1113 280/293/1114 300/314/1115 299/313/1116
f 280/293/1117 261/294/1118 281/315/1119 300/314/1120
f 281/296/1121 282/295/1122 302/316/1123 301/317/1124
f 282/295/1125 283/297/1126 303/318/1127 302/316/1128
f 283/297/1129 284/298/1130 304/319/1131 303/318/1132
f 284/298/1133 285/299/1134 305/320/1135 304/319/1136
f 285/299/1137 286/300/1138 306/321/1139 305/320/1140
f 286/300/1141 287/301/1142 307/322/1143 306/321/1144
f 287/301/1145 288/302/1146 308/323/1147 307/322/1148
f 288/302/1149 289/303/1150 309/324/1151 308/323/1152
f 289/303/1153 290/304/1154 310/325/1155 309/324/1156
f 290/304/1157 291/305/1158 311/326/1159 310/325/1160
f 291/305/1161 292/306/1162 312/327/1163 311/326/1164
f 292/306/1165 293/307/1166 313/328/1167 312/327/1168
f 293/307/1169 294/308/1170 314/329/1171 313/328/1172
f 294/308/1173 295/309/1174 315/330/1175 314/329/1176
f 295/309/1177 296/310/1178 316/331/1179 315/330/1180
f 296/310/1181 297/311/1182 317/332/1183 316/331/1184
f 297/311/1185 298/312/1186 318/333/1187 317/332/1188
f 298/312/1189 299/313/1190 319/334/1191 318/333/1192
f 299/313/1193 300/314/1194 320/335/1195 319/334/1196
f 300/314/1197 281/315/1198 301/336/1199 320/335/1200
f 301/317/1201 302/316/1202 322/337/1203 321/338/1204
f 302/316/1205 303/318/1206 323/339/1207 322/337/1208
f 303/318/1209 304/319/1210 324/340/1211 323/339/1212
f 304/319/1213 305/320/1214 325/341/1215 324/340/1216
f 305/320/1217 306/321/1218 326/342/1219 325/341/1220
f 306/321/1221 307/322/1222 327/343/1223 326/342/1224
f 307/322/1225 308/323/1226 328/344/1227 327/343/1228
f 308/323/1229 309/324/1230 329/345/1231 328/344/1232
f 309/324/1233 310/325/1234 330/346/1235 329/345/1236
f 310/325/1237 311/326/1238 331/347/1239 330/346/1240
f 311/326/1241 312/327/1242 332/348/1243 331/347/1244
f 312/327/1245 313/328/1246 333/349/1247 332/348/1248
f 313/328/1249 314/329/1250 334/350/1251 333/349/1252
f 314/329/1253 315/330/1254 335/351/1255 334/350/1256
f 315/330/1257 316/331/1258 336/352/1259 335/351/1260
f 316/331/1261 317/332/1262 337/353/1263 336/352/1264
f 317/332/1265 318/333/1266 338/354/1267 337/353/1268
f 318/333/1269 319/334/1270 339/355/1271 338/354/1272
f 319/334/1273 320/335/1274 340/356/1275 339/355/1276
f 320/335/1277 301/336/1278 321/357/1279 340/356/1280
f 321/338/1281 322/337/1282 342/358/1283 341/359/1284
f 322/337/1285 323/339/1286 343/360/1287 342/358/1288
f 323/339/1289 324/340/1290 344/361/1291 343/360/1292
f 324/340/1293 325/341/1294 345/362/1295 344/361/1296
f 325/341/1297 326/342/1298 346/363/1299 345/362/1300
f 326/342/1301 327/343/1302 347/364/1303 346/363/1304
f 327/343/1305 328/344/1306 348/365/1307 347/364/1308
f 328/344/1309 329/345/1310 349/366/1311 348/365/1312
f 329/345/1313 330/346/1314 350/367/1315 349/366/1316
f 330/346/1317 331/347/1318 351/368/1319 350/367/1320
f 331/347/1321 332/348/1322 352/369/1323 351/368/1324
f 332/348/1325 333/349/1326 353/370/1327 352/369/1328
f 333/349/1329 334/350/1330 354/371/1331 353/370/1332
f 334/350/1333 335/351/1334 355/372/1335 354/371/1336
f 335/351/1337 336/352/1338 356/373/1339 355/372/1340
f 336/352/1341 337/353/1342 357/374/1343 356/373/1344
f 337/353/1345 338/354/1346 358/375/1347 357/374/1348
f 338/354/1349 339/355/1350 359/376/1351 358/375/1352
f 339/355/1353 340/356/1354 360/377/1355 359/376/1356
f 340/356/1357 321/357/1358 341/378/1359 360/377/1360
f 341/359/1361 342/358/1362 362/379/1363 361/380/1364
f 342/358/1365 343/360/1366 363/381/1367 362/379/1368
f 343/360/1369 344/361/1370 364/382/1371 363/381/1372
f 344/361/1373 345/362/1374 365/383/1375 364/382/1376
f 345/362/1377 346/363/1378 366/384/1379 365/383/1380
f 346/363/1381 347/364/1382 367/385/1383 366/384/1384
f 347/364/1385 348/365/1386 368/386/1387 367/385/1388
f 348/365/1389 349/366/1390 369/387/1391 368/386/1392
f 349/366/1393 350/367/1394 370/388/1395 369/387/1396
f 350/367/1397 351/368/1398 371/389/1399 370/388/1400
f 351/368/1401 352/369/1402 372/390/1403 371/389/1404
f 352/369/1405 353/370/1406 373/391/1407 372/390/1408
f 353/370/1409 354/371/1410 374/392/1411 373/391/1412
f 354/371/1413 355/372/1414 375/393/1415 374/392/1416
f 355/372/1417 356/373/1418 376/394/1419 375/393/1420
f 356/373/1421 357/374/1422 377/395/1423 376/394/1424
f 357/374/1425 358/375/1426 378/396/1427 377/395/1428
f 358/375/1429 359/376/1430 379/397/1431 378/396/1432
f 359/376/1433 360/377/1434 380/398/1435 379/397/1436
f 360/377/1437 341/378/1438 361/399/1439 380/398/1440
f 361/380/1441 362/379/1442 382/400/1443 381/401/1444
f 362/379/1445 363/381/1446 383/402/1447 382/400/1448
f 363/381/1449 364/382/1450 384/403/1451 383/402/1452
f 364/382/1453 365/383/1454 385/404/1455 384/403/1456
f 365/383/1457 366/384/1458 386/405/1459 385/404/1460
f 366/384/1461 367/385/1462 387/406/1463 386/405/1464
f 367/385/1465 368/386/1466 388/407/1467 387/406/1468
f 368/386/1469 369/387/1470 389/408/1471 388/407/1472
f 369/387/1473 370/388/1474 390/409/1475 389/408/1476
f 370/388/1477 371/389/1478 391/410/1479 390/409/1480
f 371/389/1481 372/390/1482 392/411/1483 391/410/1484
f 372/390/1485 373/391/1486 393/412/1487 392/411/1488
f 373/391/1489 374/392/1490 394/413/1491 393/412/1492
f 374/392/1493 375/393/1494 395/414/1495 394/413/1496
f 375/393/1497 376/394/1498 396/415/1499 395/414/1500
f 376/394/1501 377/395/1502 397/416/1503 396/415/1504
f 377/395/1505 378/396/1506 398/417/1507 397/416/1508
f 378/396/1509 379/397/1510 399/418/1511 398/417/1512
f 379/397/1513 380/398/1514 400/419/1515 399/418/1516
f 380/398/1517 361/399/1518 381/420/1519 400/419/1520
f 381/401/1521 382/400/1522 402/421/1523 401/422/1524
f 382/400/1525 383/402/1526 403/423/1527 402/421/1528
f 383/402/1529 384/403/1530 404/424/1531 403/423/1532
f 384/403/1533 385/404/1534 405/425/1535 404/424/1536
f 385/404/1537 386/405/1538 406/426/1539 405/425/1540
f 386/405/1541 387/406/1542 407/427/1543 406/426/1544
f 387/406/1545 388/407/1546 408/428/1547 407/427/1548
f 388/407/1549 389/408/1550 409/429/1551 408/428/1552
f 389/408/1553 390/409/1554 410/430/1555 409/429/1556
f 390/409/1557 391/410/1558 411/431/1559 410/430/1560
f 391/410/1561 392/411/1562 412/432/1563 411/431/1564
f 392/411/1565 393/412/1566 413/433/1567 412/432/1568
f 393/412/1569 394/413/1570 414/434/1571 413/433/1572
f 394/413/1573 395/414/1574 415/435/1575 414/434/1576
f 395/414/1577 396/415/1578 416/436/1579 415/435/1580
f 396/415/1581 397/416/1582 417/437/1583 416/436/1584
f 397/416/1585 398/417/1586 418/438/1587 417/437/1588
f 398/417/1589 399/418/1590 419/439/1591 418/438/1592
f 399/418/1593 400/419/1594 420/440/1595 419/439/1596
f 400/419/1597 381/420/1598 401/441/1599 420/440/1600
f 401/422/1601 402/421/1602 422/442/1603 421/443/1604
f 402/421/1605 403/423/1606 423/444/1607 422/442/1608
f 403/423/1609 404/424/1610 424/445/1611 423/444/1612
f 404/424/1613 405/425/1614 425/446/1615 424/445/1616
f 405/425/1617 406/426/1618 426/447/1619 425/446/1620
f 406/426/1621 407/427/1622 427/448/1623 426/447/1624
f 407/427/1625 408/428/1626 428/449/1627 427/448/1628
f 408/428/1629 409/429/1630 429/450/1631 428/449/1632
f 409/429/1633 410/430/1634 430/451/1635 429/450/1636
f 410/430/1637 411/431/1638 431/452/1639 430/451/1640
f 411/431/1641 412/432/1642 432/453/1643 431/452/1644
f 412/432/1645 413/433/1646 433/454/1647 432/453/1648
f 413/433/1649 414/434/1650 434/455/1651 433/454/1652
f 414/434/1653 415/435/1654 435/456/1655 434/455/1656
f 415/435/1657 416/436/1658 436/457/1659 435/456/1660
f 416/436/1661 417/437/1662 437/458/1663 436/457/1664
f 417/437/1665 418/438/1666 438/459/1667 437/458/1668
f 418/438/1669 419/439/1670 439/460/1671 438/459/1672
f 419/439/1673 420/440/1674 440/461/1675 439/460/1676
f 420/440/1677 401/441/1678 421/462/1679 440/461/1680
f 421/443/1681 422/442/1682 442/463/1683 441/464/1684
f 422/442/1685 423/444/1686 443/465/1687 442/463/1688
f 423/444/1689 424/445/1690 444/466/1691 443/465/1692
f 424/445/1693 425/446/1694 445/467/1695 444/466/1696
f 425/446/1697 426/447/1698 446/468/1699 445/467/1700
f 426/447/1701 427/448/1702 447/469/1703 446/468/1704
f 427/448/1705 428/449/1706 448/470/1707 447/469/1708
f 428/449/1709 429/450/1710 449/471/1711 448/470/1712
f 429/450/1713 430/451/1714 450/472/1715 449/471/1716
f 430/451/1717 431/452/1718 451/473/1719 450/472/1720
f 431/452/1721 432/453/1722 452/474/1723 451/473/1724
f 432/453/1725 433/454/1726 453/475/1727 452/474/1728
f 433/454/1729 434/455/1730 454/476/1731 453/475/1732
f 434/455/1733 435/456/1734 455/477/1735 454/476/1736
f 435/456/1737 436/457/1738 456/478/1739 455/477/1740
f 436/457/1741 437/458/1742 457/479/1743 456/478/1744
f 437/458/1745 438/459/1746 458/480/1747 457/479/1748
f 438/459/1749 439/460/1750 459/481/1751 458/480/1752
f 439/460/1753 440/461/1754 460/482/1755 459/481/1756
f 440/461/1757 421/462/1758 441/483/1759 460/482/1760
f 441/464/1761 442/463/1762 462/484/1763 461/485/1764
f 442/463/1765 443/465/1766 463/486/1767 462/484/1768
f 443/465/1769 444/466/1770 464/487/1771 463/486/1772
f 444/466/1773 445/467/1774 465/488/1775 464/487/1776
f 445/467/1777 446/468/1778 466/489/1779 465/488/1780
f 446/468/1781 447/469/1782 467/490/1783 466/489/1784
f 447/469/1785 448/470/1786 468/491/1787 467/490/1788
f 448/470/1789 449/471/1790 469/492/1791 468/491/1792
f 449/471/1793 450/472/1794 470/493/1795 469/492/1796
f 450/472/1797 451/473/1798 471/494/1799 470/493/1800
f 451/473/1801 452/474/1802 472/495/1803 471/494/1804
f 452/474/1805 453/475/1806 473/496/1807 472/495/1808
f 453/475/1809 454/476/1810 474/497/1811 473/496/1812
f 454/476/1813 455/477/1814 475/498/1815 474/497/1816
f 455/477/1817 456/478/1818 476/499/1819 475/498/1820
f 456/478/1821 457/479/1822 477/500/1823 476/499/1824
f 457/479/1825 458/480/1826 478/501/1827 477/500/1828
f 458/480/1829 459/481/1830 479/502/1831 478/501/1832
f 459/481/1833 460/482/1834 480/503/1835 479/502/1836
f 460/482/1837 441/483/1838 461/504/1839 480/503/1840
f 461/485/1841 462/484/1842 482/505/1843 481/506/1844
f 462/484/1845 463/486/1846 483/507/1847 482/505/1848
f 463/486/1849 464/487/1850 484/508/1851 483/507/1852
f 464/487/1853 465/488/1854 485/509/1855 484/508/1856
f 465/488/1857 466/489/1858 486/510/1859 485/509/1860
f 466/489/1861 467/490/1862 487/511/1863 486/510/1864
f 467/490/1865 468/491/1866 488/512/1867 487/511/1868
f 468/491/1869 469/492/1870 489/513/1871 488/512/1872
f 469/492/1873 470/493/1874 490/514/1875 489/513/1876
f 470/493/1877 471/494/1878 491/515/1879 490/514/1880
f 471/494/1881 472/495/1882 492/516/1883 491/515/1884
f 472/495/1885 473/496/1886 493/517/1887 492/516/1888
f 473/496/1889 474/497/1890 494/518/1891 493/517/1892
f 474/497/1893 475/498/1894 495/519/1895 494/518/1896
f 475/498/1897 476/499/1898 496/520/1899 495/519/1900
f 476/499/1901 477/500/1902 497/521/1903 496/520/1904
f 477/500/1905 478/501/1906 498/522/1907 497/521/1908
f 478/501/1909 479/502/1910 499/523/1911 498/522/1912
f 479/502/1913 480/503/1914 500/524/1915 499/523/1916
f 480/503/1917 461/504/1918 481/525/1919 500/524/1920
f 481/506/1921 482/505/1922 502/526/1923 501/527/1924
f 482/505/1925 483/507/1926 503/528/1927 502/526/1928
f 483/507/1929 484/508/1930 504/529/1931 503/528/1932
f 484/508/1933 485/509/1934 505/530/1935 504/529/1936
f 485/509/1937 486/510/1938 506/531/1939 505/530/1940
f 486/510/1941 487/511/1942 507/532/1943 506/531/1944
f 487/511/1945 488/512/1946 508/533/1947 507/532/1948
f 488/512/1949 489/513/1950 509/534/1951 508/533/1952
f 489/513/1953 490/514/1954 510/535/1955 509/534/1956
f 490/514/1957 491/515/1958 511/536/1959 510/535/1960
f 491/515/1961 492/516/1962 512/537/1963 511/536/1964
f 492/516/1965 493/517/1966 513/538/1967 512/537/1968
f 493/517/1969 494/518/1970 514/539/1971 513/538/1972
f 494/518/1973 495/519/1974 515/540/1975 514/539/1976
f 495/519/1977 496/520/1978 516/541/1979 515/540/1980
f 496/520/1981 497/521/1982 517/542/1983 516/541/1984
f 497/521/1985 498/522/1986 518/543/1987 517/542/1988
f 498/522/1989 499/523/1990 519/544/1991 518/543/1992
f 499/523/1993 500/524/1994 520/545/1995 519/544/1996
f 500/524/1997 481/525/1998 501/546/1999 520/545/2000
f 501/527/2001 502/526/2002 522/547/2003 521/548/2004
f 502/526/2005 503/528/2006 523/549/2007 522/547/2008
f 503/528/2009 504/529/2010 524/550/2011 523/549/2012
f 504/529/2013 505/530/2014 525/551/2015 524/550/2016
f 505/530/2017 506/531/2018 526/552/2019 525/551/2020
f 506/531/2021 507/532/2022 527/553/2023 526/552/2024
f 507/532/2025 508/533/2026 528/554/2027 527/553/2028
f 508/533/2029 509/534/2030 529/555/2031 528/554/2032
f 509/534/2033 510/535/2034 530/556/2035 529/555/2036
f 510/535/2037 511/536/2038 531/557/2039 530/556/2040
f 511/536/2041 512/537/2042 532/558/2043 531/557/2044
f 512/537/2045 513/538/2046 533/559/2047 532/558/2048
f 513/538/2049 514/539/2050 534/560/2051 533/559/2052
f 514/539/2053 515/540/2054 535/561/2055 534/560/2056
f 515/540/2057 516/541/2058 536/562/2059 535/561/2060
f 516/541/2061 517/542/2062 537/563/2063 536/562/2064
f 517/542/2065 518/543/2066 538/564/2067 537/563/2068
f 518/543/2069 519/544/2070 539/565/2071 538/564/2072
f 519/544/2073 520/545/2074 540/566/2075 539/565/2076
f 520/545/2077 501/546/2078 521/567/2079 540/566/2080
f 521/548/2081 522/547/2082 542/568/2083 541/569/2084
f 522/547/2085 523/549/2086 543/570/2087 542/568/2088
f 523/549/2089 524/550/2090 544/571/2091 543/570/2092
f 524/550/2093 525/551/2094 545/572/2095 544/571/2096
f 525/551/2097 526/552/2098 546/573/2099 545/572/2100
f 526/552/2101 527/553/2102 547/574/2103 546/573/2104
f 527/553/2105 528/554/2106 548/575/2107 547/574/2108
f 528/554/2109 529/555/2110 549/576/2111 548/575/2112
f 529/555/2113 530/556/2114 550/577/2115 549/576/2116
f 530/556/2117 531/557/2118 551/578/2119 550/577/2120
f 531/557/2121 532/558/2122 552/579/2123 551/578/2124
f 532/558/2125 533/559/2126 553/580/2127 552/579/2128
f 533/559/2129 534/560/2130 554/581/2131 553/580/2132
f 534/560/2133 535/561/2134 555/582/2135 554/581/2136
f 535/561/2137 536/562/2138 556/583/2139 555/582/2140
f 536/562/2141 537/563/2142 557/584/2143 556/583/2144
f 537/563/2145 538/564/2146 558/585/2147 557/584/2148
f 538/564/2149 539/565/2150 559/586/2151 558/585/2152
f 539/565/2153 540/566/2154 560/587/2155 559/586/2156
f 540/566/2157 521/567/2158 541/588/2159 560/587/2160
f 541/569/2161 542/568/2162 562/589/2163 561/590/2164
f 542/568/2165 543/570/2166 563/591/2167 562/589/2168
f 543/570/2169 544/571/2170 564/592/2171 563/591/2172
f 544/571/2173 545/572/2174 565/593/2175 564/592/2176
f 545/572/2177 546/573/2178 566/594/2179 565/593/2180
f 546/573/2181 547/574/2182 567/595/2183 566/594/2184
f 547/574/2185 548/575/2186 568/596/2187 567/595/2188
f 548/575/2189 549/576/2190 569/597/2191 568/596/2192
f 549/576/2193 550/577/2194 570/598/2195 569/597/2196
f 550/577/2197 551/578/2198 571/599/2199 570/598/2200
f 551/578/2201 552/579/2202 572/600/2203 571/599/2204
f 552/579/2205 553/580/2206 573/601/2207 572/600/2208
f 553/580/2209 554/581/2210 574/602/2211 573/601/2212
f 554/581/2213 555/582/2214 575/603/2215 574/602/2216
f 555/582/2217 556/583/2218 576/604/2219 575/603/2220
f 556/583/2221 557/584/2222 577/605/2223 576/604/2224
f 557/584/2225 558/585/2226 578/606/2227 577/605/2228
f 558/585/2229 559/586/2230 579/607/2231 578/606/2232
f 559/586/2233 560/587/2234 580/608/2235 579/607/2236
f 560/587/2237 541/588/2238 561/609/2239 580/608/2240
f 583/610/2241 584/611/2242 586/612/2243 585/613/2244
f 584/614/2245 583/615/2246 621/616/2247 622/617/2248
f 585/613/2249 586/618/2250 588/619/2251 587/620/2252
f 587/620/2253 588/621/2254 590/622/2255 589/623/2256
f 589/623/2257 590/624/2258 592/625/2259 591/626/2260
f 591/626/2261 592/627/2262 594/628/2263 593/629/2264
f 593/629/2265 594/630/2266 596/631/2267 595/632/2268
f 595/632/2269 596/633/2270 598/634/2271 597/635/2272
f 597/635/2273 598/636/2274 600/637/2275 599/638/2276
f 599/638/2277 600/639/2278 602/640/2279 601/641/2280
f 601/641/2281 602/642/2282 604/643/2283 603/644/2284
f 603/644/2285 604/645/2286 606/646/2287 605/647/2288
f 605/647/2289 606/648/2290 608/649/2291 607/650/2292
f 607/650/2293 608/651/2294 610/652/2295 609/653/2296
f 609/653/2297 610/654/2298 612/655/2299 611/656/2300
f 611/656/2301 612/657/2302 614/658/2303 613/659/2304
f 613/659/2305 614/660/2306 616/661/2307 615/662/2308
f 615/662/2309 616/663/2310 618/664/2311 617/665/2312
f 617/665/2313 618/666/2314 620/667/2315 619/668/2316
f 619/668/2317 620/669/2318 622/670/2319 621/616/2320
f 623/671/2321 624/672/2322 662/673/2323 661/674/2324
f 624/675/2325 623/676/2326 625/677/2327 626/678/2328
f 626/679/2329 625/677/2330 627/680/2331 628/681/2332
f 628/682/2333 627/680/2334 629/683/2335 630/684/2336
f 630/685/2337 629/683/2338 631/686/2339 632/687/2340
f 632/688/2341 631/686/2342 633/689/2343 634/690/2344
f 634/691/2345 633/689/2346 635/692/2347 636/693/2348
f 636/694/2349 635/692/2350 637/695/2351 638/696/2352
f 638/697/2353 637/695/2354 639/698/2355 640/699/2356
f 640/700/2357 639/698/2358 641/701/2359 642/702/2360
f 642/703/2361 641/701/2362 643/704/2363 644/705/2364
f 644/706/2365 643/704/2366 645/707/2367 646/708/2368
f 646/709/2369 645/707/2370 647/710/2371 648/711/2372
f 648/712/2373 647/710/2374 649/713/2375 650/714/2376
f 650/715/2377 649/713/2378 651/716/2379 652/717/2380
f 652/718/2381 651/716/2382 653/719/2383 654/720/2384
f 654/721/2385 653/719/2386 655/722/2387 656/723/2388
f 656/724/2389 655/722/2390 657/725/2391 658/726/2392
f 658/727/2393 657/725/2394 659/728/2395 660/729/2396
f 660/730/2397 659/728/2398 661/674/2399 662/731/2400
f 583/610/2401 585/613/2402 2/2/2403 1/1/2404
f 585/613/2405 587/620/2406 3/5/2407 2/2/2408
f 587/620/2409 589/623/2410 4/7/2411 3/5/2412
f 589/623/2413 591/626/2414 5/9/2415 4/7/2416
f 591/626/2417 593/629/2418 6/11/2419 5/9/2420
f 593/629/2421 595/632/2422 7/13/2423 6/11/2424
f 595/632/2425 597/635/2426 8/15/2427 7/13/2428
f 597/635/2429 599/638/2430 9/17/2431 8/15/2432
f 599/638/2433 601/641/2434 10/19/2435 9/17/2436
f 601/641/2437 603/644/2438 11/21/2439 10/19/2440
f 603/644/2441 605/647/2442 12/23/2443 11/21/2444
f 605/647/2445 607/650/2446 13/25/2447 12/23/2448
f 607/650/2449 609/653/2450 14/27/2451 13/25/2452
f 609/653/2453 611/656/2454 15/29/2455 14/27/2456
f 611/656/2457 613/659/2458 16/31/2459 15/29/2460
f 613/659/2461 615/662/2462 17/33/2463 16/31/2464
f 615/662/2465 617/665/2466 18/35/2467 17/33/2468
f 617/665/2469 619/668/2470 19/37/2471 18/35/2472
f 619/668/2473 621/616/2474 20/39/2475 19/37/2476
f 621/616/2477 583/615/2478 1/41/2479 20/39/2480
f 561/590/2481 562/589/2482 625/677/2483 623/676/2484
f 562/589/2485 563/591/2486 627/680/2487 625/677/2488
f 563/591/2489 564/592/2490 629/683/2491 627/680/2492
f 564/592/2493 565/593/2494 631/686/2495 629/683/2496
f 565/593/2497 566/594/2498 633/689/2499 631/686/2500
f 566/594/2501 567/595/2502 635/692/2503 633/689/2504
f 567/595/2505 568/596/2506 637/695/2507 635/692/2508
f 568/596/2509 569/597/2510 639/698/2511 637/695/2512
f 569/597/2513 570/598/2514 641/701/2515 639/698/2516
f 570/598/2517 571/599/2518 643/704/2519 641/701/2520
f 571/599/2521 572/600/2522 645/707/2523 643/704/2524
f 572/600/2525 573/601/2526 647/710/2527 645/707/2528
f 573/601/2529 574/602/2530 649/713/2531 647/710/2532
f 574/602/2533 575/603/2534 651/716/2535 649/713/2536
f 575/603/2537 576/604/2538 653/719/2539 651/716/2540
f 576/604/2541 577/605/2542 655/722/2543 653/719/2544
f 577/605/2545 578/606/2546 657/725/2547 655/722/2548
f 578/606/2549 579/607/2550 659/728/2551 657/725/2552
f 579/607/2553 580/608/2554 661/674/2555 659/728/2556
f 580/608/2557 561/609/2558 623/671/2559 661/674/2560
f 663/732/2561 664/733/2562 666/734/2563 665/735/2564
f 664/733/2565 663/732/2566 701/736/2567 702/737/2568
f 665/735/2569 666/734/2570 668/738/2571 667/739/2572
f 667/739/2573 668/738/2574 670/740/2575 669/741/2576
f 669/741/2577 670/740/2578 672/742/2579 671/743/2580
f 671/743/2581 672/742/2582 674/744/2583 673/745/2584
f 673/745/2585 674/744/2586 676/746/2587 675/747/2588
f 675/747/2589 676/746/2590 678/748/2591 677/749/2592
f 677/749/2593 678/748/2594 680/750/2595 679/751/2596
f 679/751/2597 680/750/2598 682/752/2599 681/753/2600
f 681/753/2601 682/752/2602 684/754/2603 683/755/2604
f 683/755/2605 684/754/2606 686/756/2607 685/757/2608
f 685/757/2609 686/756/2610 688/758/2611 687/759/2612
f 687/759/2613 688/758/2614 690/760/2615 689/761/2616
f 689/761/2617 690/760/2618 692/762/2619 691/763/2620
f 691/763/2621 692/762/2622 694/764/2623 693/765/2624
f 693/765/2625 694/764/2626 696/766/2627 695/767/2628
f 695/767/2629 696/766/2630 698/768/2631 697/769/2632
f 697/769/2633 698/768/2634 700/770/2635 699/771/2636
f 699/771/2637 700/770/2638 702/737/2639 701/736/2640
f 703/772/2641 704/773/2642 742/774/2643 741/775/2644
f 704/773/2645 703/772/2646 705/776/2647 706/777/2648
f 706/777/2649 705/776/2650 707/778/2651 708/779/2652
f 708/779/2653 707/778/2654 709/780/2655 710/781/2656
f 710/781/2657 709/780/2658 711/782/2659 712/783/2660
f 712/783/2661 711/782/2662 713/784/2663 714/785/2664
f 714/785/2665 713/784/2666 715/786/2667 716/787/2668
f 716/787/2669 715/786/2670 717/788/2671 718/789/2672
f 718/789/2673 717/788/2674 719/790/2675 720/791/2676
f 720/791/2677 719/790/2678 721/792/2679 722/793/2680
f 722/793/2681 721/792/2682 723/794/2683 724/795/2684
f 724/795/2685 723/794/2686 725/796/2687 726/797/2688
f 726/797/2689 725/796/2690 727/798/2691 728/799/2692
f 728/799/2693 727/798/2694 729/800/2695 730/801/2696
f 730/801/2697 729/800/2698 731/802/2699 732/803/2700
f 732/803/2701 731/802/2702 733/804/2703 734/805/2704
f 734/805/2705 733/804/2706 735/806/2707 736/807/2708
f 736/807/2709 735/806/2710 737/808/2711 738/809/2712
f 738/809/2713 737/808/2714 739/810/2715 740/811/2716
f 740/811/2717 739/810/2718 741/775/2719 742/774/2720
f 705/776/2721 703/772/2722 582/812/2723
f 707/778/2724 705/776/2725 582/812/2726
f 709/780/2727 707/778/2728 582/812/2729
f 711/782/2730 709/780/2731 582/812/2732
f 713/784/2733 711/782/2734 582/812/2735
f 715/786/2736 713/784/2737 582/812/2738
f 717/788/2739 715/786/2740 582/812/2741
f 719/790/2742 717/788/2743 582/812/2744
f 721/792/2745 719/790/2746 582/812/2747
f 723/794/2748 721/792/2749 582/812/2750
f 725/796/2751 723/794/2752 582/812/2753
f 727/798/2754 725/796/2755 582/812/2756
f 729/800/2757 727/798/2758 582/812/2759
f 731/802/2760 729/800/2761 582/812/2762
f 733/804/2763 731/802/2764 582/812/2765
f 735/806/2766 733/804/2767 582/812/2768
f 737/808/2769 735/806/2770 582/812/2771
f 739/810/2772 737/808/2773 582/812/2774
f 741/775/2775 739/810/2776 582/812/2777
f 703/772/2778 741/775/2779 582/812/2780
f 663/732/2781 665/735/2782 581/813/2783
f 665/735/2784 667/739/2785 581/813/2786
f 667/739/2787 669/741/2788 581/813/2789
f 669/741/2790 671/743/2791 581/813/2792
f 671/743/2793 673/745/2794 581/813/2795
f 673/745/2796 675/747/2797 581/813/2798
f 675/747/2799 677/749/2800 581/813/2801
f 677/749/2802 679/751/2803 581/813/2804
f 679/751/2805 681/753/2806 581/813/2807
f 681/753/2808 683/755/2809 581/813/2810
f 683/755/2811 685/757/2812 581/813/2813
f 685/757/2814 687/759/2815 581/813/2816
f 687/759/2817 689/761/2818 581/813/2819
f 689/761/2820 691/763/2821 581/813/2822
f 691/763/2823 693/765/2824 581/813/2825
f 693/765/2826 695/767/2827 581/813/2828
f 695/767/2829 697/769/2830 581/813/2831
f 697/769/2832 699/771/2833 581/813/2834
f 699/771/2835 701/736/2836 581/813/2837
f 701/736/2838 663/732/2839 581/813/2840
f 624/814/2841 626/815/2842 666/734/2843 664/733/2844
f 626/815/2845 628/816/2846 668/738/2847 666/734/2848
f 628/816/2849 630/817/2850 670/740/2851 668/738/2852
f 630/817/2853 632/818/2854 672/742/2855 670/740/2856
f 632/818/2857 634/819/2858 674/744/2859 672/742/2860
f 634/819/2861 636/820/2862 676/746/2863 674/744/2864
f 636/820/2865 638/821/2866 678/748/2867 676/746/2868
f 638/821/2869 640/822/2870 680/750/2871 678/748/2872
f 640/822/2873 642/823/2874 682/752/2875 680/750/2876
f 642/823/2877 644/824/2878 684/754/2879 682/752/2880
f 644/824/2881 646/825/2882 686/756/2883 684/754/2884
f 646/825/2885 648/826/2886 688/758/2887 686/756/2888
f 648/826/2889 650/827/2890 690/760/2891 688/758/2892
f 650/827/2893 652/828/2894 692/762/2895 690/760/2896
f 652/828/2897 654/829/2898 694/764/2899 692/762/2900
f 654/829/2901 656/830/2902 696/766/2903 694/764/2904
f 656/830/2905 658/831/2906 698/768/2907 696/766/2908
f 658/831/2909 660/832/2910 700/770/2911 698/768/2912
f 660/832/2913 662/833/2914 702/737/2915 700/770/2916
f 662/833/2917 624/814/2918 664/733/2919 702/737/2920
f 586/834/2921 584/835/2922 704/773/2923 706/777/2924
f 588/836/2925 586/834/2926 706/777/2927 708/779/2928
f 590/837/2929 588/836/2930 708/779/2931 710/781/2932
f 592/838/2933 590/837/2934 710/781/2935 712/783/2936
f 594/839/2937 592/838/2938 712/783/2939 714/785/2940
f 596/840/2941 594/839/2942 714/785/2943 716/787/2944
f 598/841/2945 596/840/2946 716/787/2947 718/789/2948
f 600/842/2949 598/841/2950 718/789/2951 720/791/2952
f 602/843/2953 600/842/2954 720/791/2955 722/793/2956
f 604/844/2957 602/843/2958 722/793/2959 724/795/2960
f 606/845/2961 604/844/2962 724/795/2963 726/797/2964
f 608/846/2965 606/845/2966 726/797/2967 728/799/2968
f 610/847/2969 608/846/2970 728/799/2971 730/801/2972
f 612/848/2973 610/847/2974 730/801/2975 732/803/2976
f 614/849/2977 612/848/2978 732/803/2979 734/805/2980
f 616/850/2981 614/849/2982 734/805/2983 736/807/2984
f 618/851/2985 616/850/2986 736/807/2987 738/809/2988
f 620/852/2989 618/851/2990 738/809/2991 740/811/2992
f 622/853/2993 620/852/2994 740/811/2995 742/774/2996
f 584/835/2997 622/853/2998 742/774/2999 704/773/3000
g default
v -13.416995 28.510254 18.125595
v -10.097255 28.504264 18.117557
v 9.821190 28.468321 18.069328
v 13.140932 28.462331 18.061290
v -13.424371 26.801272 14.627962
v -10.104631 26.795282 14.619924
v 9.813814 26.759339 14.571695
v 13.133556 26.753348 14.563657
v -13.426300 27.294213 13.013279
v -10.106561 27.288221 13.005241
v 9.811888 27.252287 12.957018
v 13.131626 27.246286 12.948973
v -13.427048 28.295363 11.782259
v -10.107309 28.289370 11.774221
v -6.787567 28.283384 11.766185
v -3.467827 28.277391 11.758145
v -0.148087 28.271397 11.750106
v 3.171654 28.265407 11.742068
v 6.491395 28.259422 11.734032
v 9.811138 28.253428 11.725988
v 13.130881 28.247433 11.717953
v -13.427036 30.640320 10.043371
v -10.107295 30.634331 10.035334
v -6.787555 30.628341 10.027296
v -3.467814 30.622347 10.019256
v -0.148074 30.616368 10.011220
v 3.171666 30.610377 10.003182
v 6.491407 30.604387 9.995144
v 9.811152 30.598404 9.987109
v 13.130894 30.592395 9.979061
v -13.426700 33.424640 8.186760
v -10.106959 33.418650 8.178722
v -6.787217 33.412659 8.170683
v -3.467477 33.406673 8.162644
v -0.147736 33.400678 8.154605
v 3.172007 33.394692 8.146567
v 6.491744 33.388705 8.138536
v 9.811486 33.382707 8.130488
v 13.131229 33.376709 8.122449
v -13.426362 36.208944 6.330131
v -10.106623 36.202957 6.322097
v -6.786879 36.196963 6.314055
v -3.467138 36.190969 6.306016
v -0.147398 36.184978 6.297977
v 3.172344 36.178995 6.289941
v 6.492082 36.172994 6.281893
v 9.811824 36.167033 6.273874
v 13.131566 36.161039 6.265832
v -13.426022 38.993245 4.473473
v -10.106284 38.987262 4.465440
v -6.786542 38.981272 4.457402
v -3.466801 38.975274 4.449356
v -0.147061 38.969283 4.441320
v 3.172682 38.963300 4.433287
v 6.492421 38.957310 4.425247
v 9.812160 38.951319 4.417215
v 13.131901 38.945329 4.409171
v -13.425686 41.777567 2.616876
v -10.105946 41.771576 2.608841
v -6.786204 41.765589 2.600805
v -3.466464 41.759599 2.592769
v -0.146724 41.753605 2.584726
v 3.173019 41.747611 2.576677
v 6.492759 41.741628 2.568647
v 9.812499 41.735630 2.560607
v 13.132241 41.729639 2.552569
v -13.425420 44.142521 1.027077
v -10.105679 44.136531 1.019035
v -6.785937 44.130541 1.010997
v -3.466196 44.124550 1.002960
v -0.146456 44.118559 0.994932
v 3.173286 44.112569 0.986886
v 6.493026 44.106575 0.978839
v 9.812766 44.100588 0.970808
v 13.132508 44.094598 0.962771
v -13.425082 46.926802 -0.829540
v -10.105342 46.920811 -0.837575
v -6.785600 46.914820 -0.845603
v -3.465859 46.908830 -0.853654
v -0.146119 46.902840 -0.861687
v 3.173622 46.896849 -0.869717
v 6.493363 46.890859 -0.877769
v 9.813105 46.884876 -0.885803
v 13.132843 46.878886 -0.893841
v -13.424745 49.711117 -2.686172
v -10.105003 49.705126 -2.694208
v -6.785261 49.699136 -2.702248
v -3.465521 49.693153 -2.710281
v -0.145781 49.687155 -2.718323
v 3.173961 49.681172 -2.726352
v 6.493701 49.675174 -2.734397
v 9.813442 49.669191 -2.742429
v 13.133184 49.663205 -2.750471
v -13.421271 26.757911 16.665493
v -10.101531 26.751920 16.657455
v 9.816914 26.715978 16.609226
v 13.136656 26.709987 16.601188
v -13.424579 51.645515 -4.020290
v -10.104837 51.639528 -4.028326
v -6.785095 51.633534 -4.036375
v -3.465354 51.627554 -4.044397
v -0.145614 51.621556 -4.052441
v 3.174127 51.615566 -4.060478
v 6.493867 51.609575 -4.068512
v 9.813608 51.603581 -4.076556
v 13.133350 51.597602 -4.084592
v -13.418435 29.057257 16.786801
v -10.098695 29.051266 16.778763
v 9.819751 29.015326 16.730536
v 13.139492 29.009333 16.722495
v -13.420945 27.986597 15.960996
v -13.422724 28.096970 14.727823
v -10.101205 27.980607 15.952958
v -10.102984 28.090980 14.719784
v 9.817241 27.944664 15.904729
v 9.815461 28.055039 14.671559
v 13.136982 27.938674 15.896691
v 13.135203 28.049047 14.663517
v -13.424033 28.585703 13.516732
v -10.104295 28.579713 13.508694
v 9.814155 28.543780 13.460469
v 13.133894 28.537776 13.452422
v -13.424189 29.443058 12.776238
v -10.104450 29.437066 12.768200
v -6.784709 29.431083 12.760162
v -3.464969 29.425093 12.752124
v -0.145228 29.419091 12.744085
v 3.174512 29.413104 12.736046
v 6.494254 29.407123 12.728010
v 9.813997 29.401124 12.719963
v 13.133740 29.395129 12.711931
v -13.424142 31.519413 11.260052
v -10.104401 31.513422 11.252015
v -6.784661 31.507432 11.243976
v -3.464920 31.501441 11.235936
v -0.145181 31.495455 11.227899
v 3.174559 31.489464 11.219862
v 6.494300 31.483474 11.211824
v 9.814047 31.477487 11.203786
v 13.133788 31.471485 11.195745
v -13.423814 34.260521 9.432255
v -10.104072 34.254527 9.424216
v -6.784327 34.248540 9.416179
v -3.464587 34.242550 9.408136
v -0.144847 34.236559 9.400098
v 3.174893 34.230569 9.392060
v 6.494633 34.224582 9.384028
v 9.814375 34.218588 9.375983
v 13.134120 34.212590 9.367949
v -13.423477 37.044840 7.575624
v -10.103736 37.038853 7.567592
v -6.783989 37.032859 7.559548
v -3.464248 37.026853 7.551507
v -0.144511 37.020863 7.543467
v 3.175230 37.014891 7.535435
v 6.494973 37.008879 7.527385
v 9.814707 37.002918 7.519369
v 13.134458 36.996920 7.511328
v -13.423135 39.829130 5.718969
v -10.103397 39.823139 5.710936
v -6.783652 39.817149 5.702894
v -3.463911 39.811151 5.694850
v -0.144173 39.805160 5.686815
v 3.175570 39.799185 5.678780
v 6.495308 39.793187 5.670740
v 9.815049 39.787204 5.662712
v 13.134789 39.781214 5.654664
v -13.422798 42.613439 3.862374
v -10.103058 42.607457 3.854334
v -6.783316 42.601462 3.846303
v -3.463575 42.595475 3.838267
v -0.143835 42.589481 3.830223
v 3.175910 42.583492 3.822171
v 6.495647 42.577509 3.814139
v 9.815388 42.571511 3.806098
v 13.135129 42.565516 3.798064
v -13.422530 44.978402 2.272571
v -10.102791 44.972412 2.264529
v -6.783049 44.966414 2.256494
v -3.463307 44.960431 2.248457
v -0.143569 44.954440 2.240424
v 3.176174 44.948450 2.232380
v 6.495919 44.942452 2.224333
v 9.815653 44.936461 2.216303
v 13.135395 44.930479 2.208267
v -13.422191 47.762682 0.415957
v -10.102455 47.756692 0.407921
v -6.782712 47.750705 0.399896
v -3.462970 47.744711 0.391842
v -0.143230 47.738724 0.383811
v 3.176508 47.732733 0.375781
v 6.496255 47.726740 0.367729
v 9.815992 47.720757 0.359693
v 13.135732 47.714766 0.351656
v -13.421863 50.476221 -1.393485
v -10.102123 50.470231 -1.401522
v -6.782382 50.464244 -1.409564
v -3.462641 50.458257 -1.417592
v -0.142901 50.452260 -1.425636
v 3.176841 50.446276 -1.433668
v 6.496582 50.440282 -1.441709
v 9.816322 50.434292 -1.449745
v 13.136064 50.428309 -1.457784
v -13.421596 52.632433 -2.826183
v -10.101854 52.626446 -2.834219
v -6.782113 52.620448 -2.842270
v -3.462373 52.614472 -2.850291
v -0.142630 52.608475 -2.858334
v 3.177109 52.602484 -2.866372
v 6.496851 52.596493 -2.874405
v 9.816592 52.590499 -2.882450
v 13.136331 52.584521 -2.890490
v -16.692420 31.840270 18.482620
v -16.732405 31.872478 18.434624
v -13.412626 31.834351 18.474678
v -13.412663 31.866487 18.426586
v -16.696801 28.513703 18.128060
v -16.736827 28.517260 18.074937
v -10.092886 31.828361 18.466640
v -10.092923 31.860497 18.418548
v -6.813089 31.822442 18.458699
v -6.773181 31.854506 18.410510
v -6.817470 28.495876 18.104139
v -6.777603 28.499289 18.050822
v 6.545764 31.798337 18.426352
v 6.505780 31.830545 18.378357
v 9.825560 31.792418 18.418411
v 9.825523 31.824554 18.370319
v 6.541383 28.471770 18.071793
v 6.501359 28.475327 18.018670
v 13.145301 31.786428 18.410373
v 13.145264 31.818564 18.362281
v 16.425095 31.780509 18.402431
v 16.465005 31.812573 18.354243
v 16.420714 28.453943 18.047872
v 16.460583 28.457356 17.994555
v -16.701066 26.763829 16.673435
v -16.740999 26.804889 16.652428
v -6.821735 26.746002 16.649514
v -6.781775 26.786918 16.628314
v 6.537118 26.721896 16.617168
v 6.497187 26.762956 16.596161
v 16.416449 26.704069 16.593246
v 16.456411 26.744984 16.572046
v -16.704169 26.806491 14.634316
v -16.744069 26.847504 14.635139
v -16.706093 27.300129 13.021220
v -16.745963 27.343286 13.037982
v -6.824839 26.788664 14.610395
v -6.784844 26.829532 14.611024
v -6.746797 27.324545 13.015383
v -6.786679 27.321112 13.058932
v -6.826766 27.282304 12.997303
v -6.786865 27.297046 12.956605
v 6.534015 26.764558 14.578049
v 6.494117 26.805570 14.578872
v 6.492284 27.297152 13.026775
v 6.452275 27.300728 12.983420
v 6.492098 27.273086 12.924446
v 6.532090 27.258198 12.964953
v 16.413345 26.746731 14.554128
v 16.453341 26.787599 14.554757
v 16.411420 27.240371 12.941032
v 16.451443 27.283384 12.957600
v -16.706844 28.301277 11.790200
v -16.746696 28.339599 11.823427
v -3.467047 27.296247 12.993870
v -3.466916 27.323974 13.058212
v -0.147308 27.290259 12.985830
v -0.147177 27.317990 13.050174
v 3.172434 27.284266 12.977793
v 3.172565 27.311993 13.042135
v 16.410672 28.241513 11.710010
v 16.450715 28.279692 11.743037
v -16.706831 30.646238 10.051313
v -16.746682 30.675613 10.091960
v 16.410684 30.586476 9.971125
v 16.450728 30.615707 10.011581
v -16.706493 33.430559 8.194698
v -16.746344 33.458488 8.236305
v 16.411022 33.370806 8.114514
v 16.451066 33.398587 8.155929
v -16.706155 36.214862 6.338067
v -16.746007 36.242791 6.379675
v 16.411361 36.155102 6.257876
v 16.451405 36.182887 6.299289
v -16.705816 38.999156 4.481410
v -16.745666 39.027093 4.523017
v 16.411698 38.939403 4.401232
v 16.451742 38.967192 4.442644
v -16.705479 41.783477 2.624813
v -16.745328 41.811410 2.666419
v 16.412033 41.723728 2.544637
v 16.452075 41.751513 2.586050
v -16.705213 44.148440 1.035018
v -16.745064 44.176365 1.076624
v 16.412302 44.088679 0.954830
v 16.452345 44.116461 0.996242
v -16.704876 46.932727 -0.821592
v -16.744727 46.960660 -0.779986
v 16.412639 46.872960 -0.901785
v 16.452683 46.900748 -0.860373
v -16.704538 49.717043 -2.678221
v -16.744390 49.742620 -2.635042
v 16.412977 49.657286 -2.758408
v 16.453020 49.682719 -2.715427
v -16.704372 51.651436 -4.012341
v -16.744220 51.684409 -3.972445
v 16.413143 51.591684 -4.092531
v 16.453190 51.624512 -4.052831
v -16.705133 52.246624 -4.948145
v -16.705191 52.187089 -4.941721
v -16.745048 52.225670 -4.911572
v -13.425398 52.181171 -4.949667
v -13.425340 52.240706 -4.956092
v -10.105657 52.175180 -4.957704
v -10.105598 52.234715 -4.964129
v -6.785915 52.169183 -4.965759
v -6.785856 52.228718 -4.972183
v -3.466173 52.163207 -4.973781
v -3.466115 52.222742 -4.980205
v -0.146434 52.157217 -4.981819
v -0.146375 52.216751 -4.988243
v 3.173308 52.151219 -4.989862
v 3.173366 52.210753 -4.996286
v 6.493047 52.145235 -4.997890
v 6.493106 52.204770 -5.004313
v 9.812789 52.139234 -5.005939
v 9.812847 52.198765 -5.012364
v 13.132529 52.133255 -5.013976
v 13.132587 52.192790 -5.020401
v 16.452363 52.165769 -4.991959
v 16.412325 52.127329 -5.021916
v 16.412383 52.186864 -5.028340
v -16.734461 31.892350 17.089882
v -16.694650 31.838586 17.041656
v -13.414855 31.832667 17.033714
v -13.414719 31.886360 17.081844
v -16.738106 29.058087 16.844413
v -16.698229 29.063175 16.794742
v -10.095115 31.826677 17.025676
v -10.094979 31.880369 17.073806
v -6.815319 31.820759 17.017734
v -6.775237 31.874379 17.065768
v -6.818898 29.045350 16.770823
v -6.778882 29.040118 16.820297
v 6.503724 31.850417 17.033615
v 6.543534 31.796653 16.985388
v 9.823330 31.790734 16.977447
v 9.823467 31.844427 17.025577
v 6.500079 29.016156 16.788144
v 6.539955 29.021244 16.738477
v 13.143072 31.784744 16.969409
v 13.143208 31.838436 17.017539
v 16.422865 31.778825 16.961467
v 16.462949 31.832446 17.009500
v 16.419286 29.003417 16.714556
v 16.459304 28.998184 16.764030
v -16.700740 27.992516 15.968938
v -16.740702 27.951600 15.990138
v -16.742527 28.059494 14.729055
v -16.702519 28.102889 14.735764
v -6.781477 27.933629 15.966023
v -6.821409 27.974688 15.945017
v -6.823188 28.085061 14.711843
v -6.783302 28.041531 14.705053
v 6.537444 27.950583 15.912671
v 6.497484 27.909667 15.933871
v 6.495658 28.017569 14.672904
v 6.535665 28.060957 14.679501
v 16.456708 27.891696 15.909756
v 16.416775 27.932755 15.888750
v 16.414996 28.043128 14.655576
v 16.454883 27.999589 14.648674
v -16.743848 28.548702 13.507760
v -16.703827 28.591618 13.524673
v -6.746116 28.518163 13.529686
v -6.784537 28.573973 13.511556
v -6.824395 28.559792 13.546289
v -6.784521 28.511546 13.568270
v 6.494426 28.550016 13.479403
v 6.455935 28.494342 13.497720
v 6.494442 28.486852 13.536531
v 6.534359 28.535692 13.513945
v 16.413687 28.531862 13.444483
v 16.453558 28.488801 13.427375
v -16.744029 29.410797 12.751147
v -16.703987 29.448975 12.784178
v -3.463963 28.544589 13.684917
v -3.464623 28.489044 13.702651
v -0.144796 28.539001 13.679865
v -0.144832 28.483500 13.697953
v 3.174362 28.532608 13.668849
v 3.174949 28.477061 13.686578
v 16.413531 29.389209 12.703984
v 16.453383 29.350888 12.670765
v -16.743981 31.496106 11.227542
v -16.703937 31.525331 11.267992
v 16.413576 31.465567 11.187805
v 16.453426 31.436198 11.147163
v -16.743650 34.238647 9.398785
v -16.703606 34.266435 9.440196
v 16.413912 34.206679 9.360009
v 16.453763 34.178750 9.318404
v -16.743312 37.022962 7.542153
v -16.703268 37.050739 7.583562
v 16.414253 36.990994 7.503371
v 16.454102 36.963065 7.461762
v -16.742973 39.807256 5.685492
v -16.702929 39.835041 5.726905
v 16.414587 39.775280 5.646725
v 16.454438 39.747351 5.605120
v -16.742635 42.591569 3.828897
v -16.702592 42.619350 3.870310
v 16.414920 42.559609 3.790130
v 16.454770 42.531680 3.748524
v -16.742370 44.956536 2.239101
v -16.702326 44.984321 2.280513
v 16.415192 44.924560 2.200324
v 16.455043 44.896631 2.158718
v -16.742028 47.740819 0.382492
v -16.701985 47.768604 0.423904
v 16.415528 47.708844 0.343714
v 16.455379 47.680915 0.302107
v -16.741697 50.456725 -1.428519
v -16.701655 50.482147 -1.385535
v 16.415857 50.422394 -1.465723
v 16.455708 50.396828 -1.508904
v -16.702465 53.342506 -4.039969
v -16.702588 53.325028 -4.106500
v -16.742501 53.304074 -4.069926
v -13.422794 53.319110 -4.114446
v -13.422671 53.336588 -4.047916
v -16.701386 52.638351 -2.818236
v -16.741431 52.605534 -2.857935
v -10.103057 53.313119 -4.122483
v -10.102934 53.330598 -4.055953
v -6.783309 53.307126 -4.130543
v -6.783186 53.324605 -4.064014
v -3.463577 53.301146 -4.138567
v -3.463454 53.318629 -4.072036
v -0.143830 53.295156 -4.146597
v -0.143707 53.312634 -4.080067
v 3.175912 53.289158 -4.154647
v 3.176035 53.306637 -4.088117
v 6.495647 53.283175 -4.162671
v 6.495770 53.300653 -4.096141
v 9.815395 53.277169 -4.170719
v 9.815518 53.294648 -4.104189
v 13.135128 53.271190 -4.178761
v 13.135251 53.288669 -4.112230
v 16.415050 53.282751 -4.120176
v 16.454907 53.244178 -4.150325
v 16.414927 53.265272 -4.186706
v 16.455974 52.545645 -2.938321
v 16.416126 52.578610 -2.898427
vt 0.100000 0.075000
vt 0.200000 0.075000
vt 0.200000 0.100000
vt 0.100000 0.100000
vt 0.800000 0.075000
vt 0.900000 0.075000
vt 0.900000 0.100000
vt 0.800000 0.100000
vt 0.200000 0.150000
vt 0.100000 0.150000
vt 0.900000 0.150000
vt 0.800000 0.150000
vt 0.200000 0.200000
vt 0.100000 0.200000
vt 0.298798 0.150000
vt 0.300000 0.150708
vt 0.300000 0.200000
vt 0.900000 0.200000
vt 0.800000 0.200000
vt 0.200000 0.250000
vt 0.100000 0.250000
vt 0.300000 0.250000
vt 0.400000 0.200000
vt 0.400000 0.250000
vt 0.500000 0.200000
vt 0.500000 0.250000
vt 0.600000 0.200000
vt 0.600000 0.250000
vt 0.700000 0.200000
vt 0.700000 0.250000
vt 0.800000 0.250000
vt 0.900000 0.250000
vt 0.200000 0.300000
vt 0.100000 0.300000
vt 0.300000 0.300000
vt 0.400000 0.300000
vt 0.500000 0.300000
vt 0.600000 0.300000
vt 0.700000 0.300000
vt 0.800000 0.300000
vt 0.900000 0.300000
vt 0.200000 0.350000
vt 0.100000 0.350000
vt 0.300000 0.350000
vt 0.400000 0.350000
vt 0.500000 0.350000
vt 0.600000 0.350000
vt 0.700000 0.350000
vt 0.800000 0.350000
vt 0.900000 0.350000
vt 0.200000 0.400000
vt 0.100000 0.400000
vt 0.300000 0.400000
vt 0.400000 0.400000
vt 0.500000 0.400000
vt 0.600000 0.400000
vt 0.700000 0.400000
vt 0.800000 0.400000
vt 0.900000 0.400000
vt 0.200000 0.450000
vt 0.100000 0.450000
vt 0.300000 0.450000
vt 0.400000 0.450000
vt 0.500000 0.450000
vt 0.600000 0.450000
vt 0.700000 0.450000
vt 0.800000 0.450000
vt 0.900000 0.450000
vt 0.200000 0.500000
vt 0.100000 0.500000
vt 0.300000 0.500000
vt 0.400000 0.500000
vt 0.500000 0.500000
vt 0.600000 0.500000
vt 0.700000 0.500000
vt 0.800000 0.500000
vt 0.900000 0.500000
vt 0.200000 0.550000
vt 0.100000 0.550000
vt 0.300000 0.550000
vt 0.400000 0.550000
vt 0.500000 0.550000
vt 0.600000 0.550000
vt 0.700000 0.550000
vt 0.800000 0.550000
vt 0.900000 0.550000
vt 0.200000 0.600000
vt 0.100000 0.600000
vt 0.300000 0.600000
vt 0.400000 0.600000
vt 0.500000 0.600000
vt 0.600000 0.600000
vt 0.700000 0.600000
vt 0.800000 0.600000
vt 0.900000 0.600000
vt 0.100000 0.050000
vt 0.200000 0.050000
vt 0.800000 0.050000
vt 0.900000 0.050000
vt 0.200000 0.635000
vt 0.100000 0.635000
vt 0.300000 0.635000
vt 0.400000 0.635000
vt 0.500000 0.635000
vt 0.600000 0.635000
vt 0.700000 0.635000
vt 0.800000 0.635000
vt 0.900000 0.635000
vt 0.100000 0.075000
vt 0.100000 0.100000
vt 0.200000 0.100000
vt 0.200000 0.075000
vt 0.800000 0.075000
vt 0.800000 0.100000
vt 0.900000 0.100000
vt 0.900000 0.075000
vt 0.100000 0.150000
vt 0.200000 0.150000
vt 0.800000 0.150000
vt 0.900000 0.150000
vt 0.100000 0.200000
vt 0.200000 0.200000
vt 0.300000 0.200000
vt 0.300000 0.150672
vt 0.298797 0.150000
vt 0.800000 0.200000
vt 0.900000 0.200000
vt 0.100000 0.250000
vt 0.200000 0.250000
vt 0.300000 0.250000
vt 0.400000 0.250000
vt 0.400000 0.200000
vt 0.500000 0.250000
vt 0.500000 0.200000
vt 0.600000 0.250000
vt 0.600000 0.200000
vt 0.700000 0.250000
vt 0.700000 0.200000
vt 0.800000 0.250000
vt 0.900000 0.250000
vt 0.100000 0.300000
vt 0.200000 0.300000
vt 0.300000 0.300000
vt 0.400000 0.300000
vt 0.500000 0.300000
vt 0.600000 0.300000
vt 0.700000 0.300000
vt 0.800000 0.300000
vt 0.900000 0.300000
vt 0.100000 0.350000
vt 0.200000 0.350000
vt 0.300000 0.350000
vt 0.400000 0.350000
vt 0.500000 0.350000
vt 0.600000 0.350000
vt 0.700000 0.350000
vt 0.800000 0.350000
vt 0.900000 0.350000
vt 0.100000 0.400000
vt 0.200000 0.400000
vt 0.300000 0.400000
vt 0.400000 0.400000
vt 0.500000 0.400000
vt 0.600000 0.400000
vt 0.700000 0.400000
vt 0.800000 0.400000
vt 0.900000 0.400000
vt 0.100000 0.450000
vt 0.200000 0.450000
vt 0.300000 0.450000
vt 0.400000 0.450000
vt 0.500000 0.450000
vt 0.600000 0.450000
vt 0.700000 0.450000
vt 0.800000 0.450000
vt 0.900000 0.450000
vt 0.100000 0.500000
vt 0.200000 0.500000
vt 0.300000 0.500000
vt 0.400000 0.500000
vt 0.500000 0.500000
vt 0.600000 0.500000
vt 0.700000 0.500000
vt 0.800000 0.500000
vt 0.900000 0.500000
vt 0.100000 0.550000
vt 0.200000 0.550000
vt 0.300000 0.550000
vt 0.400000 0.550000
vt 0.500000 0.550000
vt 0.600000 0.550000
vt 0.700000 0.550000
vt 0.800000 0.550000
vt 0.900000 0.550000
vt 0.100000 0.600000
vt 0.200000 0.600000
vt 0.300000 0.600000
vt 0.400000 0.600000
vt 0.500000 0.600000
vt 0.600000 0.600000
vt 0.700000 0.600000
vt 0.800000 0.600000
vt 0.900000 0.600000
vt 0.100000 0.050000
vt 0.200000 0.050000
vt 0.800000 0.050000
vt 0.900000 0.050000
vt 0.100000 0.635000
vt 0.200000 0.635000
vt 0.300000 0.635000
vt 0.400000 0.635000
vt 0.500000 0.635000
vt 0.600000 0.635000
vt 0.700000 0.635000
vt 0.800000 0.635000
vt 0.900000 0.635000
vt 0.701203 0.150000
vt 0.700000 0.150672
vt 0.700000 0.150708
vt 0.701202 0.150000
vt 0.001203 0.000528
vt 0.000000 0.000044
vt 0.000000 0.049840
vt 0.001203 0.050000
vt 0.100000 0.000528
vt 0.100000 0.000044
vt 0.200000 0.000528
vt 0.200000 0.000044
vt 0.000000 0.050131
vt 0.000000 0.074432
vt 0.001203 0.075000
vt 0.298797 0.000528
vt 0.300000 0.000044
vt 0.298797 0.050000
vt 0.300000 0.049840
vt 0.300000 0.050131
vt 0.298797 0.075000
vt 0.300000 0.074432
vt 0.701203 0.000528
vt 0.700000 0.000044
vt 0.700000 0.049840
vt 0.701203 0.050000
vt 0.800000 0.000528
vt 0.800000 0.000044
vt 0.900000 0.000528
vt 0.900000 0.000044
vt 0.700000 0.050131
vt 0.700000 0.074432
vt 0.701203 0.075000
vt 0.998797 0.000528
vt 1.000000 0.000044
vt 0.998797 0.050000
vt 1.000000 0.049840
vt 1.000000 0.050131
vt 0.998797 0.075000
vt 1.000000 0.074432
vt 0.000000 0.075201
vt 0.000000 0.099938
vt 0.001203 0.100000
vt 0.300000 0.075201
vt 0.298797 0.100000
vt 0.300000 0.099938
vt 0.700000 0.075201
vt 0.700000 0.099938
vt 0.701203 0.100000
vt 1.000000 0.075201
vt 0.998797 0.100000
vt 1.000000 0.099938
vt 0.000000 0.100204
vt 0.000000 0.149977
vt 0.001203 0.150000
vt 0.000000 0.150227
vt 0.000000 0.200000
vt 0.001203 0.200000
vt 0.300000 0.100204
vt 0.300000 0.148883
vt 0.300000 0.148745
vt 0.301203 0.150000
vt 0.301158 0.150000
vt 0.300000 0.148746
vt 0.301203 0.150201
vt 0.400000 0.150643
vt 0.400000 0.150150
vt 0.700000 0.100204
vt 0.700000 0.148883
vt 0.698797 0.150000
vt 0.700000 0.148745
vt 0.700000 0.148727
vt 0.698842 0.150000
vt 0.698797 0.150201
vt 0.600000 0.150150
vt 0.600000 0.150643
vt 1.000000 0.100204
vt 0.998797 0.150000
vt 1.000000 0.149977
vt 1.000000 0.150227
vt 0.998797 0.200000
vt 1.000000 0.200000
vt 0.000000 0.200261
vt 0.000000 0.250000
vt 0.001203 0.250000
vt 0.500000 0.150643
vt 0.500000 0.150150
vt 1.000000 0.200261
vt 0.998797 0.250000
vt 1.000000 0.250000
vt 0.000000 0.250174
vt 0.000000 0.300000
vt 0.001203 0.300000
vt 1.000000 0.250174
vt 0.998797 0.300000
vt 1.000000 0.300000
vt 0.000000 0.300148
vt 0.000000 0.350000
vt 0.001203 0.350000
vt 1.000000 0.300148
vt 0.998797 0.350000
vt 1.000000 0.350000
vt 0.000000 0.350148
vt 0.000000 0.400000
vt 0.001203 0.400000
vt 1.000000 0.350148
vt 0.998797 0.400000
vt 1.000000 0.400000
vt 0.000000 0.400148
vt 0.000000 0.450000
vt 0.001203 0.450000
vt 1.000000 0.400148
vt 0.998797 0.450000
vt 1.000000 0.450000
vt 0.000000 0.450148
vt 0.000000 0.500000
vt 0.001203 0.500000
vt 1.000000 0.450148
vt 0.998797 0.500000
vt 1.000000 0.500000
vt 0.000000 0.500148
vt 0.000000 0.550000
vt 0.001203 0.550000
vt 1.000000 0.500148
vt 0.998797 0.550000
vt 1.000000 0.550000
vt 0.000000 0.550148
vt 0.000000 0.600000
vt 0.001203 0.600000
vt 1.000000 0.550148
vt 0.998797 0.600000
vt 1.000000 0.600000
vt 0.000000 0.600181
vt 0.000000 0.635000
vt 0.001203 0.635000
vt 1.000000 0.600181
vt 0.998797 0.635000
vt 1.000000 0.635000
vt 0.000000 0.649592
vt 0.001203 0.649433
vt 0.998797 0.649433
vt 1.000000 0.649592
vt 0.001203 0.650000
vt 0.000000 0.649565
vt 0.000000 0.649565
vt 0.001203 0.650000
vt 0.001177 0.649824
vt 0.100000 0.650000
vt 0.100000 0.649433
vt 0.200000 0.650000
vt 0.200000 0.649433
vt 0.300000 0.650000
vt 0.300000 0.649434
vt 0.400000 0.650000
vt 0.400000 0.649433
vt 0.500000 0.650000
vt 0.500000 0.649433
vt 0.600000 0.650000
vt 0.600000 0.649433
vt 0.700000 0.650000
vt 0.700000 0.649433
vt 0.800000 0.650000
vt 0.800000 0.649433
vt 0.900000 0.650000
vt 0.900000 0.649433
vt 0.998809 0.650000
vt 1.000000 0.649565
vt 0.998797 0.650000
vt 0.998797 0.650000
vt 1.000000 0.649565
vt 0.000000 0.000000
vt 0.001203 0.000602
vt 0.001203 0.050000
vt 0.000000 0.050000
vt 0.100000 0.000000
vt 0.100000 0.000602
vt 0.200000 0.000000
vt 0.200000 0.000602
vt 0.001203 0.075000
vt 0.000000 0.075000
vt 0.300000 0.000000
vt 0.298797 0.000602
vt 0.300000 0.050000
vt 0.298797 0.050000
vt 0.300000 0.075000
vt 0.298797 0.075000
vt 0.700000 0.000000
vt 0.701203 0.000602
vt 0.701203 0.050000
vt 0.700000 0.050000
vt 0.800000 0.000000
vt 0.800000 0.000602
vt 0.900000 0.000000
vt 0.900000 0.000602
vt 0.701203 0.075000
vt 0.700000 0.075000
vt 1.000000 0.000000
vt 0.998797 0.000602
vt 1.000000 0.050000
vt 0.998797 0.050000
vt 1.000000 0.075000
vt 0.998797 0.075000
vt 0.001203 0.100000
vt 0.000000 0.100000
vt 0.001203 0.150000
vt 0.000000 0.150000
vt 0.300000 0.099999
vt 0.298797 0.100000
vt 0.701203 0.100000
vt 0.700000 0.099999
vt 1.000000 0.100000
vt 0.998797 0.100000
vt 1.000000 0.150000
vt 0.998797 0.150000
vt 0.001203 0.200000
vt 0.000000 0.200000
vt 0.399999 0.150000
vt 0.400017 0.150710
vt 0.599983 0.150710
vt 0.600001 0.150000
vt 1.000000 0.200000
vt 0.998797 0.200000
vt 0.001203 0.250000
vt 0.000000 0.250000
vt 0.500000 0.150000
vt 0.500000 0.150710
vt 1.000000 0.250000
vt 0.998797 0.250000
vt 0.001203 0.300000
vt 0.000000 0.300000
vt 1.000000 0.300000
vt 0.998797 0.300000
vt 0.001203 0.350000
vt 0.000000 0.350000
vt 1.000000 0.350000
vt 0.998797 0.350000
vt 0.001203 0.400000
vt 0.000000 0.400000
vt 1.000000 0.400000
vt 0.998797 0.400000
vt 0.001203 0.450000
vt 0.000000 0.450000
vt 1.000000 0.450000
vt 0.998797 0.450000
vt 0.001203 0.500000
vt 0.000000 0.500000
vt 1.000000 0.500000
vt 0.998797 0.500000
vt 0.001203 0.550000
vt 0.000000 0.550000
vt 1.000000 0.550000
vt 0.998797 0.550000
vt 0.001203 0.600000
vt 0.000000 0.600000
vt 1.000000 0.600000
vt 0.998797 0.600000
vt 0.001203 0.635000
vt 0.000000 0.635000
vt 1.000000 0.635000
vt 0.998797 0.635000
vt 0.001203 0.649565
vt 0.100000 0.649565
vt 0.100000 0.650000
vt 0.200000 0.649565
vt 0.200000 0.650000
vt 0.300000 0.649565
vt 0.300000 0.650000
vt 0.400000 0.649565
vt 0.400000 0.650000
vt 0.500000 0.649565
vt 0.500000 0.650000
vt 0.600000 0.649565
vt 0.600000 0.650000
vt 0.700000 0.649565
vt 0.700000 0.650000
vt 0.800000 0.649565
vt 0.800000 0.650000
vt 0.900000 0.649565
vt 0.900000 0.650000
vt 0.998797 0.649565
vt 0.000000 0.000000
vt 0.100000 0.000000
vt 0.000000 0.050000
vt 0.200000 0.000000
vt 0.300000 0.000000
vt 0.300000 0.050000
vt 0.700000 0.000000
vt 0.800000 0.000000
vt 0.700000 0.050000
vt 0.900000 0.000000
vt 1.000000 0.000000
vt 1.000000 0.050000
vt 0.000000 0.100000
vt 0.000000 0.075000
vt 0.300000 0.075000
vt 0.300000 0.100000
vt 0.700000 0.100000
vt 0.700000 0.075000
vt 1.000000 0.075000
vt 1.000000 0.100000
vt 0.000000 0.150000
vt 1.000000 0.150000
vt 0.400000 0.150000
vt 0.500000 0.150000
vt 0.600000 0.150000
vt 0.300000 0.149936
vt 0.700000 0.149342
vn 0.002013 0.996017 0.089143
vn 0.002013 0.996017 0.089143
vn 0.002013 0.996017 0.089143
vn 0.002013 0.996017 0.089143
vn 0.001628 0.997477 -0.070968
vn 0.001628 0.997477 -0.070968
vn 0.002200 0.984578 0.174934
vn 0.002008 0.984729 0.174082
vn 0.002200 0.984578 0.174933
vn 0.002389 0.984729 0.174080
vn 0.002509 0.925217 0.379429
vn 0.002588 0.925333 0.379147
vn 0.002008 0.984729 0.174082
vn 0.002200 0.984578 0.174934
vn 0.002589 0.925333 0.379146
vn 0.002668 0.925217 0.379429
vn 0.002588 0.925333 0.379147
vn 0.002509 0.925217 0.379429
vn 0.002802 0.765094 0.643913
vn 0.002940 0.764740 0.644332
vn 0.002509 0.925217 0.379429
vn 0.002305 0.919753 0.392490
vn -0.000355 0.908896 0.417023
vn 0.001474 0.767341 0.641237
vn 0.002802 0.765094 0.643913
vn 0.002668 0.925217 0.379429
vn 0.002589 0.925333 0.379146
vn 0.002941 0.764740 0.644332
vn 0.003079 0.765093 0.643912
vn 0.002940 0.764740 0.644332
vn 0.002802 0.765094 0.643913
vn 0.003020 0.592411 0.805630
vn 0.003020 0.592411 0.805630
vn 0.002802 0.765094 0.643913
vn 0.001474 0.767341 0.641237
vn 0.003020 0.592411 0.805630
vn 0.003020 0.592411 0.805630
vn 0.001474 0.767341 0.641237
vn 0.001573 0.771137 0.636667
vn 0.003020 0.592412 0.805630
vn 0.003020 0.592411 0.805630
vn 0.001573 0.771137 0.636667
vn 0.002931 0.773034 0.634357
vn 0.003020 0.592411 0.805630
vn 0.003020 0.592412 0.805630
vn 0.002931 0.773034 0.634357
vn 0.004293 0.771132 0.636661
vn 0.003018 0.592411 0.805630
vn 0.003020 0.592411 0.805630
vn 0.004293 0.771132 0.636661
vn 0.004399 0.767335 0.641231
vn 0.003020 0.592411 0.805630
vn 0.003018 0.592411 0.805630
vn 0.004399 0.767335 0.641231
vn 0.003079 0.765093 0.643912
vn 0.003021 0.592411 0.805630
vn 0.003020 0.592411 0.805630
vn 0.003079 0.765093 0.643912
vn 0.002941 0.764740 0.644332
vn 0.003020 0.592411 0.805630
vn 0.003021 0.592411 0.805630
vn 0.003020 0.592411 0.805630
vn 0.003020 0.592411 0.805630
vn 0.003016 0.556144 0.831080
vn 0.003015 0.556145 0.831080
vn 0.003020 0.592411 0.805630
vn 0.003020 0.592411 0.805630
vn 0.003017 0.556145 0.831080
vn 0.003016 0.556144 0.831080
vn 0.003020 0.592411 0.805630
vn 0.003020 0.592412 0.805630
vn 0.003017 0.556146 0.831079
vn 0.003017 0.556145 0.831080
vn 0.003020 0.592412 0.805630
vn 0.003020 0.592411 0.805630
vn 0.003015 0.556146 0.831079
vn 0.003017 0.556146 0.831079
vn 0.003020 0.592411 0.805630
vn 0.003018 0.592411 0.805630
vn 0.003016 0.556146 0.831079
vn 0.003015 0.556146 0.831079
vn 0.003018 0.592411 0.805630
vn 0.003020 0.592411 0.805630
vn 0.003016 0.556146 0.831079
vn 0.003016 0.556146 0.831079
vn 0.003020 0.592411 0.805630
vn 0.003021 0.592411 0.805630
vn 0.003016 0.556144 0.831080
vn 0.003016 0.556146 0.831079
vn 0.003021 0.592411 0.805630
vn 0.003020 0.592411 0.805630
vn 0.003016 0.556144 0.831081
vn 0.003016 0.556144 0.831080
vn 0.003015 0.556145 0.831080
vn 0.003016 0.556144 0.831080
vn 0.003016 0.556150 0.831077
vn 0.003013 0.556150 0.831077
vn 0.003016 0.556144 0.831080
vn 0.003017 0.556145 0.831080
vn 0.003017 0.556150 0.831077
vn 0.003016 0.556150 0.831077
vn 0.003017 0.556145 0.831080
vn 0.003017 0.556146 0.831079
vn 0.003017 0.556150 0.831077
vn 0.003017 0.556150 0.831077
vn 0.003017 0.556146 0.831079
vn 0.003015 0.556146 0.831079
vn 0.003015 0.556150 0.831077
vn 0.003017 0.556150 0.831077
vn 0.003015 0.556146 0.831079
vn 0.003016 0.556146 0.831079
vn 0.003016 0.556150 0.831077
vn 0.003015 0.556150 0.831077
vn 0.003016 0.556146 0.831079
vn 0.003016 0.556146 0.831079
vn 0.003015 0.556150 0.831077
vn 0.003016 0.556150 0.831077
vn 0.003016 0.556146 0.831079
vn 0.003016 0.556144 0.831080
vn 0.003013 0.556149 0.831077
vn 0.003015 0.556150 0.831077
vn 0.003016 0.556144 0.831080
vn 0.003016 0.556144 0.831081
vn 0.003017 0.556149 0.831077
vn 0.003013 0.556149 0.831077
vn 0.003013 0.556150 0.831077
vn 0.003016 0.556150 0.831077
vn 0.003016 0.556147 0.831079
vn 0.003013 0.556147 0.831079
vn 0.003016 0.556150 0.831077
vn 0.003017 0.556150 0.831077
vn 0.003017 0.556147 0.831079
vn 0.003016 0.556147 0.831079
vn 0.003017 0.556150 0.831077
vn 0.003017 0.556150 0.831077
vn 0.003017 0.556146 0.831079
vn 0.003017 0.556147 0.831079
vn 0.003017 0.556150 0.831077
vn 0.003015 0.556150 0.831077
vn 0.003015 0.556146 0.831079
vn 0.003017 0.556146 0.831079
vn 0.003015 0.556150 0.831077
vn 0.003016 0.556150 0.831077
vn 0.003016 0.556147 0.831079
vn 0.003015 0.556146 0.831079
vn 0.003016 0.556150 0.831077
vn 0.003015 0.556150 0.831077
vn 0.003015 0.556147 0.831079
vn 0.003016 0.556147 0.831079
vn 0.003015 0.556150 0.831077
vn 0.003013 0.556149 0.831077
vn 0.003015 0.556148 0.831078
vn 0.003015 0.556147 0.831079
vn 0.003013 0.556149 0.831077
vn 0.003017 0.556149 0.831077
vn 0.003017 0.556148 0.831078
vn 0.003015 0.556148 0.831078
vn 0.003013 0.556147 0.831079
vn 0.003016 0.556147 0.831079
vn 0.003016 0.556144 0.831080
vn 0.003015 0.556144 0.831081
vn 0.003016 0.556147 0.831079
vn 0.003017 0.556147 0.831079
vn 0.003016 0.556144 0.831080
vn 0.003016 0.556144 0.831080
vn 0.003017 0.556147 0.831079
vn 0.003017 0.556146 0.831079
vn 0.003016 0.556144 0.831081
vn 0.003016 0.556144 0.831080
vn 0.003017 0.556146 0.831079
vn 0.003015 0.556146 0.831079
vn 0.003017 0.556144 0.831081
vn 0.003016 0.556144 0.831081
vn 0.003015 0.556146 0.831079
vn 0.003016 0.556147 0.831079
vn 0.003017 0.556144 0.831080
vn 0.003017 0.556144 0.831081
vn 0.003016 0.556147 0.831079
vn 0.003015 0.556147 0.831079
vn 0.003016 0.556145 0.831080
vn 0.003017 0.556144 0.831080
vn 0.003015 0.556147 0.831079
vn 0.003015 0.556148 0.831078
vn 0.003016 0.556146 0.831079
vn 0.003016 0.556145 0.831080
vn 0.003015 0.556148 0.831078
vn 0.003017 0.556148 0.831078
vn 0.003016 0.556144 0.831080
vn 0.003016 0.556146 0.831079
vn 0.003015 0.556144 0.831081
vn 0.003016 0.556144 0.831080
vn 0.003016 0.556148 0.831078
vn 0.003016 0.556147 0.831078
vn 0.003016 0.556144 0.831080
vn 0.003016 0.556144 0.831080
vn 0.003016 0.556148 0.831078
vn 0.003016 0.556148 0.831078
vn 0.003016 0.556144 0.831080
vn 0.003016 0.556144 0.831081
vn 0.003016 0.556148 0.831078
vn 0.003016 0.556148 0.831078
vn 0.003016 0.556144 0.831081
vn 0.003017 0.556144 0.831081
vn 0.003016 0.556147 0.831078
vn 0.003016 0.556148 0.831078
vn 0.003017 0.556144 0.831081
vn 0.003017 0.556144 0.831080
vn 0.003017 0.556147 0.831079
vn 0.003016 0.556147 0.831078
vn 0.003017 0.556144 0.831080
vn 0.003016 0.556145 0.831080
vn 0.003016 0.556147 0.831079
vn 0.003017 0.556147 0.831079
vn 0.003016 0.556145 0.831080
vn 0.003016 0.556146 0.831079
vn 0.003015 0.556147 0.831079
vn 0.003016 0.556147 0.831079
vn 0.003016 0.556146 0.831079
vn 0.003016 0.556144 0.831080
vn 0.003015 0.556147 0.831079
vn 0.003015 0.556147 0.831079
vn 0.003016 0.556147 0.831078
vn 0.003016 0.556148 0.831078
vn 0.003015 0.556148 0.831078
vn 0.003017 0.556148 0.831078
vn 0.003016 0.556148 0.831078
vn 0.003016 0.556148 0.831078
vn 0.003016 0.556147 0.831078
vn 0.003015 0.556148 0.831078
vn 0.003016 0.556148 0.831078
vn 0.003016 0.556148 0.831078
vn 0.003016 0.556147 0.831078
vn 0.003016 0.556147 0.831078
vn 0.003016 0.556148 0.831078
vn 0.003016 0.556147 0.831078
vn 0.003015 0.556148 0.831078
vn 0.003016 0.556147 0.831078
vn 0.003016 0.556147 0.831078
vn 0.003017 0.556147 0.831079
vn 0.003017 0.556147 0.831078
vn 0.003015 0.556148 0.831078
vn 0.003017 0.556147 0.831079
vn 0.003016 0.556147 0.831079
vn 0.003017 0.556147 0.831079
vn 0.003017 0.556147 0.831078
vn 0.003016 0.556147 0.831079
vn 0.003015 0.556147 0.831079
vn 0.003015 0.556147 0.831079
vn 0.003017 0.556147 0.831079
vn 0.003015 0.556147 0.831079
vn 0.003015 0.556147 0.831079
vn 0.003016 0.556147 0.831079
vn 0.003015 0.556147 0.831079
vn 0.003017 0.556148 0.831078
vn 0.003015 0.556148 0.831078
vn 0.003002 0.506628 0.862159
vn 0.003003 0.506628 0.862160
vn 0.003015 0.556148 0.831078
vn 0.003016 0.556147 0.831078
vn 0.003001 0.506629 0.862159
vn 0.003002 0.506628 0.862159
vn 0.003016 0.556147 0.831078
vn 0.003016 0.556147 0.831078
vn 0.003002 0.506628 0.862160
vn 0.003001 0.506629 0.862159
vn 0.003016 0.556147 0.831078
vn 0.003015 0.556148 0.831078
vn 0.003002 0.506628 0.862160
vn 0.003002 0.506628 0.862160
vn 0.003015 0.556148 0.831078
vn 0.003017 0.556147 0.831078
vn 0.003002 0.506628 0.862159
vn 0.003002 0.506628 0.862160
vn 0.003017 0.556147 0.831078
vn 0.003017 0.556147 0.831079
vn 0.003003 0.506628 0.862160
vn 0.003002 0.506628 0.862159
vn 0.003017 0.556147 0.831079
vn 0.003015 0.556147 0.831079
vn 0.003002 0.506628 0.862159
vn 0.003003 0.506628 0.862160
vn 0.003015 0.556147 0.831079
vn 0.003016 0.556147 0.831079
vn 0.003001 0.506628 0.862159
vn 0.003002 0.506628 0.862159
vn -0.000968 0.568089 -0.822966
vn -0.000968 0.568089 -0.822967
vn 0.001628 0.997477 -0.070968
vn 0.001628 0.997477 -0.070968
vn -0.000968 0.568087 -0.822968
vn -0.000968 0.568088 -0.822968
vn 0.001628 0.997477 -0.070968
vn 0.001628 0.997477 -0.070968
vn 0.003003 0.506628 0.862160
vn 0.003002 0.506628 0.862159
vn 0.003021 0.597159 0.802117
vn 0.003020 0.597159 0.802117
vn 0.003002 0.506628 0.862159
vn 0.003001 0.506629 0.862159
vn 0.003019 0.597161 0.802116
vn 0.003021 0.597159 0.802117
vn 0.003001 0.506629 0.862159
vn 0.003002 0.506628 0.862160
vn 0.003019 0.597161 0.802116
vn 0.003019 0.597161 0.802116
vn 0.003002 0.506628 0.862160
vn 0.003002 0.506628 0.862160
vn 0.003021 0.597159 0.802117
vn 0.003019 0.597161 0.802116
vn 0.003002 0.506628 0.862160
vn 0.003002 0.506628 0.862159
vn 0.003020 0.597160 0.802117
vn 0.003021 0.597159 0.802117
vn 0.003002 0.506628 0.862159
vn 0.003003 0.506628 0.862160
vn 0.003021 0.597160 0.802117
vn 0.003020 0.597160 0.802117
vn 0.003003 0.506628 0.862160
vn 0.003002 0.506628 0.862159
vn 0.003020 0.597161 0.802116
vn 0.003021 0.597160 0.802117
vn 0.003002 0.506628 0.862159
vn 0.003001 0.506628 0.862159
vn 0.003019 0.597162 0.802115
vn 0.003020 0.597161 0.802116
vn -0.000947 -0.940541 0.339680
vn -0.002060 -0.990167 -0.139878
vn -0.002191 -0.990166 -0.139878
vn -0.000802 -0.940541 0.339680
vn -0.000947 -0.940541 0.339680
vn -0.002060 -0.990167 -0.139878
vn -0.002191 -0.990166 -0.139878
vn -0.000802 -0.940541 0.339680
vn -0.002060 -0.990167 -0.139878
vn -0.002517 -0.935193 -0.354131
vn -0.002530 -0.935105 -0.354362
vn -0.002191 -0.990166 -0.139878
vn -0.002060 -0.990167 -0.139878
vn -0.002562 -0.935105 -0.354361
vn -0.002574 -0.935193 -0.354129
vn -0.002191 -0.990166 -0.139878
vn -0.002517 -0.935193 -0.354131
vn -0.002932 -0.772213 -0.635357
vn -0.002902 -0.772211 -0.635360
vn -0.002530 -0.935105 -0.354362
vn -0.002530 -0.935105 -0.354362
vn -0.002902 -0.772211 -0.635360
vn -0.002192 -0.772348 -0.635196
vn -0.001214 -0.911183 -0.412001
vn -0.002515 -0.927878 -0.372875
vn -0.002562 -0.935105 -0.354361
vn -0.002963 -0.772210 -0.635360
vn -0.002933 -0.772213 -0.635357
vn -0.002574 -0.935193 -0.354129
vn -0.002932 -0.772213 -0.635357
vn -0.003020 -0.593721 -0.804665
vn -0.003020 -0.593721 -0.804665
vn -0.002902 -0.772211 -0.635360
vn -0.002902 -0.772211 -0.635360
vn -0.003020 -0.593721 -0.804665
vn -0.003020 -0.593721 -0.804665
vn -0.002192 -0.772348 -0.635196
vn -0.002192 -0.772348 -0.635196
vn -0.003020 -0.593721 -0.804665
vn -0.003020 -0.593721 -0.804665
vn -0.002221 -0.773079 -0.634306
vn -0.002221 -0.773079 -0.634306
vn -0.003020 -0.593721 -0.804665
vn -0.003020 -0.593721 -0.804665
vn -0.002930 -0.773668 -0.633585
vn -0.002930 -0.773668 -0.633585
vn -0.003020 -0.593721 -0.804665
vn -0.003018 -0.593721 -0.804665
vn -0.003640 -0.773076 -0.634304
vn -0.003640 -0.773076 -0.634304
vn -0.003018 -0.593721 -0.804665
vn -0.003020 -0.593721 -0.804665
vn -0.003670 -0.772344 -0.635194
vn -0.003670 -0.772344 -0.635194
vn -0.003020 -0.593721 -0.804665
vn -0.003022 -0.593721 -0.804665
vn -0.002963 -0.772210 -0.635360
vn -0.002963 -0.772210 -0.635360
vn -0.003022 -0.593721 -0.804665
vn -0.003020 -0.593721 -0.804665
vn -0.002933 -0.772213 -0.635357
vn -0.003020 -0.593721 -0.804665
vn -0.003015 -0.556146 -0.831079
vn -0.003016 -0.556145 -0.831080
vn -0.003020 -0.593721 -0.804665
vn -0.003020 -0.593721 -0.804665
vn -0.003016 -0.556145 -0.831080
vn -0.003016 -0.556146 -0.831079
vn -0.003020 -0.593721 -0.804665
vn -0.003020 -0.593721 -0.804665
vn -0.003016 -0.556146 -0.831079
vn -0.003016 -0.556146 -0.831079
vn -0.003020 -0.593721 -0.804665
vn -0.003020 -0.593721 -0.804665
vn -0.003016 -0.556146 -0.831079
vn -0.003016 -0.556146 -0.831079
vn -0.003020 -0.593721 -0.804665
vn -0.003020 -0.593721 -0.804665
vn -0.003016 -0.556146 -0.831079
vn -0.003016 -0.556146 -0.831079
vn -0.003018 -0.593721 -0.804665
vn -0.003018 -0.593721 -0.804665
vn -0.003016 -0.556146 -0.831079
vn -0.003016 -0.556146 -0.831079
vn -0.003020 -0.593721 -0.804665
vn -0.003020 -0.593721 -0.804665
vn -0.003016 -0.556146 -0.831079
vn -0.003016 -0.556145 -0.831080
vn -0.003022 -0.593721 -0.804665
vn -0.003022 -0.593721 -0.804665
vn -0.003016 -0.556145 -0.831080
vn -0.003017 -0.556144 -0.831080
vn -0.003020 -0.593721 -0.804665
vn -0.003015 -0.556146 -0.831079
vn -0.003015 -0.556150 -0.831077
vn -0.003016 -0.556150 -0.831077
vn -0.003016 -0.556145 -0.831080
vn -0.003016 -0.556145 -0.831080
vn -0.003016 -0.556150 -0.831077
vn -0.003017 -0.556150 -0.831077
vn -0.003016 -0.556146 -0.831079
vn -0.003016 -0.556146 -0.831079
vn -0.003017 -0.556150 -0.831077
vn -0.003016 -0.556150 -0.831077
vn -0.003016 -0.556146 -0.831079
vn -0.003016 -0.556146 -0.831079
vn -0.003016 -0.556150 -0.831077
vn -0.003015 -0.556150 -0.831077
vn -0.003016 -0.556146 -0.831079
vn -0.003016 -0.556146 -0.831079
vn -0.003015 -0.556150 -0.831077
vn -0.003016 -0.556150 -0.831077
vn -0.003016 -0.556146 -0.831079
vn -0.003016 -0.556146 -0.831079
vn -0.003016 -0.556150 -0.831077
vn -0.003015 -0.556150 -0.831077
vn -0.003016 -0.556146 -0.831079
vn -0.003016 -0.556146 -0.831079
vn -0.003015 -0.556150 -0.831077
vn -0.003015 -0.556149 -0.831077
vn -0.003016 -0.556145 -0.831080
vn -0.003016 -0.556145 -0.831080
vn -0.003015 -0.556149 -0.831077
vn -0.003018 -0.556149 -0.831077
vn -0.003017 -0.556144 -0.831080
vn -0.003015 -0.556150 -0.831077
vn -0.003013 -0.556147 -0.831079
vn -0.003015 -0.556147 -0.831079
vn -0.003016 -0.556150 -0.831077
vn -0.003016 -0.556150 -0.831077
vn -0.003015 -0.556147 -0.831079
vn -0.003017 -0.556146 -0.831079
vn -0.003017 -0.556150 -0.831077
vn -0.003017 -0.556150 -0.831077
vn -0.003017 -0.556146 -0.831079
vn -0.003017 -0.556146 -0.831079
vn -0.003016 -0.556150 -0.831077
vn -0.003016 -0.556150 -0.831077
vn -0.003017 -0.556146 -0.831079
vn -0.003016 -0.556147 -0.831079
vn -0.003015 -0.556150 -0.831077
vn -0.003015 -0.556150 -0.831077
vn -0.003016 -0.556147 -0.831079
vn -0.003016 -0.556147 -0.831079
vn -0.003016 -0.556150 -0.831077
vn -0.003016 -0.556150 -0.831077
vn -0.003016 -0.556147 -0.831079
vn -0.003015 -0.556147 -0.831079
vn -0.003015 -0.556150 -0.831077
vn -0.003015 -0.556150 -0.831077
vn -0.003015 -0.556147 -0.831079
vn -0.003015 -0.556148 -0.831078
vn -0.003015 -0.556149 -0.831077
vn -0.003015 -0.556149 -0.831077
vn -0.003015 -0.556148 -0.831078
vn -0.003017 -0.556148 -0.831078
vn -0.003018 -0.556149 -0.831077
vn -0.003013 -0.556147 -0.831079
vn -0.003015 -0.556144 -0.831081
vn -0.003016 -0.556145 -0.831080
vn -0.003015 -0.556147 -0.831079
vn -0.003015 -0.556147 -0.831079
vn -0.003016 -0.556145 -0.831080
vn -0.003016 -0.556144 -0.831080
vn -0.003017 -0.556146 -0.831079
vn -0.003017 -0.556146 -0.831079
vn -0.003016 -0.556144 -0.831080
vn -0.003016 -0.556144 -0.831081
vn -0.003017 -0.556146 -0.831079
vn -0.003017 -0.556146 -0.831079
vn -0.003016 -0.556144 -0.831081
vn -0.003017 -0.556144 -0.831081
vn -0.003016 -0.556147 -0.831079
vn -0.003016 -0.556147 -0.831079
vn -0.003017 -0.556144 -0.831081
vn -0.003016 -0.556144 -0.831080
vn -0.003016 -0.556147 -0.831079
vn -0.003016 -0.556147 -0.831079
vn -0.003016 -0.556144 -0.831080
vn -0.003016 -0.556145 -0.831080
vn -0.003015 -0.556147 -0.831079
vn -0.003015 -0.556147 -0.831079
vn -0.003016 -0.556145 -0.831080
vn -0.003016 -0.556145 -0.831080
vn -0.003015 -0.556148 -0.831078
vn -0.003015 -0.556148 -0.831078
vn -0.003016 -0.556145 -0.831080
vn -0.003015 -0.556144 -0.831080
vn -0.003017 -0.556148 -0.831078
vn -0.003015 -0.556144 -0.831081
vn -0.003016 -0.556148 -0.831078
vn -0.003016 -0.556148 -0.831078
vn -0.003016 -0.556145 -0.831080
vn -0.003016 -0.556145 -0.831080
vn -0.003016 -0.556148 -0.831078
vn -0.003016 -0.556148 -0.831078
vn -0.003016 -0.556144 -0.831080
vn -0.003016 -0.556144 -0.831080
vn -0.003016 -0.556148 -0.831078
vn -0.003016 -0.556148 -0.831078
vn -0.003016 -0.556144 -0.831081
vn -0.003016 -0.556144 -0.831081
vn -0.003016 -0.556148 -0.831078
vn -0.003016 -0.556148 -0.831078
vn -0.003017 -0.556144 -0.831081
vn -0.003017 -0.556144 -0.831081
vn -0.003016 -0.556148 -0.831078
vn -0.003017 -0.556147 -0.831079
vn -0.003016 -0.556144 -0.831080
vn -0.003016 -0.556144 -0.831080
vn -0.003017 -0.556147 -0.831079
vn -0.003016 -0.556147 -0.831078
vn -0.003016 -0.556145 -0.831080
vn -0.003016 -0.556145 -0.831080
vn -0.003016 -0.556147 -0.831078
vn -0.003016 -0.556147 -0.831079
vn -0.003016 -0.556145 -0.831080
vn -0.003016 -0.556145 -0.831080
vn -0.003016 -0.556147 -0.831079
vn -0.003016 -0.556147 -0.831078
vn -0.003015 -0.556144 -0.831080
vn -0.003016 -0.556148 -0.831078
vn -0.003017 -0.556147 -0.831078
vn -0.003015 -0.556147 -0.831078
vn -0.003016 -0.556148 -0.831078
vn -0.003016 -0.556148 -0.831078
vn -0.003015 -0.556147 -0.831078
vn -0.003016 -0.556147 -0.831079
vn -0.003016 -0.556148 -0.831078
vn -0.003016 -0.556148 -0.831078
vn -0.003016 -0.556147 -0.831079
vn -0.003016 -0.556147 -0.831079
vn -0.003016 -0.556148 -0.831078
vn -0.003016 -0.556148 -0.831078
vn -0.003016 -0.556147 -0.831079
vn -0.003015 -0.556147 -0.831078
vn -0.003016 -0.556148 -0.831078
vn -0.003016 -0.556148 -0.831078
vn -0.003015 -0.556147 -0.831078
vn -0.003017 -0.556147 -0.831079
vn -0.003017 -0.556147 -0.831079
vn -0.003017 -0.556147 -0.831079
vn -0.003017 -0.556147 -0.831079
vn -0.003016 -0.556147 -0.831079
vn -0.003016 -0.556147 -0.831078
vn -0.003016 -0.556147 -0.831078
vn -0.003016 -0.556147 -0.831079
vn -0.003015 -0.556147 -0.831079
vn -0.003016 -0.556147 -0.831079
vn -0.003016 -0.556147 -0.831079
vn -0.003015 -0.556147 -0.831079
vn -0.003016 -0.556147 -0.831079
vn -0.003016 -0.556147 -0.831078
vn -0.003017 -0.556147 -0.831078
vn -0.003004 -0.510470 -0.859890
vn -0.003003 -0.510471 -0.859890
vn -0.003015 -0.556147 -0.831078
vn -0.003015 -0.556147 -0.831078
vn -0.003003 -0.510471 -0.859890
vn -0.003003 -0.510472 -0.859889
vn -0.003016 -0.556147 -0.831079
vn -0.003016 -0.556147 -0.831079
vn -0.003003 -0.510472 -0.859889
vn -0.003003 -0.510470 -0.859890
vn -0.003016 -0.556147 -0.831079
vn -0.003016 -0.556147 -0.831079
vn -0.003003 -0.510470 -0.859890
vn -0.003002 -0.510470 -0.859890
vn -0.003015 -0.556147 -0.831078
vn -0.003015 -0.556147 -0.831078
vn -0.003002 -0.510470 -0.859890
vn -0.003003 -0.510470 -0.859890
vn -0.003017 -0.556147 -0.831079
vn -0.003017 -0.556147 -0.831079
vn -0.003003 -0.510470 -0.859890
vn -0.003003 -0.510470 -0.859891
vn -0.003016 -0.556147 -0.831079
vn -0.003016 -0.556147 -0.831079
vn -0.003003 -0.510470 -0.859891
vn -0.003002 -0.510470 -0.859890
vn -0.003015 -0.556147 -0.831079
vn -0.003015 -0.556147 -0.831079
vn -0.003002 -0.510470 -0.859890
vn -0.003003 -0.510470 -0.859890
vn -0.003016 -0.556147 -0.831079
vn 0.000574 -0.613965 0.789333
vn -0.000947 -0.940541 0.339680
vn -0.000802 -0.940541 0.339680
vn 0.001032 -0.613965 0.789332
vn 0.000574 -0.613965 0.789333
vn -0.000947 -0.940541 0.339680
vn -0.000802 -0.940541 0.339680
vn 0.001032 -0.613965 0.789332
vn -0.003004 -0.510470 -0.859890
vn -0.003020 -0.581045 -0.813866
vn -0.003020 -0.581046 -0.813865
vn -0.003003 -0.510471 -0.859890
vn -0.003003 -0.510471 -0.859890
vn -0.003020 -0.581046 -0.813865
vn -0.003018 -0.581047 -0.813865
vn -0.003003 -0.510472 -0.859889
vn -0.003003 -0.510472 -0.859889
vn -0.003018 -0.581047 -0.813865
vn -0.003018 -0.581046 -0.813865
vn -0.003003 -0.510470 -0.859890
vn -0.003003 -0.510470 -0.859890
vn -0.003018 -0.581046 -0.813865
vn -0.003019 -0.581045 -0.813866
vn -0.003002 -0.510470 -0.859890
vn -0.003002 -0.510470 -0.859890
vn -0.003019 -0.581045 -0.813866
vn -0.003018 -0.581046 -0.813865
vn -0.003003 -0.510470 -0.859890
vn -0.003003 -0.510470 -0.859890
vn -0.003018 -0.581046 -0.813865
vn -0.003020 -0.581046 -0.813865
vn -0.003003 -0.510470 -0.859891
vn -0.003003 -0.510470 -0.859891
vn -0.003020 -0.581046 -0.813865
vn -0.003019 -0.581047 -0.813865
vn -0.003002 -0.510470 -0.859890
vn -0.003002 -0.510470 -0.859890
vn -0.003019 -0.581047 -0.813865
vn -0.003018 -0.581048 -0.813864
vn -0.003003 -0.510470 -0.859890
vn -0.002637 -0.927878 -0.372874
vn -0.004068 -0.911177 -0.411994
vn -0.003670 -0.772344 -0.635194
vn -0.002963 -0.772210 -0.635360
vn -0.002562 -0.935105 -0.354361
vn 0.005653 0.908885 0.417010
vn 0.002914 0.919752 0.392489
vn 0.002668 0.925217 0.379429
vn 0.003079 0.765093 0.643912
vn 0.004399 0.767335 0.641231
vn -0.809694 0.019232 0.586537
vn -0.809694 0.019232 0.586537
vn -0.817763 -0.088287 0.568743
vn -0.817582 -0.082630 0.569853
vn 0.002906 0.792963 0.609263
vn 0.002906 0.792963 0.609263
vn 0.002906 0.792963 0.609263
vn 0.002906 0.792963 0.609263
vn 0.002906 0.792963 0.609263
vn 0.002906 0.792963 0.609263
vn 0.002906 0.792963 0.609263
vn 0.002906 0.792963 0.609263
vn -0.817582 -0.082630 0.569853
vn -0.817763 -0.088287 0.568743
vn -0.789664 -0.374986 0.485610
vn -0.789664 -0.374986 0.485610
vn 0.002906 0.792963 0.609263
vn 0.002906 0.792963 0.609263
vn 0.002906 0.792963 0.609263
vn 0.002906 0.792963 0.609263
vn 0.811907 0.017348 0.583529
vn 0.811907 0.017348 0.583529
vn 0.819442 -0.084452 0.566906
vn 0.819604 -0.090106 0.565800
vn 0.819604 -0.090106 0.565800
vn 0.819442 -0.084452 0.566906
vn 0.790437 -0.376687 0.483029
vn 0.790437 -0.376687 0.483029
vn -0.809697 0.019232 0.586533
vn -0.809697 0.019232 0.586533
vn -0.817767 -0.088283 0.568739
vn -0.817585 -0.082626 0.569849
vn 0.002906 0.792963 0.609263
vn 0.002906 0.792963 0.609263
vn 0.002906 0.792963 0.609263
vn 0.002906 0.792963 0.609263
vn 0.002906 0.792963 0.609263
vn 0.002906 0.792963 0.609263
vn 0.002906 0.792963 0.609263
vn 0.002906 0.792963 0.609263
vn -0.817585 -0.082626 0.569849
vn -0.817767 -0.088283 0.568739
vn -0.789671 -0.374973 0.485608
vn -0.789671 -0.374973 0.485608
vn 0.002906 0.792963 0.609263
vn 0.002906 0.792963 0.609263
vn 0.002906 0.792963 0.609263
vn 0.002906 0.792963 0.609263
vn 0.811904 0.017348 0.583533
vn 0.811904 0.017348 0.583533
vn 0.819439 -0.084455 0.566910
vn 0.819601 -0.090109 0.565804
vn 0.819601 -0.090109 0.565804
vn 0.819439 -0.084455 0.566910
vn 0.790429 -0.376701 0.483030
vn 0.790429 -0.376701 0.483030
vn -0.766783 -0.641142 -0.031323
vn -0.766783 -0.641142 -0.031323
vn -0.767755 -0.633893 -0.093450
vn -0.767801 -0.635164 -0.083957
vn 0.764840 -0.643337 -0.033712
vn 0.764840 -0.643337 -0.033712
vn 0.769323 -0.633097 -0.085623
vn 0.769901 -0.631055 -0.094980
vn -0.766791 -0.641133 -0.031322
vn -0.766791 -0.641133 -0.031322
vn -0.772041 -0.628802 -0.092524
vn -0.771433 -0.630850 -0.083177
vn 0.764832 -0.643347 -0.033713
vn 0.764832 -0.643347 -0.033713
vn 0.765664 -0.637413 -0.086392
vn 0.765584 -0.636149 -0.095894
vn -0.767801 -0.635164 -0.083957
vn -0.767755 -0.633893 -0.093450
vn -0.776821 -0.587802 -0.225914
vn -0.775961 -0.591401 -0.219385
vn -0.775961 -0.591401 -0.219385
vn -0.776821 -0.587802 -0.225914
vn -0.789872 -0.466683 -0.397881
vn -0.789991 -0.481914 -0.379042
vn 0.769901 -0.631055 -0.094980
vn 0.769323 -0.633097 -0.085623
vn 0.766198 -0.625012 -0.149334
vn 0.763783 -0.628723 -0.146091
vn 0.758188 -0.199150 0.620879
vn 0.758188 -0.199150 0.620879
vn 0.758188 -0.199150 0.620879
vn 0.758188 -0.199150 0.620879
vn -0.002083 -0.927522 0.373763
vn 0.030144 -0.931924 0.361399
vn -0.003484 -0.930601 0.366019
vn -0.003474 -0.930614 0.365986
vn -0.771433 -0.630850 -0.083177
vn -0.772041 -0.628802 -0.092524
vn -0.766118 -0.626450 -0.143606
vn -0.768532 -0.622734 -0.146840
vn -0.759048 -0.196747 0.620594
vn -0.759048 -0.196747 0.620594
vn -0.759048 -0.196747 0.620594
vn -0.759048 -0.196747 0.620594
vn -0.031756 -0.931836 0.361487
vn 0.000547 -0.927526 0.373759
vn 0.001889 -0.930621 0.365979
vn 0.001899 -0.930608 0.366011
vn 0.765584 -0.636149 -0.095894
vn 0.765664 -0.637413 -0.086392
vn 0.773439 -0.593730 -0.221983
vn 0.774285 -0.590135 -0.228523
vn 0.774285 -0.590135 -0.228523
vn 0.773439 -0.593730 -0.221983
vn 0.787208 -0.484225 -0.381875
vn 0.787063 -0.468978 -0.400739
vn -0.789991 -0.481914 -0.379042
vn -0.789872 -0.466683 -0.397881
vn -0.782970 -0.367504 -0.501896
vn -0.782961 -0.371142 -0.499226
vn -0.003474 -0.930614 0.365986
vn -0.003484 -0.930601 0.366019
vn -0.000821 -0.934075 0.357075
vn -0.000821 -0.934075 0.357075
vn -0.000821 -0.934075 0.357075
vn -0.000821 -0.934075 0.357075
vn 0.001899 -0.930608 0.366011
vn 0.001889 -0.930621 0.365979
vn 0.787063 -0.468978 -0.400739
vn 0.787208 -0.484225 -0.381875
vn 0.780027 -0.373331 -0.502178
vn 0.780035 -0.369691 -0.504850
vn -0.782961 -0.371142 -0.499226
vn -0.782970 -0.367504 -0.501896
vn -0.782696 -0.346087 -0.517312
vn -0.782697 -0.346085 -0.517311
vn 0.780035 -0.369691 -0.504850
vn 0.780027 -0.373331 -0.502178
vn 0.779767 -0.348249 -0.520275
vn 0.779767 -0.348249 -0.520275
vn -0.782697 -0.346085 -0.517311
vn -0.782696 -0.346087 -0.517312
vn -0.782694 -0.346089 -0.517312
vn -0.782694 -0.346090 -0.517312
vn 0.779767 -0.348249 -0.520275
vn 0.779767 -0.348249 -0.520275
vn 0.779766 -0.348253 -0.520274
vn 0.779765 -0.348254 -0.520274
vn -0.782694 -0.346090 -0.517312
vn -0.782694 -0.346089 -0.517312
vn -0.782700 -0.346082 -0.517309
vn -0.782699 -0.346083 -0.517309
vn 0.779765 -0.348254 -0.520274
vn 0.779766 -0.348253 -0.520274
vn 0.779763 -0.348256 -0.520277
vn 0.779762 -0.348256 -0.520278
vn -0.782699 -0.346083 -0.517309
vn -0.782700 -0.346082 -0.517309
vn -0.782693 -0.346086 -0.517317
vn -0.782694 -0.346085 -0.517316
vn 0.779762 -0.348256 -0.520278
vn 0.779763 -0.348256 -0.520277
vn 0.779757 -0.348258 -0.520284
vn 0.779755 -0.348259 -0.520285
vn -0.782694 -0.346085 -0.517316
vn -0.782693 -0.346086 -0.517317
vn -0.782688 -0.346090 -0.517320
vn -0.782688 -0.346091 -0.517320
vn 0.779755 -0.348259 -0.520285
vn 0.779757 -0.348258 -0.520284
vn 0.779754 -0.348260 -0.520287
vn 0.779754 -0.348260 -0.520286
vn -0.782688 -0.346091 -0.517320
vn -0.782688 -0.346090 -0.517320
vn -0.782696 -0.346088 -0.517311
vn -0.782695 -0.346088 -0.517312
vn 0.779754 -0.348260 -0.520286
vn 0.779754 -0.348260 -0.520287
vn 0.779759 -0.348258 -0.520281
vn 0.779759 -0.348259 -0.520280
vn -0.782695 -0.346088 -0.517312
vn -0.782696 -0.346088 -0.517311
vn -0.783409 -0.314325 -0.536162
vn -0.783363 -0.319875 -0.532937
vn 0.779759 -0.348259 -0.520280
vn 0.779759 -0.348258 -0.520281
vn 0.780440 -0.322021 -0.535925
vn 0.780490 -0.316465 -0.539152
vn -0.783363 -0.319875 -0.532937
vn -0.783409 -0.314325 -0.536162
vn -0.792292 -0.365550 -0.488515
vn -0.791244 -0.346633 -0.503765
vn 0.780490 -0.316465 -0.539152
vn 0.780440 -0.322021 -0.535925
vn 0.788380 -0.348819 -0.506736
vn 0.789438 -0.367756 -0.491471
vn -0.791244 -0.346633 -0.503765
vn -0.792292 -0.365550 -0.488515
vn -0.782627 -0.514753 -0.350036
vn -0.782627 -0.514753 -0.350036
vn 0.789438 -0.367756 -0.491471
vn 0.788380 -0.348819 -0.506736
vn 0.779877 -0.517041 -0.352790
vn 0.779877 -0.517041 -0.352790
vn -0.781712 0.352274 -0.514616
vn -0.781712 0.352274 -0.514616
vn -0.781712 0.352274 -0.514616
vn -0.781712 0.352274 -0.514616
vn -0.002716 -0.186321 -0.982485
vn -0.002716 -0.186321 -0.982485
vn -0.002715 -0.186322 -0.982485
vn -0.002715 -0.186322 -0.982485
vn -0.002715 -0.186322 -0.982485
vn -0.002715 -0.186322 -0.982485
vn -0.002718 -0.186320 -0.982485
vn -0.002718 -0.186320 -0.982485
vn -0.002718 -0.186320 -0.982485
vn -0.002718 -0.186320 -0.982485
vn -0.002715 -0.186317 -0.982486
vn -0.002715 -0.186317 -0.982486
vn -0.002715 -0.186317 -0.982486
vn -0.002715 -0.186317 -0.982486
vn -0.002713 -0.186317 -0.982486
vn -0.002713 -0.186317 -0.982486
vn -0.002713 -0.186317 -0.982486
vn -0.002713 -0.186317 -0.982486
vn -0.002716 -0.186317 -0.982486
vn -0.002716 -0.186317 -0.982486
vn -0.002716 -0.186317 -0.982486
vn -0.002716 -0.186317 -0.982486
vn -0.002714 -0.186318 -0.982486
vn -0.002714 -0.186318 -0.982486
vn -0.002714 -0.186318 -0.982486
vn -0.002714 -0.186318 -0.982486
vn -0.002715 -0.186316 -0.982486
vn -0.002715 -0.186316 -0.982486
vn -0.002715 -0.186316 -0.982486
vn -0.002715 -0.186316 -0.982486
vn -0.002716 -0.186316 -0.982486
vn -0.002716 -0.186316 -0.982486
vn -0.002716 -0.186316 -0.982486
vn -0.002716 -0.186316 -0.982486
vn -0.002715 -0.186323 -0.982485
vn -0.002715 -0.186323 -0.982485
vn -0.002715 -0.186323 -0.982485
vn -0.002715 -0.186323 -0.982485
vn -0.002715 -0.186327 -0.982484
vn -0.002715 -0.186327 -0.982484
vn 0.780735 0.350595 -0.517239
vn 0.780735 0.350595 -0.517239
vn 0.780736 0.350594 -0.517238
vn 0.780735 0.350595 -0.517239
vn -0.777429 0.017246 -0.628734
vn -0.777429 0.017246 -0.628734
vn -0.780848 0.038827 -0.623514
vn -0.780836 0.038745 -0.623534
vn -0.000753 0.627623 -0.778517
vn -0.000752 0.627624 -0.778516
vn -0.000752 0.627626 -0.778515
vn -0.000752 0.627626 -0.778515
vn -0.000752 0.627626 -0.778515
vn -0.000752 0.627626 -0.778515
vn -0.000752 0.627627 -0.778514
vn -0.000752 0.627627 -0.778514
vn -0.780836 0.038745 -0.623534
vn -0.780848 0.038827 -0.623514
vn -0.784406 0.353695 -0.509516
vn -0.784406 0.353695 -0.509516
vn -0.000752 0.627627 -0.778514
vn -0.000752 0.627627 -0.778514
vn -0.000752 0.627627 -0.778514
vn -0.000752 0.627627 -0.778514
vn 0.775079 0.015473 -0.631675
vn 0.775079 0.015473 -0.631675
vn 0.778572 0.036981 -0.626465
vn 0.778584 0.037063 -0.626445
vn 0.778584 0.037063 -0.626445
vn 0.778572 0.036981 -0.626465
vn 0.783474 0.352009 -0.512112
vn 0.783474 0.352009 -0.512112
vn -0.777420 0.017247 -0.628746
vn -0.777420 0.017247 -0.628746
vn -0.780839 0.038828 -0.623525
vn -0.780827 0.038746 -0.623545
vn -0.000752 0.627627 -0.778514
vn -0.000752 0.627627 -0.778514
vn -0.000752 0.627627 -0.778514
vn -0.000752 0.627627 -0.778514
vn -0.000752 0.627627 -0.778514
vn -0.000752 0.627627 -0.778514
vn -0.000752 0.627626 -0.778515
vn -0.000752 0.627626 -0.778515
vn -0.780827 0.038746 -0.623545
vn -0.780839 0.038828 -0.623525
vn -0.784407 0.353695 -0.509514
vn -0.784407 0.353695 -0.509514
vn -0.000752 0.627626 -0.778515
vn -0.000752 0.627626 -0.778515
vn -0.000753 0.627623 -0.778517
vn -0.000753 0.627623 -0.778517
vn 0.775075 0.015472 -0.631679
vn 0.775075 0.015472 -0.631679
vn 0.778568 0.036980 -0.626470
vn 0.778580 0.037063 -0.626450
vn 0.778580 0.037063 -0.626450
vn 0.778568 0.036980 -0.626470
vn 0.783473 0.352001 -0.512119
vn 0.783473 0.352001 -0.512119
vn -0.773407 0.633081 0.032401
vn -0.773407 0.633081 0.032401
vn -0.775870 0.620299 0.115129
vn -0.775866 0.621902 0.106163
vn -0.775866 0.621902 0.106163
vn -0.775870 0.620299 0.115129
vn -0.777120 0.581020 0.241868
vn -0.776836 0.583677 0.236319
vn 0.775295 0.630887 0.029987
vn 0.775295 0.630888 0.029987
vn 0.773802 0.625146 0.102095
vn 0.773324 0.624186 0.111181
vn 0.773324 0.624186 0.111181
vn 0.773802 0.625146 0.102095
vn 0.766467 0.613673 0.189560
vn 0.766467 0.613673 0.189560
vn -0.773389 0.633103 0.032403
vn -0.773389 0.633103 0.032403
vn -0.772302 0.625064 0.113330
vn -0.772678 0.626171 0.104298
vn -0.772678 0.626171 0.104298
vn -0.772302 0.625064 0.113330
vn -0.766365 0.613314 0.191130
vn -0.766365 0.613314 0.191130
vn 0.775312 0.630866 0.029985
vn 0.775312 0.630866 0.029985
vn 0.778007 0.619641 0.103682
vn 0.778039 0.618035 0.112640
vn 0.778039 0.618035 0.112640
vn 0.778007 0.619641 0.103682
vn 0.779359 0.581364 0.233702
vn 0.779656 0.578705 0.239244
vn -0.776836 0.583677 0.236319
vn -0.777120 0.581020 0.241868
vn -0.786794 0.464763 0.406141
vn -0.787038 0.480013 0.387504
vn -0.048240 0.341949 0.938480
vn -0.048240 0.341949 0.938480
vn -0.023183 0.348470 0.937033
vn -0.022849 0.348556 0.937010
vn 0.054012 0.341788 0.938224
vn 0.054012 0.341788 0.938224
vn 0.028643 0.348474 0.936881
vn 0.028977 0.348387 0.936903
vn 0.779656 0.578705 0.239244
vn 0.779359 0.581364 0.233702
vn 0.789822 0.477717 0.384666
vn 0.789606 0.462478 0.403282
vn -0.787038 0.480013 0.387504
vn -0.786794 0.464763 0.406141
vn -0.780034 0.368893 0.505436
vn -0.780030 0.372551 0.502751
vn -0.022849 0.348556 0.937010
vn -0.023183 0.348470 0.937033
vn 0.002904 0.354768 0.934950
vn 0.002904 0.354768 0.934950
vn 0.002904 0.354768 0.934950
vn 0.002904 0.354768 0.934950
vn 0.028977 0.348387 0.936903
vn 0.028643 0.348474 0.936881
vn 0.789606 0.462478 0.403282
vn 0.789822 0.477717 0.384666
vn 0.782958 0.370373 0.499801
vn 0.782960 0.366719 0.502485
vn -0.780030 0.372551 0.502751
vn -0.780034 0.368893 0.505436
vn -0.779736 0.348269 0.520307
vn -0.779739 0.348267 0.520305
vn 0.782960 0.366719 0.502485
vn 0.782958 0.370373 0.499801
vn 0.782683 0.346096 0.517324
vn 0.782685 0.346096 0.517322
vn -0.779739 0.348267 0.520305
vn -0.779736 0.348269 0.520307
vn -0.779727 0.348280 0.520314
vn -0.779726 0.348281 0.520315
vn 0.782685 0.346096 0.517322
vn 0.782683 0.346096 0.517324
vn 0.782697 0.346092 0.517306
vn 0.782698 0.346092 0.517305
vn -0.779726 0.348281 0.520315
vn -0.779727 0.348280 0.520314
vn -0.779739 0.348268 0.520304
vn -0.779738 0.348269 0.520305
vn 0.782698 0.346092 0.517305
vn 0.782697 0.346092 0.517306
vn 0.782692 0.346092 0.517314
vn 0.782689 0.346092 0.517318
vn -0.779738 0.348269 0.520305
vn -0.779739 0.348268 0.520304
vn -0.779748 0.348260 0.520295
vn -0.779748 0.348261 0.520296
vn 0.782689 0.346092 0.517318
vn 0.782692 0.346092 0.517314
vn 0.782681 0.346096 0.517328
vn 0.782681 0.346096 0.517327
vn -0.779748 0.348261 0.520296
vn -0.779748 0.348260 0.520295
vn -0.779750 0.348262 0.520291
vn -0.779750 0.348262 0.520291
vn 0.782681 0.346096 0.517327
vn 0.782681 0.346096 0.517328
vn 0.782687 0.346091 0.517321
vn 0.782688 0.346089 0.517321
vn -0.779750 0.348262 0.520291
vn -0.779750 0.348262 0.520291
vn -0.779750 0.348265 0.520289
vn -0.779750 0.348265 0.520289
vn 0.782688 0.346089 0.517321
vn 0.782687 0.346091 0.517321
vn 0.782686 0.346088 0.517326
vn 0.782685 0.346089 0.517327
vn -0.779750 0.348265 0.520289
vn -0.779750 0.348265 0.520289
vn -0.780489 0.314087 0.540543
vn -0.780452 0.319783 0.537246
vn 0.782685 0.346089 0.517327
vn 0.782686 0.346088 0.517326
vn 0.783365 0.317643 0.534268
vn 0.783399 0.311954 0.537560
vn -0.780452 0.319783 0.537246
vn -0.780489 0.314087 0.540543
vn -0.789768 0.377365 0.483593
vn -0.788899 0.357590 0.499768
vn 0.783399 0.311954 0.537560
vn 0.783365 0.317643 0.534268
vn 0.791762 0.355392 0.496799
vn 0.792623 0.375145 0.480640
vn -0.779826 0.517100 0.352816
vn -0.779826 0.517100 0.352816
vn -0.788899 0.357590 0.499768
vn -0.789768 0.377365 0.483593
vn 0.001322 0.982491 -0.186308
vn 0.001322 0.982491 -0.186308
vn 0.001322 0.982493 -0.186293
vn 0.001322 0.982493 -0.186293
vn 0.001322 0.982493 -0.186293
vn 0.001322 0.982493 -0.186293
vn 0.001321 0.982493 -0.186293
vn 0.001321 0.982493 -0.186293
vn 0.001321 0.982493 -0.186293
vn 0.001321 0.982493 -0.186293
vn 0.001319 0.982493 -0.186294
vn 0.001319 0.982493 -0.186294
vn 0.001319 0.982493 -0.186294
vn 0.001319 0.982493 -0.186294
vn 0.001322 0.982496 -0.186280
vn 0.001322 0.982496 -0.186280
vn 0.001322 0.982496 -0.186280
vn 0.001322 0.982496 -0.186280
vn 0.001324 0.982493 -0.186295
vn 0.001324 0.982493 -0.186295
vn 0.001324 0.982493 -0.186295
vn 0.001324 0.982493 -0.186295
vn 0.001322 0.982490 -0.186310
vn 0.001322 0.982490 -0.186310
vn 0.001322 0.982490 -0.186310
vn 0.001322 0.982490 -0.186310
vn 0.001323 0.982490 -0.186311
vn 0.001323 0.982490 -0.186311
vn 0.001323 0.982490 -0.186311
vn 0.001323 0.982490 -0.186311
vn 0.001322 0.982493 -0.186296
vn 0.001322 0.982493 -0.186296
vn 0.001322 0.982493 -0.186296
vn 0.001322 0.982493 -0.186296
vn 0.001319 0.982493 -0.186294
vn 0.001319 0.982493 -0.186294
vn 0.001319 0.982493 -0.186294
vn 0.001319 0.982493 -0.186294
vn 0.001322 0.982491 -0.186308
vn 0.001322 0.982491 -0.186308
vn 0.782597 0.514788 0.350051
vn 0.782597 0.514788 0.350051
vn 0.792623 0.375145 0.480640
vn 0.791762 0.355392 0.496799
vn -0.002372 0.027055 -0.999631
vn -0.002372 0.027055 -0.999631
vn -0.002372 0.027055 -0.999631
vn -0.002372 0.027055 -0.999631
vn -0.002372 0.027055 -0.999631
vn -0.002372 0.027055 -0.999631
vn -0.002372 0.027055 -0.999631
vn -0.002372 0.027055 -0.999631
vn -0.002372 0.027055 -0.999631
vn -0.002372 0.027055 -0.999631
vn -0.002372 0.027055 -0.999631
vn -0.002372 0.027055 -0.999631
vn -0.002372 0.027055 -0.999631
vn -0.002372 0.027055 -0.999631
vn -0.002372 0.027055 -0.999631
vn -0.002372 0.027055 -0.999631
vn -0.002372 0.027055 -0.999631
vn -0.002372 0.027055 -0.999631
vn -0.002372 0.027055 -0.999631
vn -0.002372 0.027055 -0.999631
vn -0.002372 0.027055 -0.999631
vn -0.002372 0.027055 -0.999631
vn -0.002372 0.027055 -0.999631
vn -0.002372 0.027055 -0.999631
vn 0.001923 0.998763 0.049694
vn 0.001628 0.997477 -0.070968
vn 0.002200 0.984578 0.174933
vn 0.002200 0.984578 0.174933
vn 0.001628 0.997477 -0.070968
vn 0.001923 0.998763 0.049694
vn 0.002581 0.984881 0.173212
vn 0.002389 0.984729 0.174080
vn 0.001923 0.998763 0.049694
vn 0.001628 0.997477 -0.070968
vn 0.002008 0.984729 0.174082
vn 0.001811 0.984882 0.173216
vn 0.001628 0.997477 -0.070968
vn 0.001923 0.998763 0.049694
vn 0.002200 0.984578 0.174933
vn 0.002200 0.984578 0.174934
vn 0.002200 0.984578 0.174933
vn 0.002200 0.984578 0.174933
vn 0.002588 0.925333 0.379147
vn 0.002587 0.925333 0.379147
vn 0.002389 0.984729 0.174080
vn 0.002581 0.984881 0.173212
vn 0.002305 0.919753 0.392490
vn 0.002509 0.925217 0.379429
vn 0.001811 0.984882 0.173216
vn 0.002008 0.984729 0.174082
vn 0.002668 0.925217 0.379429
vn 0.002914 0.919752 0.392489
vn 0.002200 0.984578 0.174934
vn 0.002200 0.984578 0.174933
vn 0.002588 0.925333 0.379146
vn 0.002589 0.925333 0.379146
vn 0.002587 0.925333 0.379147
vn 0.002588 0.925333 0.379147
vn 0.002940 0.764740 0.644332
vn 0.002940 0.764740 0.644332
vn -0.000355 0.908896 0.417023
vn -0.000366 0.911727 0.410797
vn 0.001573 0.771137 0.636667
vn 0.001474 0.767341 0.641237
vn -0.000366 0.911727 0.410797
vn 0.002636 0.912902 0.408170
vn 0.002931 0.773034 0.634357
vn 0.001573 0.771137 0.636667
vn 0.002636 0.912902 0.408170
vn 0.005646 0.911715 0.410784
vn 0.004293 0.771132 0.636661
vn 0.002931 0.773034 0.634357
vn 0.005646 0.911715 0.410784
vn 0.005653 0.908885 0.417010
vn 0.004399 0.767335 0.641231
vn 0.004293 0.771132 0.636661
vn 0.002589 0.925333 0.379146
vn 0.002588 0.925333 0.379146
vn 0.002940 0.764740 0.644332
vn 0.002941 0.764740 0.644332
vn 0.002940 0.764740 0.644332
vn 0.002940 0.764740 0.644332
vn 0.003020 0.592411 0.805630
vn 0.003020 0.592411 0.805630
vn 0.002941 0.764740 0.644332
vn 0.002940 0.764740 0.644332
vn 0.003018 0.592411 0.805630
vn 0.003020 0.592411 0.805630
vn 0.003020 0.592411 0.805630
vn 0.003020 0.592411 0.805630
vn 0.003015 0.556145 0.831080
vn 0.003015 0.556146 0.831079
vn 0.003020 0.592411 0.805630
vn 0.003018 0.592411 0.805630
vn 0.003016 0.556144 0.831080
vn 0.003016 0.556144 0.831081
vn 0.003015 0.556146 0.831079
vn 0.003015 0.556145 0.831080
vn 0.003013 0.556150 0.831077
vn 0.003013 0.556150 0.831077
vn 0.003016 0.556144 0.831081
vn 0.003016 0.556144 0.831080
vn 0.003018 0.556150 0.831077
vn 0.003017 0.556149 0.831077
vn 0.003013 0.556150 0.831077
vn 0.003013 0.556150 0.831077
vn 0.003013 0.556147 0.831079
vn 0.003013 0.556147 0.831079
vn 0.003017 0.556149 0.831077
vn 0.003018 0.556150 0.831077
vn 0.003017 0.556147 0.831079
vn 0.003017 0.556148 0.831078
vn 0.003013 0.556147 0.831079
vn 0.003013 0.556147 0.831079
vn 0.003015 0.556144 0.831081
vn 0.003013 0.556144 0.831081
vn 0.003017 0.556148 0.831078
vn 0.003017 0.556147 0.831079
vn 0.003015 0.556144 0.831081
vn 0.003016 0.556144 0.831080
vn 0.003013 0.556144 0.831081
vn 0.003015 0.556144 0.831081
vn 0.003016 0.556147 0.831078
vn 0.003016 0.556147 0.831079
vn 0.003016 0.556144 0.831080
vn 0.003015 0.556144 0.831081
vn 0.003016 0.556147 0.831078
vn 0.003015 0.556147 0.831079
vn 0.003016 0.556147 0.831079
vn 0.003016 0.556147 0.831078
vn 0.003017 0.556148 0.831078
vn 0.003018 0.556147 0.831078
vn 0.003015 0.556147 0.831079
vn 0.003016 0.556147 0.831078
vn 0.003016 0.556147 0.831079
vn 0.003016 0.556147 0.831079
vn 0.003018 0.556147 0.831078
vn 0.003017 0.556148 0.831078
vn 0.003003 0.506628 0.862160
vn 0.003006 0.506628 0.862160
vn 0.003016 0.556147 0.831079
vn 0.003016 0.556147 0.831079
vn 0.003002 0.506628 0.862160
vn 0.003001 0.506628 0.862159
vn 0.003022 0.597159 0.802117
vn 0.003020 0.597159 0.802117
vn 0.002854 0.826475 0.562966
vn 0.002856 0.826474 0.562967
vn 0.003020 0.597159 0.802117
vn 0.003021 0.597159 0.802117
vn 0.002856 0.826476 0.562965
vn 0.002854 0.826475 0.562966
vn 0.003021 0.597159 0.802117
vn 0.003019 0.597161 0.802116
vn 0.002853 0.826476 0.562965
vn 0.002856 0.826476 0.562965
vn 0.003019 0.597161 0.802116
vn 0.003019 0.597161 0.802116
vn 0.002852 0.826476 0.562965
vn 0.002853 0.826476 0.562965
vn 0.003019 0.597161 0.802116
vn 0.003021 0.597159 0.802117
vn 0.002856 0.826476 0.562965
vn 0.002852 0.826476 0.562965
vn 0.003021 0.597159 0.802117
vn 0.003020 0.597160 0.802117
vn 0.002854 0.826476 0.562964
vn 0.002856 0.826476 0.562965
vn 0.003020 0.597160 0.802117
vn 0.003021 0.597160 0.802117
vn 0.002856 0.826476 0.562964
vn 0.002854 0.826476 0.562964
vn 0.003021 0.597160 0.802117
vn 0.003020 0.597161 0.802116
vn 0.002854 0.826477 0.562963
vn 0.002856 0.826476 0.562964
vn 0.003020 0.597161 0.802116
vn 0.003019 0.597162 0.802115
vn 0.002852 0.826478 0.562962
vn 0.002854 0.826477 0.562963
vn 0.003019 0.597162 0.802115
vn 0.003019 0.597162 0.802115
vn 0.002853 0.826478 0.562962
vn 0.002852 0.826478 0.562962
vn -0.000968 0.568089 -0.822966
vn -0.000968 0.568089 -0.822966
vn 0.001628 0.997477 -0.070968
vn -0.000968 0.568089 -0.822966
vn -0.000968 0.568089 -0.822967
vn -0.000968 0.568088 -0.822967
vn -0.000968 0.568088 -0.822967
vn 0.001628 0.997477 -0.070968
vn -0.000968 0.568086 -0.822968
vn -0.000968 0.568087 -0.822968
vn 0.001628 0.997477 -0.070968
vn -0.000968 0.568086 -0.822968
vn -0.000968 0.568088 -0.822968
vn -0.000968 0.568088 -0.822968
vn -0.000968 0.568088 -0.822968
vn 0.001628 0.997477 -0.070968
vn 0.003006 0.506628 0.862160
vn 0.003003 0.506628 0.862160
vn 0.003020 0.597159 0.802117
vn 0.003022 0.597159 0.802117
vn 0.003001 0.506628 0.862159
vn 0.003002 0.506628 0.862160
vn 0.003019 0.597162 0.802115
vn 0.003019 0.597162 0.802115
vn 0.001613 0.032202 0.999480
vn 0.001613 0.032202 0.999480
vn 0.002048 0.032499 0.999470
vn 0.002048 0.032499 0.999470
vn 0.002048 0.032499 0.999470
vn 0.002048 0.032499 0.999470
vn 0.002909 0.032498 0.999468
vn 0.002909 0.032498 0.999468
vn 0.002909 0.032498 0.999468
vn 0.002909 0.032498 0.999468
vn 0.003343 0.032199 0.999476
vn 0.003343 0.032199 0.999476
vn 0.001613 0.032202 0.999480
vn 0.001613 0.032202 0.999480
vn 0.002048 0.032499 0.999470
vn 0.002048 0.032499 0.999470
vn 0.002048 0.032499 0.999470
vn 0.002048 0.032499 0.999470
vn 0.002909 0.032498 0.999468
vn 0.002909 0.032498 0.999468
vn 0.002909 0.032498 0.999468
vn 0.002909 0.032498 0.999468
vn 0.003343 0.032199 0.999476
vn 0.003343 0.032199 0.999476
vn -0.001815 -0.998700 -0.050943
vn -0.001994 -0.990164 -0.139894
vn -0.002060 -0.990167 -0.139878
vn -0.000947 -0.940541 0.339680
vn -0.000802 -0.940541 0.339680
vn -0.002191 -0.990166 -0.139878
vn -0.002257 -0.990164 -0.139893
vn -0.002036 -0.998700 -0.050943
vn -0.001815 -0.998700 -0.050943
vn -0.001994 -0.990164 -0.139895
vn -0.002060 -0.990167 -0.139878
vn -0.000947 -0.940541 0.339680
vn -0.000802 -0.940541 0.339680
vn -0.002191 -0.990166 -0.139878
vn -0.002257 -0.990164 -0.139893
vn -0.002036 -0.998700 -0.050943
vn -0.001994 -0.990164 -0.139894
vn -0.002489 -0.935175 -0.354178
vn -0.002517 -0.935193 -0.354131
vn -0.002060 -0.990167 -0.139878
vn -0.002191 -0.990166 -0.139878
vn -0.002530 -0.935105 -0.354362
vn -0.002515 -0.927878 -0.372875
vn -0.002257 -0.990164 -0.139893
vn -0.001994 -0.990164 -0.139895
vn -0.002637 -0.927878 -0.372874
vn -0.002562 -0.935105 -0.354361
vn -0.002060 -0.990167 -0.139878
vn -0.002191 -0.990166 -0.139878
vn -0.002574 -0.935193 -0.354129
vn -0.002600 -0.935175 -0.354176
vn -0.002257 -0.990164 -0.139893
vn -0.002489 -0.935175 -0.354178
vn -0.002932 -0.772213 -0.635357
vn -0.002932 -0.772213 -0.635357
vn -0.002517 -0.935193 -0.354131
vn -0.001078 -0.912436 -0.409218
vn -0.001214 -0.911183 -0.412001
vn -0.002192 -0.772348 -0.635196
vn -0.002221 -0.773079 -0.634306
vn -0.001078 -0.912436 -0.409218
vn -0.002221 -0.773079 -0.634306
vn -0.002930 -0.773668 -0.633585
vn -0.002635 -0.912986 -0.407982
vn -0.002635 -0.912986 -0.407982
vn -0.002930 -0.773668 -0.633585
vn -0.003640 -0.773076 -0.634304
vn -0.004198 -0.912430 -0.409212
vn -0.004198 -0.912430 -0.409212
vn -0.003640 -0.773076 -0.634304
vn -0.003670 -0.772344 -0.635194
vn -0.004068 -0.911177 -0.411994
vn -0.002574 -0.935193 -0.354129
vn -0.002933 -0.772213 -0.635357
vn -0.002931 -0.772214 -0.635356
vn -0.002600 -0.935175 -0.354176
vn -0.002932 -0.772213 -0.635357
vn -0.003020 -0.593721 -0.804665
vn -0.003020 -0.593721 -0.804665
vn -0.002932 -0.772213 -0.635357
vn -0.002933 -0.772213 -0.635357
vn -0.003020 -0.593721 -0.804665
vn -0.003018 -0.593721 -0.804665
vn -0.002931 -0.772214 -0.635356
vn -0.003020 -0.593721 -0.804665
vn -0.003015 -0.556146 -0.831079
vn -0.003015 -0.556146 -0.831079
vn -0.003020 -0.593721 -0.804665
vn -0.003020 -0.593721 -0.804665
vn -0.003017 -0.556144 -0.831080
vn -0.003016 -0.556145 -0.831080
vn -0.003018 -0.593721 -0.804665
vn -0.003015 -0.556146 -0.831079
vn -0.003015 -0.556151 -0.831076
vn -0.003015 -0.556150 -0.831077
vn -0.003015 -0.556146 -0.831079
vn -0.003017 -0.556144 -0.831080
vn -0.003018 -0.556149 -0.831077
vn -0.003018 -0.556150 -0.831077
vn -0.003016 -0.556145 -0.831080
vn -0.003015 -0.556151 -0.831076
vn -0.003013 -0.556147 -0.831079
vn -0.003013 -0.556147 -0.831079
vn -0.003015 -0.556150 -0.831077
vn -0.003018 -0.556149 -0.831077
vn -0.003017 -0.556148 -0.831078
vn -0.003017 -0.556147 -0.831079
vn -0.003018 -0.556150 -0.831077
vn -0.003013 -0.556147 -0.831079
vn -0.003013 -0.556143 -0.831081
vn -0.003015 -0.556144 -0.831081
vn -0.003013 -0.556147 -0.831079
vn -0.003017 -0.556148 -0.831078
vn -0.003015 -0.556144 -0.831080
vn -0.003013 -0.556144 -0.831080
vn -0.003017 -0.556147 -0.831079
vn -0.003013 -0.556143 -0.831081
vn -0.003016 -0.556147 -0.831079
vn -0.003016 -0.556148 -0.831078
vn -0.003015 -0.556144 -0.831081
vn -0.003015 -0.556144 -0.831080
vn -0.003016 -0.556147 -0.831078
vn -0.003015 -0.556148 -0.831078
vn -0.003013 -0.556144 -0.831080
vn -0.003016 -0.556147 -0.831079
vn -0.003018 -0.556147 -0.831079
vn -0.003017 -0.556147 -0.831078
vn -0.003016 -0.556148 -0.831078
vn -0.003016 -0.556147 -0.831078
vn -0.003016 -0.556147 -0.831079
vn -0.003016 -0.556147 -0.831079
vn -0.003015 -0.556148 -0.831078
vn -0.003018 -0.556147 -0.831079
vn -0.003007 -0.510470 -0.859890
vn -0.003004 -0.510470 -0.859890
vn -0.003017 -0.556147 -0.831078
vn -0.003016 -0.556147 -0.831079
vn -0.003003 -0.510470 -0.859890
vn -0.003003 -0.510470 -0.859891
vn -0.003016 -0.556147 -0.831079
vn -0.003022 -0.581045 -0.813866
vn -0.002857 -0.826474 -0.562967
vn -0.002854 -0.826474 -0.562967
vn -0.003020 -0.581045 -0.813866
vn -0.003020 -0.581045 -0.813866
vn -0.002854 -0.826474 -0.562967
vn -0.002856 -0.826475 -0.562966
vn -0.003020 -0.581046 -0.813865
vn -0.003020 -0.581046 -0.813865
vn -0.002856 -0.826475 -0.562966
vn -0.002853 -0.826477 -0.562963
vn -0.003018 -0.581047 -0.813865
vn -0.003018 -0.581047 -0.813865
vn -0.002853 -0.826477 -0.562963
vn -0.002852 -0.826476 -0.562965
vn -0.003018 -0.581046 -0.813865
vn -0.003018 -0.581046 -0.813865
vn -0.002852 -0.826476 -0.562965
vn -0.002856 -0.826476 -0.562965
vn -0.003019 -0.581045 -0.813866
vn -0.003019 -0.581045 -0.813866
vn -0.002856 -0.826476 -0.562965
vn -0.002854 -0.826476 -0.562965
vn -0.003018 -0.581046 -0.813865
vn -0.003018 -0.581046 -0.813865
vn -0.002854 -0.826476 -0.562965
vn -0.002856 -0.826476 -0.562965
vn -0.003020 -0.581046 -0.813865
vn -0.003020 -0.581046 -0.813865
vn -0.002856 -0.826476 -0.562965
vn -0.002854 -0.826477 -0.562963
vn -0.003019 -0.581047 -0.813865
vn -0.003019 -0.581047 -0.813865
vn -0.002854 -0.826477 -0.562963
vn -0.002853 -0.826478 -0.562962
vn -0.003018 -0.581048 -0.813864
vn -0.003018 -0.581048 -0.813864
vn -0.002853 -0.826478 -0.562962
vn -0.002854 -0.826478 -0.562962
vn -0.003019 -0.581048 -0.813864
vn 0.000342 -0.613634 0.789590
vn 0.000342 -0.613634 0.789590
vn -0.000947 -0.940541 0.339680
vn 0.000574 -0.613965 0.789333
vn 0.001032 -0.613965 0.789332
vn -0.000802 -0.940541 0.339680
vn 0.001268 -0.613635 0.789589
vn 0.001268 -0.613635 0.789589
vn 0.000342 -0.613634 0.789590
vn 0.000342 -0.613634 0.789590
vn -0.000947 -0.940541 0.339680
vn 0.000574 -0.613965 0.789333
vn 0.001032 -0.613965 0.789332
vn -0.000802 -0.940541 0.339680
vn 0.001268 -0.613635 0.789589
vn 0.001268 -0.613635 0.789589
vn -0.003007 -0.510470 -0.859890
vn -0.003022 -0.581045 -0.813866
vn -0.003020 -0.581045 -0.813866
vn -0.003004 -0.510470 -0.859890
vn -0.003003 -0.510470 -0.859890
vn -0.003018 -0.581048 -0.813864
vn -0.003019 -0.581048 -0.813864
vn -0.003003 -0.510470 -0.859891
vn 0.001434 0.989410 -0.145140
vn 0.001434 0.989410 -0.145140
vn 0.001434 0.989410 -0.145140
vn 0.001434 0.989410 -0.145140
vn -0.999998 0.001152 0.001546
vn -0.999998 0.001152 0.001546
vn -0.999998 0.001152 0.001546
vn -0.999998 0.001152 0.001546
vn 0.001434 0.989410 -0.145140
vn 0.001434 0.989410 -0.145140
vn 0.001434 0.989410 -0.145140
vn 0.001434 0.989410 -0.145140
vn 0.001434 0.989410 -0.145140
vn 0.001434 0.989410 -0.145140
vn 0.001434 0.989410 -0.145140
vn 0.001434 0.989410 -0.145140
vn 0.999998 -0.001152 -0.001546
vn 0.999998 -0.001152 -0.001546
vn 0.999998 -0.001152 -0.001546
vn 0.999998 -0.001152 -0.001546
vn 0.001434 0.989410 -0.145140
vn 0.001434 0.989410 -0.145141
vn 0.001434 0.989410 -0.145141
vn 0.001434 0.989410 -0.145140
vn -0.999998 0.001152 0.001546
vn -0.999998 0.001152 0.001546
vn -0.999998 0.001152 0.001546
vn -0.999998 0.001152 0.001546
vn 0.001434 0.989410 -0.145141
vn 0.001434 0.989410 -0.145141
vn 0.001434 0.989410 -0.145141
vn 0.001434 0.989410 -0.145141
vn 0.001434 0.989410 -0.145141
vn 0.001434 0.989410 -0.145140
vn 0.001434 0.989410 -0.145140
vn 0.001434 0.989410 -0.145141
vn 0.999998 -0.001152 -0.001546
vn 0.999998 -0.001152 -0.001546
vn 0.999998 -0.001152 -0.001546
vn 0.999998 -0.001152 -0.001546
vn -0.999998 0.001152 0.001545
vn -0.999998 0.001152 0.001546
vn -0.999998 0.001152 0.001546
vn -0.999998 0.001152 0.001545
vn 0.999998 -0.001152 -0.001546
vn 0.999998 -0.001152 -0.001546
vn 0.999998 -0.001152 -0.001547
vn 0.999998 -0.001152 -0.001546
vn -0.999998 0.001152 0.001546
vn -0.999998 0.001152 0.001546
vn -0.999998 0.001152 0.001546
vn -0.999998 0.001152 0.001546
vn 0.999998 -0.001152 -0.001546
vn 0.999998 -0.001152 -0.001546
vn 0.999998 -0.001152 -0.001546
vn 0.999998 -0.001152 -0.001546
vn -0.999998 0.001151 0.001546
vn -0.999998 0.001152 0.001545
vn -0.999998 0.001152 0.001545
vn -0.999998 0.001151 0.001546
vn 0.999998 -0.001152 -0.001546
vn 0.999998 -0.001152 -0.001546
vn 0.999998 -0.001152 -0.001546
vn 0.999998 -0.001152 -0.001546
vn -0.999998 0.001151 0.001546
vn -0.999998 0.001151 0.001546
vn -0.999998 0.001151 0.001546
vn -0.999998 0.001152 0.001546
vn -0.017592 -0.381929 0.924024
vn 0.001477 -0.406956 0.913447
vn 0.001477 -0.406956 0.913447
vn -0.017571 -0.381957 0.924013
vn 0.001477 -0.406956 0.913447
vn 0.020688 -0.381967 0.923944
vn 0.020668 -0.381995 0.923933
vn 0.001477 -0.406956 0.913447
vn 0.999998 -0.001152 -0.001546
vn 0.999998 -0.001152 -0.001546
vn 0.999998 -0.001152 -0.001546
vn 0.999998 -0.001152 -0.001546
vn -0.999998 0.001152 0.001545
vn -0.999998 0.001151 0.001546
vn -0.999998 0.001152 0.001546
vn -0.999998 0.001152 0.001545
vn 0.999998 -0.001152 -0.001546
vn 0.999998 -0.001152 -0.001546
vn 0.999998 -0.001152 -0.001546
vn 0.999998 -0.001152 -0.001546
vn -0.999998 0.001152 0.001545
vn -0.999998 0.001152 0.001545
vn -0.999998 0.001152 0.001545
vn -0.999998 0.001151 0.001545
vn 0.999998 -0.001152 -0.001546
vn 0.999998 -0.001154 -0.001546
vn 0.999998 -0.001154 -0.001546
vn 0.999998 -0.001152 -0.001546
vn -0.999998 0.001151 0.001544
vn -0.999998 0.001152 0.001545
vn -0.999998 0.001151 0.001545
vn -0.999998 0.001152 0.001544
vn 0.999998 -0.001154 -0.001546
vn 0.999998 -0.001154 -0.001547
vn 0.999998 -0.001154 -0.001547
vn 0.999998 -0.001154 -0.001546
vn -0.999998 0.001152 0.001544
vn -0.999998 0.001151 0.001544
vn -0.999998 0.001152 0.001544
vn -0.999998 0.001152 0.001544
vn 0.999998 -0.001154 -0.001547
vn 0.999998 -0.001152 -0.001547
vn 0.999998 -0.001152 -0.001547
vn 0.999998 -0.001154 -0.001547
vn -0.999998 0.001151 0.001545
vn -0.999998 0.001152 0.001544
vn -0.999998 0.001152 0.001544
vn -0.999998 0.001151 0.001545
vn 0.999998 -0.001152 -0.001547
vn 0.999998 -0.001152 -0.001546
vn 0.999998 -0.001152 -0.001546
vn 0.999998 -0.001152 -0.001547
vn -0.999998 0.001151 0.001545
vn -0.999998 0.001151 0.001545
vn -0.999998 0.001151 0.001545
vn -0.999998 0.001152 0.001545
vn 0.999998 -0.001152 -0.001546
vn 0.999998 -0.001153 -0.001546
vn 0.999998 -0.001152 -0.001546
vn 0.999998 -0.001152 -0.001546
vn -0.999998 0.001153 0.001546
vn -0.999998 0.001151 0.001545
vn -0.999998 0.001152 0.001545
vn -0.999998 0.001153 0.001547
vn 0.999998 -0.001153 -0.001546
vn 0.999998 -0.001152 -0.001547
vn 0.999998 -0.001152 -0.001546
vn 0.999998 -0.001152 -0.001546
vn -0.999998 0.001154 0.001548
vn -0.999998 0.001153 0.001546
vn -0.999998 0.001153 0.001547
vn -0.999998 0.001154 0.001548
vn 0.999998 -0.001152 -0.001547
vn 0.999998 -0.001152 -0.001546
vn 0.999998 -0.001152 -0.001546
vn 0.999998 -0.001152 -0.001546
vn -0.000985 0.562972 -0.826476
vn -0.000987 0.562972 -0.826476
vn -0.000987 0.562972 -0.826476
vn -0.000985 0.562972 -0.826476
vn -0.999998 0.001153 0.001547
vn -0.999998 0.001153 0.001548
vn -0.999998 0.001153 0.001548
vn -0.999998 0.001153 0.001547
vn -0.000988 0.562971 -0.826476
vn -0.000985 0.562972 -0.826476
vn -0.000985 0.562972 -0.826476
vn -0.000988 0.562971 -0.826476
vn -0.000987 0.562968 -0.826478
vn -0.000988 0.562971 -0.826476
vn -0.000988 0.562971 -0.826476
vn -0.000987 0.562968 -0.826478
vn -0.000984 0.562967 -0.826479
vn -0.000987 0.562968 -0.826478
vn -0.000987 0.562968 -0.826478
vn -0.000984 0.562967 -0.826479
vn -0.000985 0.562970 -0.826477
vn -0.000984 0.562967 -0.826479
vn -0.000984 0.562967 -0.826479
vn -0.000985 0.562970 -0.826477
vn -0.000985 0.562970 -0.826477
vn -0.000985 0.562970 -0.826477
vn -0.000985 0.562970 -0.826477
vn -0.000985 0.562970 -0.826477
vn -0.000984 0.562971 -0.826476
vn -0.000985 0.562970 -0.826477
vn -0.000985 0.562970 -0.826477
vn -0.000984 0.562971 -0.826476
vn -0.000987 0.562971 -0.826476
vn -0.000984 0.562971 -0.826476
vn -0.000984 0.562971 -0.826476
vn -0.000987 0.562971 -0.826476
vn -0.000987 0.562969 -0.826478
vn -0.000987 0.562971 -0.826476
vn -0.000987 0.562971 -0.826476
vn -0.000987 0.562969 -0.826478
vn 0.999998 -0.001152 -0.001546
vn 0.999998 -0.001153 -0.001545
vn 0.999998 -0.001153 -0.001545
vn 0.999998 -0.001152 -0.001545
vn -0.000985 0.562967 -0.826479
vn -0.000987 0.562969 -0.826478
vn -0.000987 0.562969 -0.826478
vn -0.000985 0.562967 -0.826479
vn -0.999998 0.001152 0.001546
vn -0.999998 0.001152 0.001546
vn -0.999998 0.001152 0.001546
vn -0.999998 0.001152 0.001546
vn 0.999998 -0.001152 -0.001546
vn 0.999998 -0.001152 -0.001546
vn 0.999998 -0.001152 -0.001546
vn 0.999998 -0.001152 -0.001546
vn -0.999998 0.001152 0.001546
vn -0.999998 0.001152 0.001546
vn -0.999998 0.001152 0.001546
vn -0.999998 0.001152 0.001546
vn 0.999998 -0.001152 -0.001546
vn 0.999998 -0.001152 -0.001546
vn 0.999998 -0.001152 -0.001546
vn 0.999998 -0.001152 -0.001546
vn -0.999998 0.001153 0.001548
vn -0.999998 0.001154 0.001548
vn -0.999998 0.001154 0.001548
vn -0.999998 0.001153 0.001548
vn 0.999998 -0.001152 -0.001546
vn 0.999998 -0.001152 -0.001546
vn 0.999998 -0.001152 -0.001545
vn 0.999998 -0.001152 -0.001546
vn 0.999998 -0.001152 -0.001546
vn 0.999998 -0.001151 -0.001547
vn 0.999998 -0.001151 -0.001547
vn 0.999998 -0.001152 -0.001547
vn -0.017571 -0.381957 0.924013
vn -0.036434 -0.356119 0.933730
vn -0.036434 -0.356119 0.933730
vn -0.017592 -0.381929 0.924024
vn 0.020688 -0.381967 0.923944
vn 0.039669 -0.356194 0.933570
vn 0.039669 -0.356194 0.933570
vn 0.020668 -0.381995 0.923933
vn -0.999998 0.001152 0.001546
vn -0.999998 0.001151 0.001546
vn -0.999998 0.001151 0.001546
vn -0.999998 0.001152 0.001546
vn -0.002083 -0.927522 0.373763
vn 0.763783 -0.628723 -0.146091
vn 0.766198 -0.625012 -0.149334
vn 0.030144 -0.931924 0.361399
vn -0.766118 -0.626450 -0.143606
vn 0.000547 -0.927526 0.373759
vn -0.031756 -0.931836 0.361487
vn -0.768532 -0.622734 -0.146840
vn -0.664408 -0.138697 -0.734387
vn -0.664408 -0.138697 -0.734387
vn -0.664408 -0.138697 -0.734387
vn 0.661007 -0.140358 -0.737136
vn 0.661007 -0.140358 -0.737136
vn 0.661007 -0.140358 -0.737136
vn 0.458750 0.580400 0.672819
vn 0.458750 0.580400 0.672819
vn 0.458750 0.580400 0.672819
vn 0.458750 0.580400 0.672819
vn -0.453403 0.580863 0.676036
vn -0.453403 0.580863 0.676036
vn -0.453403 0.580863 0.676036
vn -0.453403 0.580863 0.676036
vn -0.661898 0.736686 -0.138509
vn -0.661898 0.736686 -0.138509
vn -0.661898 0.736686 -0.138509
vn 0.663513 0.734855 -0.140495
vn 0.663513 0.734855 -0.140495
vn 0.663513 0.734855 -0.140495
s off
g ipadstand3 ipadstand:partspart_top
usemtl initialShadingGroup
f 853/854/3001 855/855/3002 856/856/3003 854/857/3004
f 857/858/3005 859/859/3006 860/860/3007 858/861/3008
f 854/857/3009 856/856/3010 862/862/3011 861/863/3012
f 858/861/3013 860/860/3014 864/864/3015 863/865/3016
f 861/863/3017 862/862/3018 866/866/3019 865/867/3020
f 862/862/3021 1121/868/3022 1120/869/3023 867/870/3024 866/866/3025
f 863/865/3026 864/864/3027 873/871/3028 872/872/3029
f 865/867/3030 866/866/3031 875/873/3032 874/874/3033
f 866/866/3034 867/870/3035 876/875/3036 875/873/3037
f 867/870/3038 868/876/3039 877/877/3040 876/875/3041
f 868/876/3042 869/878/3043 878/879/3044 877/877/3045
f 869/878/3046 870/880/3047 879/881/3048 878/879/3049
f 870/880/3050 871/882/3051 880/883/3052 879/881/3053
f 871/882/3054 872/872/3055 881/884/3056 880/883/3057
f 872/872/3058 873/871/3059 882/885/3060 881/884/3061
f 874/874/3062 875/873/3063 884/886/3064 883/887/3065
f 875/873/3066 876/875/3067 885/888/3068 884/886/3069
f 876/875/3070 877/877/3071 886/889/3072 885/888/3073
f 877/877/3074 878/879/3075 887/890/3076 886/889/3077
f 878/879/3078 879/881/3079 888/891/3080 887/890/3081
f 879/881/3082 880/883/3083 889/892/3084 888/891/3085
f 880/883/3086 881/884/3087 890/893/3088 889/892/3089
f 881/884/3090 882/885/3091 891/894/3092 890/893/3093
f 883/887/3094 884/886/3095 893/895/3096 892/896/3097
f 884/886/3098 885/888/3099 894/897/3100 893/895/3101
f 885/888/3102 886/889/3103 895/898/3104 894/897/3105
f 886/889/3106 887/890/3107 896/899/3108 895/898/3109
f 887/890/3110 888/891/3111 897/900/3112 896/899/3113
f 888/891/3114 889/892/3115 898/901/3116 897/900/3117
f 889/892/3118 890/893/3119 899/902/3120 898/901/3121
f 890/893/3122 891/894/3123 900/903/3124 899/902/3125
f 892/896/3126 893/895/3127 902/904/3128 901/905/3129
f 893/895/3130 894/897/3131 903/906/3132 902/904/3133
f 894/897/3134 895/898/3135 904/907/3136 903/906/3137
f 895/898/3138 896/899/3139 905/908/3140 904/907/3141
f 896/899/3142 897/900/3143 906/909/3144 905/908/3145
f 897/900/3146 898/901/3147 907/910/3148 906/909/3149
f 898/901/3150 899/902/3151 908/911/3152 907/910/3153
f 899/902/3154 900/903/3155 909/912/3156 908/911/3157
f 901/905/3158 902/904/3159 911/913/3160 910/914/3161
f 902/904/3162 903/906/3163 912/915/3164 911/913/3165
f 903/906/3166 904/907/3167 913/916/3168 912/915/3169
f 904/907/3170 905/908/3171 914/917/3172 913/916/3173
f 905/908/3174 906/909/3175 915/918/3176 914/917/3177
f 906/909/3178 907/910/3179 916/919/3180 915/918/3181
f 907/910/3182 908/911/3183 917/920/3184 916/919/3185
f 908/911/3186 909/912/3187 918/921/3188 917/920/3189
f 910/914/3190 911/913/3191 920/922/3192 919/923/3193
f 911/913/3194 912/915/3195 921/924/3196 920/922/3197
f 912/915/3198 913/916/3199 922/925/3200 921/924/3201
f 913/916/3202 914/917/3203 923/926/3204 922/925/3205
f 914/917/3206 915/918/3207 924/927/3208 923/926/3209
f 915/918/3210 916/919/3211 925/928/3212 924/927/3213
f 916/919/3214 917/920/3215 926/929/3216 925/928/3217
f 917/920/3218 918/921/3219 927/930/3220 926/929/3221
f 919/923/3222 920/922/3223 929/931/3224 928/932/3225
f 920/922/3226 921/924/3227 930/933/3228 929/931/3229
f 921/924/3230 922/925/3231 931/934/3232 930/933/3233
f 922/925/3234 923/926/3235 932/935/3236 931/934/3237
f 923/926/3238 924/927/3239 933/936/3240 932/935/3241
f 924/927/3242 925/928/3243 934/937/3244 933/936/3245
f 925/928/3246 926/929/3247 935/938/3248 934/937/3249
f 926/929/3250 927/930/3251 936/939/3252 935/938/3253
f 928/932/3254 929/931/3255 938/940/3256 937/941/3257
f 929/931/3258 930/933/3259 939/942/3260 938/940/3261
f 930/933/3262 931/934/3263 940/943/3264 939/942/3265
f 931/934/3266 932/935/3267 941/944/3268 940/943/3269
f 932/935/3270 933/936/3271 942/945/3272 941/944/3273
f 933/936/3274 934/937/3275 943/946/3276 942/945/3277
f 934/937/3278 935/938/3279 944/947/3280 943/946/3281
f 935/938/3282 936/939/3283 945/948/3284 944/947/3285
f 849/949/3286 850/950/3287 855/855/3288 853/854/3289
f 851/951/3290 852/952/3291 859/859/3292 857/858/3293
f 937/941/3294 938/940/3295 947/953/3296 946/954/3297
f 938/940/3298 939/942/3299 948/955/3300 947/953/3301
f 939/942/3302 940/943/3303 949/956/3304 948/955/3305
f 940/943/3306 941/944/3307 950/957/3308 949/956/3309
f 941/944/3310 942/945/3311 951/958/3312 950/957/3313
f 942/945/3314 943/946/3315 952/959/3316 951/958/3317
f 943/946/3318 944/947/3319 953/960/3320 952/959/3321
f 944/947/3322 945/948/3323 954/961/3324 953/960/3325
f 836/962/3326 747/963/3327 748/964/3328 837/965/3329
f 838/966/3330 749/967/3331 750/968/3332 839/969/3333
f 747/963/3334 751/970/3335 752/971/3336 748/964/3337
f 749/967/3338 753/972/3339 754/973/3340 750/968/3341
f 751/970/3342 755/974/3343 756/975/3344 752/971/3345
f 752/971/3346 756/975/3347 757/976/3348 996/977/3349 995/978/3350
f 753/972/3351 762/979/3352 763/980/3353 754/973/3354
f 755/974/3355 764/981/3356 765/982/3357 756/975/3358
f 756/975/3359 765/982/3360 766/983/3361 757/976/3362
f 757/976/3363 766/983/3364 767/984/3365 758/985/3366
f 758/985/3367 767/984/3368 768/986/3369 759/987/3370
f 759/987/3371 768/986/3372 769/988/3373 760/989/3374
f 760/989/3375 769/988/3376 770/990/3377 761/991/3378
f 761/991/3379 770/990/3380 771/992/3381 762/979/3382
f 762/979/3383 771/992/3384 772/993/3385 763/980/3386
f 764/981/3387 773/994/3388 774/995/3389 765/982/3390
f 765/982/3391 774/995/3392 775/996/3393 766/983/3394
f 766/983/3395 775/996/3396 776/997/3397 767/984/3398
f 767/984/3399 776/997/3400 777/998/3401 768/986/3402
f 768/986/3403 777/998/3404 778/999/3405 769/988/3406
f 769/988/3407 778/999/3408 779/1000/3409 770/990/3410
f 770/990/3411 779/1000/3412 780/1001/3413 771/992/3414
f 771/992/3415 780/1001/3416 781/1002/3417 772/993/3418
f 773/994/3419 782/1003/3420 783/1004/3421 774/995/3422
f 774/995/3423 783/1004/3424 784/1005/3425 775/996/3426
f 775/996/3427 784/1005/3428 785/1006/3429 776/997/3430
f 776/997/3431 785/1006/3432 786/1007/3433 777/998/3434
f 777/998/3435 786/1007/3436 787/1008/3437 778/999/3438
f 778/999/3439 787/1008/3440 788/1009/3441 779/1000/3442
f 779/1000/3443 788/1009/3444 789/1010/3445 780/1001/3446
f 780/1001/3447 789/1010/3448 790/1011/3449 781/1002/3450
f 782/1003/3451 791/1012/3452 792/1013/3453 783/1004/3454
f 783/1004/3455 792/1013/3456 793/1014/3457 784/1005/3458
f 784/1005/3459 793/1014/3460 794/1015/3461 785/1006/3462
f 785/1006/3463 794/1015/3464 795/1016/3465 786/1007/3466
f 786/1007/3467 795/1016/3468 796/1017/3469 787/1008/3470
f 787/1008/3471 796/1017/3472 797/1018/3473 788/1009/3474
f 788/1009/3475 797/1018/3476 798/1019/3477 789/1010/3478
f 789/1010/3479 798/1019/3480 799/1020/3481 790/1011/3482
f 791/1012/3483 800/1021/3484 801/1022/3485 792/1013/3486
f 792/1013/3487 801/1022/3488 802/1023/3489 793/1014/3490
f 793/1014/3491 802/1023/3492 803/1024/3493 794/1015/3494
f 794/1015/3495 803/1024/3496 804/1025/3497 795/1016/3498
f 795/1016/3499 804/1025/3500 805/1026/3501 796/1017/3502
f 796/1017/3503 805/1026/3504 806/1027/3505 797/1018/3506
f 797/1018/3507 806/1027/3508 807/1028/3509 798/1019/3510
f 798/1019/3511 807/1028/3512 808/1029/3513 799/1020/3514
f 800/1021/3515 809/1030/3516 810/1031/3517 801/1022/3518
f 801/1022/3519 810/1031/3520 811/1032/3521 802/1023/3522
f 802/1023/3523 811/1032/3524 812/1033/3525 803/1024/3526
f 803/1024/3527 812/1033/3528 813/1034/3529 804/1025/3530
f 804/1025/3531 813/1034/3532 814/1035/3533 805/1026/3534
f 805/1026/3535 814/1035/3536 815/1036/3537 806/1027/3538
f 806/1027/3539 815/1036/3540 816/1037/3541 807/1028/3542
f 807/1028/3543 816/1037/3544 817/1038/3545 808/1029/3546
f 809/1030/3547 818/1039/3548 819/1040/3549 810/1031/3550
f 810/1031/3551 819/1040/3552 820/1041/3553 811/1032/3554
f 811/1032/3555 820/1041/3556 821/1042/3557 812/1033/3558
f 812/1033/3559 821/1042/3560 822/1043/3561 813/1034/3562
f 813/1034/3563 822/1043/3564 823/1044/3565 814/1035/3566
f 814/1035/3567 823/1044/3568 824/1045/3569 815/1036/3570
f 815/1036/3571 824/1045/3572 825/1046/3573 816/1037/3574
f 816/1037/3575 825/1046/3576 826/1047/3577 817/1038/3578
f 818/1039/3579 827/1048/3580 828/1049/3581 819/1040/3582
f 819/1040/3583 828/1049/3584 829/1050/3585 820/1041/3586
f 820/1041/3587 829/1050/3588 830/1051/3589 821/1042/3590
f 821/1042/3591 830/1051/3592 831/1052/3593 822/1043/3594
f 822/1043/3595 831/1052/3596 832/1053/3597 823/1044/3598
f 823/1044/3599 832/1053/3600 833/1054/3601 824/1045/3602
f 824/1045/3603 833/1054/3604 834/1055/3605 825/1046/3606
f 825/1046/3607 834/1055/3608 835/1056/3609 826/1047/3610
f 743/1057/3611 836/962/3612 837/965/3613 744/1058/3614
f 745/1059/3615 838/966/3616 839/969/3617 746/1060/3618
f 827/1048/3619 840/1061/3620 841/1062/3621 828/1049/3622
f 828/1049/3623 841/1062/3624 842/1063/3625 829/1050/3626
f 829/1050/3627 842/1063/3628 843/1064/3629 830/1051/3630
f 830/1051/3631 843/1064/3632 844/1065/3633 831/1052/3634
f 831/1052/3635 844/1065/3636 845/1066/3637 832/1053/3638
f 832/1053/3639 845/1066/3640 846/1067/3641 833/1054/3642
f 833/1054/3643 846/1067/3644 847/1068/3645 834/1055/3646
f 834/1055/3647 847/1068/3648 848/1069/3649 835/1056/3650
f 1002/1070/3651 1001/1071/3652 761/991/3653 762/979/3654 753/972/3655
f 1123/1072/3656 1126/1073/3657 863/865/3658 872/872/3659 871/882/3660
f 955/1074/3661 956/1075/3662 960/1076/3663 959/1077/3664
f 956/1075/3665 955/1074/3666 957/1078/3667 958/1079/3668
f 958/1079/3669 957/1078/3670 961/1080/3671 962/1081/3672
f 959/1077/3673 960/1082/3674 980/1083/3675 979/1084/3676
f 962/1081/3677 961/1080/3678 963/1085/3679 964/1086/3680
f 964/1086/3681 963/1085/3682 965/1087/3683 966/1088/3684
f 966/1089/3685 965/1087/3686 981/1090/3687 982/1091/3688
f 967/1092/3689 968/1093/3690 972/1094/3691 971/1095/3692
f 968/1093/3693 967/1092/3694 969/1096/3695 970/1097/3696
f 970/1097/3697 969/1096/3698 973/1098/3699 974/1099/3700
f 971/1095/3701 972/1100/3702 984/1101/3703 983/1102/3704
f 974/1099/3705 973/1098/3706 975/1103/3707 976/1104/3708
f 976/1104/3709 975/1103/3710 977/1105/3711 978/1106/3712
f 978/1107/3713 977/1105/3714 985/1108/3715 986/1109/3716
f 979/1084/3717 980/1110/3718 988/1111/3719 987/1112/3720
f 982/1113/3721 981/1090/3722 991/1114/3723 992/1115/3724
f 983/1102/3725 984/1116/3726 998/1117/3727 997/1118/3728
f 986/1119/3729 985/1108/3730 1003/1120/3731 1004/1121/3732
f 987/1112/3733 988/1122/3734 990/1123/3735 989/1124/3736
f 989/1124/3737 990/1125/3738 1008/1126/3739 1007/1127/3740
f 992/1128/3741 991/1114/3742 995/978/3743 994/1129/3744
f 994/1130/3745 993/1131/3746 1119/1132/3747 1122/1133/3748
f 993/1134/3749 996/977/3750 1009/1135/3751 1010/1136/3752
f 997/1118/3753 998/1137/3754 999/1138/3755 1002/1070/3756
f 1000/1139/3757 999/1140/3758 1125/1141/3759 1124/1142/3760
f 1001/1071/3761 1000/1143/3762 1014/1144/3763 1013/1145/3764
f 1004/1146/3765 1003/1120/3766 1005/1147/3767 1006/1148/3768
f 1006/1149/3769 1005/1147/3770 1015/1150/3771 1016/1151/3772
f 1007/1127/3773 1008/1152/3774 1018/1153/3775 1017/1154/3776
f 1010/1136/3777 1009/1135/3778 1011/1155/3779 1012/1156/3780
f 1012/1156/3781 1011/1155/3782 1013/1145/3783 1014/1144/3784
f 1016/1157/3785 1015/1150/3786 1019/1158/3787 1020/1159/3788
f 1017/1154/3789 1018/1160/3790 1022/1161/3791 1021/1162/3792
f 1020/1163/3793 1019/1158/3794 1023/1164/3795 1024/1165/3796
f 1021/1162/3797 1022/1166/3798 1026/1167/3799 1025/1168/3800
f 1024/1169/3801 1023/1164/3802 1027/1170/3803 1028/1171/3804
f 1025/1168/3805 1026/1172/3806 1030/1173/3807 1029/1174/3808
f 1028/1175/3809 1027/1170/3810 1031/1176/3811 1032/1177/3812
f 1029/1174/3813 1030/1178/3814 1034/1179/3815 1033/1180/3816
f 1032/1181/3817 1031/1176/3818 1035/1182/3819 1036/1183/3820
f 1033/1180/3821 1034/1184/3822 1038/1185/3823 1037/1186/3824
f 1036/1187/3825 1035/1182/3826 1039/1188/3827 1040/1189/3828
f 1037/1186/3829 1038/1190/3830 1042/1191/3831 1041/1192/3832
f 1040/1193/3833 1039/1188/3834 1043/1194/3835 1044/1195/3836
f 1041/1192/3837 1042/1196/3838 1046/1197/3839 1045/1198/3840
f 1044/1199/3841 1043/1194/3842 1047/1200/3843 1048/1201/3844
f 1045/1198/3845 1046/1202/3846 1050/1203/3847 1049/1204/3848
f 1048/1205/3849 1047/1200/3850 1051/1206/3851 1052/1207/3852
f 1049/1204/3853 1050/1203/3854 1055/1208/3855 1054/1209/3856
f 1052/1207/3857 1051/1206/3858 1075/1210/3859 1074/1211/3860
f 1053/1212/3861 1055/1213/3862 1173/1214/3863 1172/1215/3864
f 1054/1209/3865 1053/1216/3866 1057/1217/3867 1056/1218/3868
f 1056/1218/3869 1057/1217/3870 1059/1219/3871 1058/1220/3872
f 1058/1220/3873 1059/1219/3874 1061/1221/3875 1060/1222/3876
f 1060/1222/3877 1061/1221/3878 1063/1223/3879 1062/1224/3880
f 1062/1224/3881 1063/1223/3882 1065/1225/3883 1064/1226/3884
f 1064/1226/3885 1065/1225/3886 1067/1227/3887 1066/1228/3888
f 1066/1228/3889 1067/1227/3890 1069/1229/3891 1068/1230/3892
f 1068/1230/3893 1069/1229/3894 1071/1231/3895 1070/1232/3896
f 1070/1232/3897 1071/1231/3898 1073/1233/3899 1072/1234/3900
f 1072/1234/3901 1073/1233/3902 1076/1235/3903 1075/1210/3904
f 1074/1236/3905 1076/1237/3906 1196/1238/3907 1195/1239/3908
f 1077/1240/3909 1078/1241/3910 1082/1242/3911 1081/1243/3912
f 1078/1241/3913 1077/1240/3914 1080/1244/3915 1079/1245/3916
f 1079/1245/3917 1080/1244/3918 1084/1246/3919 1083/1247/3920
f 1081/1243/3921 1082/1242/3922 1101/1248/3923 1102/1249/3924
f 1083/1247/3925 1084/1246/3926 1086/1250/3927 1085/1251/3928
f 1085/1251/3929 1086/1250/3930 1088/1252/3931 1087/1253/3932
f 1087/1253/3933 1088/1252/3934 1105/1254/3935 1106/1255/3936
f 1089/1256/3937 1090/1257/3938 1094/1258/3939 1093/1259/3940
f 1090/1257/3941 1089/1256/3942 1092/1260/3943 1091/1261/3944
f 1091/1261/3945 1092/1260/3946 1096/1262/3947 1095/1263/3948
f 1093/1259/3949 1094/1258/3950 1109/1264/3951 1110/1265/3952
f 1095/1263/3953 1096/1262/3954 1098/1266/3955 1097/1267/3956
f 1097/1267/3957 1098/1266/3958 1100/1268/3959 1099/1269/3960
f 1099/1269/3961 1100/1268/3962 1113/1270/3963 1114/1271/3964
f 1102/1249/3965 1101/1248/3966 1104/1272/3967 1103/1273/3968
f 1103/1273/3969 1104/1272/3970 1118/1274/3971 1117/1275/3972
f 1106/1255/3973 1105/1254/3974 1108/1276/3975 1107/1277/3976
f 1107/1277/3977 1108/1276/3978 1122/1133/3979 1121/868/3980
f 1110/1265/3981 1109/1264/3982 1112/1278/3983 1111/1279/3984
f 1111/1279/3985 1112/1278/3986 1126/1073/3987 1125/1141/3988
f 1114/1271/3989 1113/1270/3990 1116/1280/3991 1115/1281/3992
f 1115/1281/3993 1116/1280/3994 1128/1282/3995 1127/1283/3996
f 1117/1275/3997 1118/1274/3998 1130/1284/3999 1129/1285/4000
f 1120/869/4001 1119/1132/4002 1132/1286/4003 1131/1287/4004
f 1124/1142/4005 1123/1072/4006 1135/1288/4007 1136/1289/4008
f 1127/1283/4009 1128/1282/4010 1138/1290/4011 1137/1291/4012
f 1129/1285/4013 1130/1284/4014 1140/1292/4015 1139/1293/4016
f 1131/1287/4017 1132/1286/4018 1134/1294/4019 1133/1295/4020
f 1133/1295/4021 1134/1294/4022 1136/1289/4023 1135/1288/4024
f 1137/1291/4025 1138/1290/4026 1142/1296/4027 1141/1297/4028
f 1139/1293/4029 1140/1292/4030 1144/1298/4031 1143/1299/4032
f 1141/1297/4033 1142/1296/4034 1146/1300/4035 1145/1301/4036
f 1143/1299/4037 1144/1298/4038 1148/1302/4039 1147/1303/4040
f 1145/1301/4041 1146/1300/4042 1150/1304/4043 1149/1305/4044
f 1147/1303/4045 1148/1302/4046 1152/1306/4047 1151/1307/4048
f 1149/1305/4049 1150/1304/4050 1154/1308/4051 1153/1309/4052
f 1151/1307/4053 1152/1306/4054 1156/1310/4055 1155/1311/4056
f 1153/1309/4057 1154/1308/4058 1158/1312/4059 1157/1313/4060
f 1155/1311/4061 1156/1310/4062 1160/1314/4063 1159/1315/4064
f 1157/1313/4065 1158/1312/4066 1162/1316/4067 1161/1317/4068
f 1159/1315/4069 1160/1314/4070 1164/1318/4071 1163/1319/4072
f 1161/1317/4073 1162/1316/4074 1166/1320/4075 1165/1321/4076
f 1163/1319/4077 1164/1318/4078 1168/1322/4079 1167/1323/4080
f 1165/1321/4081 1166/1320/4082 1170/1324/4083 1169/1325/4084
f 1167/1323/4085 1168/1322/4086 1176/1326/4087 1177/1327/4088
f 1169/1325/4089 1170/1324/4090 1197/1328/4091 1198/1329/4092
f 1171/1330/4093 1173/1214/4094 1177/1327/4095 1176/1326/4096
f 1172/1215/4097 1171/1330/4098 1175/1331/4099 1174/1332/4100
f 1174/1332/4101 1175/1331/4102 1179/1333/4103 1178/1334/4104
f 1178/1334/4105 1179/1333/4106 1181/1335/4107 1180/1336/4108
f 1180/1336/4109 1181/1335/4110 1183/1337/4111 1182/1338/4112
f 1182/1338/4113 1183/1337/4114 1185/1339/4115 1184/1340/4116
f 1184/1340/4117 1185/1339/4118 1187/1341/4119 1186/1342/4120
f 1186/1342/4121 1187/1341/4122 1189/1343/4123 1188/1344/4124
f 1188/1344/4125 1189/1343/4126 1191/1345/4127 1190/1346/4128
f 1190/1346/4129 1191/1345/4130 1193/1347/4131 1192/1348/4132
f 1192/1348/4133 1193/1347/4134 1194/1349/4135 1196/1238/4136
f 1195/1239/4137 1194/1349/4138 1198/1329/4139 1197/1328/4140
f 1078/1241/4141 1079/1245/4142 849/949/4143 1082/1242/4144
f 1079/1245/4145 1083/1247/4146 850/950/4147 849/949/4148
f 1083/1247/4149 1085/1251/4150 1087/1253/4151 850/950/4152
f 1090/1257/4153 1091/1261/4154 851/951/4155 1094/1258/4156
f 1091/1261/4157 1095/1263/4158 852/952/4159 851/951/4160
f 1095/1263/4161 1097/1267/4162 1099/1269/4163 852/952/4164
f 1101/1248/4165 853/854/4166 854/857/4167 1104/1272/4168
f 855/855/4169 1106/1255/4170 1107/1277/4171 856/856/4172
f 1109/1264/4173 857/858/4174 858/861/4175 1112/1278/4176
f 859/859/4177 1114/1271/4178 1115/1281/4179 860/860/4180
f 1104/1272/4181 854/857/4182 861/863/4183 1118/1274/4184
f 856/856/4185 1107/1277/4186 1121/868/4187 862/862/4188
f 1112/1278/4189 858/861/4190 863/865/4191 1126/1073/4192
f 860/860/4193 1115/1281/4194 1127/1283/4195 864/864/4196
f 1118/1274/4197 861/863/4198 865/867/4199 1130/1284/4200
f 1120/869/4201 1131/1287/4202 868/876/4203 867/870/4204
f 1131/1287/4205 1133/1295/4206 869/878/4207 868/876/4208
f 1133/1295/4209 1135/1288/4210 870/880/4211 869/878/4212
f 1135/1288/4213 1123/1072/4214 871/882/4215 870/880/4216
f 864/864/4217 1127/1283/4218 1137/1291/4219 873/871/4220
f 1130/1284/4221 865/867/4222 874/874/4223 1140/1292/4224
f 873/871/4225 1137/1291/4226 1141/1297/4227 882/885/4228
f 1140/1292/4229 874/874/4230 883/887/4231 1144/1298/4232
f 882/885/4233 1141/1297/4234 1145/1301/4235 891/894/4236
f 1144/1298/4237 883/887/4238 892/896/4239 1148/1302/4240
f 891/894/4241 1145/1301/4242 1149/1305/4243 900/903/4244
f 1148/1302/4245 892/896/4246 901/905/4247 1152/1306/4248
f 900/903/4249 1149/1305/4250 1153/1309/4251 909/912/4252
f 1152/1306/4253 901/905/4254 910/914/4255 1156/1310/4256
f 909/912/4257 1153/1309/4258 1157/1313/4259 918/921/4260
f 1156/1310/4261 910/914/4262 919/923/4263 1160/1314/4264
f 918/921/4265 1157/1313/4266 1161/1317/4267 927/930/4268
f 1160/1314/4269 919/923/4270 928/932/4271 1164/1318/4272
f 927/930/4273 1161/1317/4274 1165/1321/4275 936/939/4276
f 1164/1318/4277 928/932/4278 937/941/4279 1168/1322/4280
f 936/939/4281 1165/1321/4282 1169/1325/4283 945/948/4284
f 1176/1326/4285 946/954/4286 1175/1331/4287 1171/1330/4288
f 946/954/4289 947/953/4290 1179/1333/4291 1175/1331/4292
f 947/953/4293 948/955/4294 1181/1335/4295 1179/1333/4296
f 948/955/4297 949/956/4298 1183/1337/4299 1181/1335/4300
f 949/956/4301 950/957/4302 1185/1339/4303 1183/1337/4304
f 950/957/4305 951/958/4306 1187/1341/4307 1185/1339/4308
f 951/958/4309 952/959/4310 1189/1343/4311 1187/1341/4312
f 952/959/4313 953/960/4314 1191/1345/4315 1189/1343/4316
f 953/960/4317 954/961/4318 1193/1347/4319 1191/1345/4320
f 954/961/4321 1198/1329/4322 1194/1349/4323 1193/1347/4324
f 1082/1242/4325 849/949/4326 853/854/4327 1101/1248/4328
f 850/950/4329 1087/1253/4330 1106/1255/4331 855/855/4332
f 1094/1258/4333 851/951/4334 857/858/4335 1109/1264/4336
f 852/952/4337 1099/1269/4338 1114/1271/4339 859/859/4340
f 1168/1322/4341 937/941/4342 946/954/4343 1176/1326/4344
f 945/948/4345 1169/1325/4346 1198/1329/4347 954/961/4348
f 955/1074/4349 959/1077/4350 743/1057/4351 957/1078/4352
f 957/1078/4353 743/1057/4354 744/1058/4355 961/1080/4356
f 961/1080/4357 744/1058/4358 965/1087/4359 963/1085/4360
f 967/1092/4361 971/1095/4362 745/1059/4363 969/1096/4364
f 969/1096/4365 745/1059/4366 746/1060/4367 973/1098/4368
f 973/1098/4369 746/1060/4370 977/1105/4371 975/1103/4372
f 979/1084/4373 987/1112/4374 747/963/4375 836/962/4376
f 837/965/4377 748/964/4378 991/1114/4379 981/1090/4380
f 983/1102/4381 997/1118/4382 749/967/4383 838/966/4384
f 839/969/4385 750/968/4386 1003/1120/4387 985/1108/4388
f 987/1112/4389 989/1124/4390 751/970/4391 747/963/4392
f 748/964/4393 752/971/4394 995/978/4395 991/1114/4396
f 997/1118/4397 1002/1070/4398 753/972/4399 749/967/4400
f 750/968/4401 754/973/4402 1005/1147/4403 1003/1120/4404
f 989/1124/4405 1007/1127/4406 755/974/4407 751/970/4408
f 1009/1135/4409 996/977/4410 757/976/4411 758/985/4412
f 1009/1135/4413 758/985/4414 759/987/4415 1011/1155/4416
f 1011/1155/4417 759/987/4418 760/989/4419 1013/1145/4420
f 1013/1145/4421 760/989/4422 761/991/4423 1001/1071/4424
f 754/973/4425 763/980/4426 1015/1150/4427 1005/1147/4428
f 1007/1127/4429 1017/1154/4430 764/981/4431 755/974/4432
f 763/980/4433 772/993/4434 1019/1158/4435 1015/1150/4436
f 1017/1154/4437 1021/1162/4438 773/994/4439 764/981/4440
f 772/993/4441 781/1002/4442 1023/1164/4443 1019/1158/4444
f 1021/1162/4445 1025/1168/4446 782/1003/4447 773/994/4448
f 781/1002/4449 790/1011/4450 1027/1170/4451 1023/1164/4452
f 1025/1168/4453 1029/1174/4454 791/1012/4455 782/1003/4456
f 790/1011/4457 799/1020/4458 1031/1176/4459 1027/1170/4460
f 1029/1174/4461 1033/1180/4462 800/1021/4463 791/1012/4464
f 799/1020/4465 808/1029/4466 1035/1182/4467 1031/1176/4468
f 1033/1180/4469 1037/1186/4470 809/1030/4471 800/1021/4472
f 808/1029/4473 817/1038/4474 1039/1188/4475 1035/1182/4476
f 1037/1186/4477 1041/1192/4478 818/1039/4479 809/1030/4480
f 817/1038/4481 826/1047/4482 1043/1194/4483 1039/1188/4484
f 1041/1192/4485 1045/1198/4486 827/1048/4487 818/1039/4488
f 826/1047/4489 835/1056/4490 1047/1200/4491 1043/1194/4492
f 1049/1204/4493 1054/1209/4494 1056/1218/4495 840/1061/4496
f 840/1061/4497 1056/1218/4498 1058/1220/4499 841/1062/4500
f 841/1062/4501 1058/1220/4502 1060/1222/4503 842/1063/4504
f 842/1063/4505 1060/1222/4506 1062/1224/4507 843/1064/4508
f 843/1064/4509 1062/1224/4510 1064/1226/4511 844/1065/4512
f 844/1065/4513 1064/1226/4514 1066/1228/4515 845/1066/4516
f 845/1066/4517 1066/1228/4518 1068/1230/4519 846/1067/4520
f 846/1067/4521 1068/1230/4522 1070/1232/4523 847/1068/4524
f 847/1068/4525 1070/1232/4526 1072/1234/4527 848/1069/4528
f 848/1069/4529 1072/1234/4530 1075/1210/4531 1051/1206/4532
f 959/1077/4533 979/1084/4534 836/962/4535 743/1057/4536
f 744/1058/4537 837/965/4538 981/1090/4539 965/1087/4540
f 971/1095/4541 983/1102/4542 838/966/4543 745/1059/4544
f 746/1060/4545 839/969/4546 985/1108/4547 977/1105/4548
f 1045/1198/4549 1049/1204/4550 840/1061/4551 827/1048/4552
f 835/1056/4553 848/1069/4554 1051/1206/4555 1047/1200/4556
f 956/1350/4557 958/1351/4558 1080/1244/4559 1077/1240/4560
f 960/1352/4561 956/1350/4562 1077/1240/4563 1081/1243/4564
f 958/1351/4565 962/1353/4566 1084/1246/4567 1080/1244/4568
f 962/1353/4569 964/1354/4570 1086/1250/4571 1084/1246/4572
f 964/1354/4573 966/1355/4574 1088/1252/4575 1086/1250/4576
f 968/1356/4577 970/1357/4578 1092/1260/4579 1089/1256/4580
f 972/1358/4581 968/1356/4582 1089/1256/4583 1093/1259/4584
f 970/1357/4585 974/1359/4586 1096/1262/4587 1092/1260/4588
f 974/1359/4589 976/1360/4590 1098/1266/4591 1096/1262/4592
f 976/1360/4593 978/1361/4594 1100/1268/4595 1098/1266/4596
f 988/1362/4597 980/1363/4598 1102/1249/4599 1103/1273/4600
f 982/1364/4601 992/1365/4602 1108/1276/4603 1105/1254/4604
f 998/1366/4605 984/1367/4606 1110/1265/4607 1111/1279/4608
f 986/1368/4609 1004/1369/4610 1116/1280/4611 1113/1270/4612
f 990/1370/4613 988/1362/4614 1103/1273/4615 1117/1275/4616
f 1004/1369/4617 1006/1371/4618 1128/1282/4619 1116/1280/4620
f 1008/1126/4621 990/1370/4622 1117/1275/4623 1129/1285/4624
f 1010/1372/4625 1012/1373/4626 1134/1294/4627 1132/1286/4628
f 1012/1373/4629 1014/1374/4630 1136/1289/4631 1134/1294/4632
f 1006/1371/4633 1016/1151/4634 1138/1290/4635 1128/1282/4636
f 1018/1153/4637 1008/1126/4638 1129/1285/4639 1139/1293/4640
f 1016/1151/4641 1020/1159/4642 1142/1296/4643 1138/1290/4644
f 1022/1161/4645 1018/1153/4646 1139/1293/4647 1143/1299/4648
f 1020/1159/4649 1024/1165/4650 1146/1300/4651 1142/1296/4652
f 1026/1167/4653 1022/1161/4654 1143/1299/4655 1147/1303/4656
f 1024/1165/4657 1028/1171/4658 1150/1304/4659 1146/1300/4660
f 1030/1173/4661 1026/1167/4662 1147/1303/4663 1151/1307/4664
f 1028/1171/4665 1032/1177/4666 1154/1308/4667 1150/1304/4668
f 1034/1179/4669 1030/1173/4670 1151/1307/4671 1155/1311/4672
f 1032/1177/4673 1036/1183/4674 1158/1312/4675 1154/1308/4676
f 1038/1185/4677 1034/1179/4678 1155/1311/4679 1159/1315/4680
f 1036/1183/4681 1040/1189/4682 1162/1316/4683 1158/1312/4684
f 1042/1191/4685 1038/1185/4686 1159/1315/4687 1163/1319/4688
f 1040/1189/4689 1044/1195/4690 1166/1320/4691 1162/1316/4692
f 1046/1197/4693 1042/1191/4694 1163/1319/4695 1167/1323/4696
f 1044/1195/4697 1048/1201/4698 1170/1324/4699 1166/1320/4700
f 1057/1217/4701 1053/1212/4702 1172/1215/4703 1174/1332/4704
f 1055/1213/4705 1050/1203/4706 1177/1327/4707 1173/1214/4708
f 1059/1219/4709 1057/1217/4710 1174/1332/4711 1178/1334/4712
f 1061/1221/4713 1059/1219/4714 1178/1334/4715 1180/1336/4716
f 1063/1223/4717 1061/1221/4718 1180/1336/4719 1182/1338/4720
f 1065/1225/4721 1063/1223/4722 1182/1338/4723 1184/1340/4724
f 1067/1227/4725 1065/1225/4726 1184/1340/4727 1186/1342/4728
f 1069/1229/4729 1067/1227/4730 1186/1342/4731 1188/1344/4732
f 1071/1231/4733 1069/1229/4734 1188/1344/4735 1190/1346/4736
f 1073/1233/4737 1071/1231/4738 1190/1346/4739 1192/1348/4740
f 1052/1207/4741 1074/1236/4742 1195/1239/4743 1197/1328/4744
f 1076/1237/4745 1073/1233/4746 1192/1348/4747 1196/1238/4748
f 980/1363/4749 960/1352/4750 1081/1243/4751 1102/1249/4752
f 966/1355/4753 982/1364/4754 1105/1254/4755 1088/1252/4756
f 984/1367/4757 972/1358/4758 1093/1259/4759 1110/1265/4760
f 978/1361/4761 986/1368/4762 1113/1270/4763 1100/1268/4764
f 1050/1203/4765 1046/1197/4766 1167/1323/4767 1177/1327/4768
f 1048/1201/4769 1052/1207/4770 1197/1328/4771 1170/1324/4772
f 992/1365/4773 994/1130/4774 1122/1133/4775 1108/1276/4776
f 1132/1286/4777 1119/1132/4778 993/1131/4779 1010/1372/4780
f 1014/1374/4781 1000/1139/4782 1124/1142/4783 1136/1289/4784
f 1111/1279/4785 1125/1141/4786 999/1140/4787 998/1366/4788
f 993/1375/4789 994/1129/4790 995/978/4791 996/977/4792
f 999/1138/4793 1000/1376/4794 1001/1071/4795 1002/1070/4796
f 1053/1216/4797 1054/1209/4798 1055/1208/4799
f 1074/1211/4800 1075/1210/4801 1076/1235/4802
f 1119/1132/4803 1120/869/4804 1121/868/4805 1122/1133/4806
f 1123/1072/4807 1124/1142/4808 1125/1141/4809 1126/1073/4810
f 1171/1330/4811 1172/1215/4812 1173/1214/4813
f 1194/1349/4814 1195/1239/4815 1196/1238/4816
g default
v -11.384413 6.813834 11.556368
v -8.454963 6.813834 11.584387
v -5.596309 6.813834 11.666970
v -2.786099 6.813834 11.778511
v 0.000000 6.813834 11.888212
v 2.786102 6.813834 11.778511
v 5.596309 6.813834 11.666970
v 8.454966 6.813834 11.584387
v 11.384411 6.813834 11.556368
v -11.294958 6.813834 8.552854
v -8.382258 6.813834 8.571615
v -5.545643 6.813834 8.623166
v -2.760022 6.813834 8.688270
v 0.000000 6.813834 8.744201
v 2.760022 6.813834 8.688270
v 5.545638 6.813834 8.623166
v 8.382263 6.813834 8.571615
v 11.294971 6.813834 8.552854
v -11.158872 6.813834 5.516163
v -8.276378 6.813834 5.522944
v -5.473209 6.813834 5.537100
v -2.722944 6.813834 5.548000
v 0.000000 6.813834 5.548802
v 2.722948 6.813834 5.548000
v 5.473206 6.813834 5.537100
v 8.276381 6.813834 5.522944
v 11.158865 6.813834 5.516163
v -11.021425 6.813834 2.327434
v -8.170781 6.813834 2.327434
v -5.401101 6.813834 2.327434
v -2.686440 6.813834 2.327434
v 0.000000 6.813834 2.327434
v 2.686440 6.813834 2.327434
v 5.401108 6.813834 2.327434
v 8.170784 6.813834 2.327434
v 11.021419 6.813834 2.327434
v -10.789073 6.813834 -0.893937
v -7.996811 6.813834 -0.893937
v -5.283764 6.813834 -0.893937
v -2.627607 6.813834 -0.893937
v 0.000000 6.813834 -0.893937
v 2.627610 6.813834 -0.893937
v 5.283766 6.813834 -0.893937
v 7.996811 6.813834 -0.893937
v 10.789092 6.813834 -0.893937
v -10.525022 6.813834 -4.115309
v -7.795612 6.813834 -4.115309
v -5.153426 6.813834 -4.115309
v -2.562184 6.813834 -4.115309
v 0.000000 6.813834 -4.115309
v 2.562184 6.813834 -4.115309
v 5.153425 6.813834 -4.115309
v 7.795606 6.813834 -4.115309
v 10.525036 6.813834 -4.115309
v -10.318644 6.813834 -7.336681
v -7.645276 6.813834 -7.336681
v -5.052098 6.813834 -7.336681
v -2.511708 6.813834 -7.336681
v 0.000000 6.813834 -7.336681
v 2.511708 6.813834 -7.336681
v 5.052098 6.813834 -7.336681
v 7.645277 6.813834 -7.336681
v 10.318648 6.813834 -7.336681
v -10.192579 6.813834 -10.558052
v -7.553064 6.813834 -10.558052
v -4.991013 6.813834 -10.558052
v -2.481523 6.813834 -10.558052
v 0.000000 6.813834 -10.558052
v 2.481525 6.813834 -10.558052
v 4.991016 6.813834 -10.558052
v 7.553060 6.813834 -10.558052
v 10.192580 6.813834 -10.558052
v -10.067806 6.813834 -15.877287
v -7.460040 6.813834 -15.877287
v -4.932114 6.813834 -15.877287
v -2.452753 6.813834 -15.877287
v 0.000000 6.813834 -15.877287
v 2.452753 6.813834 -15.877287
v 4.932113 6.813834 -15.877287
v 7.460046 6.813834 -15.877287
v 10.067806 6.813834 -15.877287
v -10.088519 7.292589 -19.671402
v -7.479261 7.292589 -19.671402
v -4.944444 7.292589 -19.671402
v -2.460117 7.292589 -19.671402
v 0.000000 7.292589 -19.671402
v 2.460116 7.292589 -19.671402
v 4.944446 7.292589 -19.671402
v 7.479259 7.292589 -19.671402
v 10.088518 7.292589 -19.671402
v -9.585537 15.424219 -25.321373
v -7.099203 15.403924 -25.376774
v -4.690590 15.384264 -25.430441
v -2.334512 15.365031 -25.482939
v -0.005045 15.346017 -25.534843
v 2.324423 15.327002 -25.586748
v 4.680501 15.307772 -25.639246
v 7.089113 15.288111 -25.692913
v 9.575448 15.267815 -25.748314
v -9.093153 19.069932 -23.750873
v 9.213053 18.920507 -24.158767
v -8.589006 23.605959 -21.932504
v 8.800339 23.464017 -22.319969
v -8.070683 28.141878 -20.114446
v 8.501708 28.006602 -20.483709
v -7.616438 32.678258 -18.294990
v 8.203027 32.549130 -18.647478
v -7.203228 37.215052 -16.474590
v -5.215040 37.198820 -16.518896
v -3.310703 37.183277 -16.561334
v -1.457493 37.168149 -16.602619
v 0.371076 37.153223 -16.643366
v 2.199645 37.138297 -16.684114
v 4.052858 37.123169 -16.725397
v 5.957191 37.107625 -16.767832
v 7.945383 37.091400 -16.812128
v -6.679244 41.750937 -14.656629
v -4.821652 41.735771 -14.698015
v -3.040233 41.721232 -14.737709
v -1.294459 41.706984 -14.776609
v 0.448859 41.692753 -14.815447
v 2.192180 41.678521 -14.854292
v 3.937953 41.664273 -14.893198
v 5.719376 41.649731 -14.932897
v 7.576945 41.634568 -14.974281
v -6.241461 46.287449 -12.836858
v -4.485740 46.273112 -12.875976
v -2.799891 46.259357 -12.913540
v -1.140983 46.245816 -12.950502
v 0.526639 46.232202 -12.987674
v 2.194265 46.218592 -13.024828
v 3.853172 46.205051 -13.061784
v 5.539016 46.191284 -13.099340
v 7.294742 46.176956 -13.138469
v -5.818835 50.913252 -10.644617
v -4.153511 50.899654 -10.681711
v -2.553149 50.886584 -10.717380
v -0.975946 50.873716 -10.752548
v 0.613434 50.860745 -10.787946
v 2.202812 50.847771 -10.823358
v 3.780016 50.834896 -10.858515
v 5.380387 50.821833 -10.894155
v 7.045704 50.808241 -10.931272
v -9.939865 9.634566 -23.187763
v -7.370189 9.634566 -23.187763
v -4.868776 9.634566 -23.187763
v -2.421643 9.634566 -23.187763
v 0.000000 9.634566 -23.187763
v 2.421644 9.634566 -23.187763
v 4.868776 9.634566 -23.187763
v 7.370186 9.634566 -23.187763
v 9.939866 9.634566 -23.187763
v -5.949064 49.462835 -11.562803
v -4.257803 49.449231 -11.600420
v -2.632751 49.436065 -11.636583
v -1.031686 49.423021 -11.672243
v 0.581085 49.409855 -11.708183
v 2.193859 49.396692 -11.744123
v 3.794924 49.383599 -11.779791
v 5.419976 49.370232 -11.816053
v 7.111229 49.356231 -11.853813
v -5.886650 50.156372 -11.273222
v -4.208753 50.142822 -11.310552
v -2.596275 50.129736 -11.346458
v -1.007595 50.116791 -11.381845
v 0.593229 50.103721 -11.417503
v 2.194047 50.090654 -11.453188
v 3.782728 50.077664 -11.488588
v 5.395208 50.064431 -11.524545
v 7.073099 50.050587 -11.561990
v -11.384413 8.072238 11.556368
v -8.454963 8.072238 11.584387
v -5.596309 8.072238 11.666970
v -2.786099 8.072238 11.778511
v 0.000000 8.072238 11.888212
v 2.786102 8.072238 11.778511
v 5.596309 8.072238 11.666970
v 8.454966 8.072238 11.584387
v 11.384411 8.072238 11.556368
v -11.294958 8.072238 8.552854
v -8.382258 8.072238 8.571615
v -5.545643 8.072238 8.623166
v -2.760022 8.072238 8.688270
v 0.000000 8.072238 8.744201
v 2.760022 8.072238 8.688270
v 5.545638 8.072238 8.623166
v 8.382263 8.072238 8.571615
v 11.294971 8.072238 8.552854
v -11.158872 8.072238 5.516163
v -8.276378 8.072238 5.522944
v -5.473209 8.072238 5.537100
v -2.722944 8.072238 5.548000
v 0.000000 8.072238 5.548802
v 2.722948 8.072238 5.548000
v 5.473206 8.072238 5.537100
v 8.276381 8.072238 5.522944
v 11.158865 8.072238 5.516163
v -11.021425 8.072238 2.327434
v -8.170781 8.072238 2.327434
v -5.401101 8.072238 2.327434
v -2.686440 8.072238 2.327434
v 0.000000 8.072238 2.327434
v 2.686440 8.072238 2.327434
v 5.401108 8.072238 2.327434
v 8.170784 8.072238 2.327434
v 11.021419 8.072238 2.327434
v -10.789073 8.072238 -0.893937
v -7.996811 8.072238 -0.893937
v -5.283764 8.072238 -0.893937
v -2.627607 8.072238 -0.893937
v 0.000000 8.072238 -0.893937
v 2.627610 8.072238 -0.893937
v 5.283766 8.072238 -0.893937
v 7.996811 8.072238 -0.893937
v 10.789092 8.072238 -0.893937
v -10.525022 8.072238 -4.115309
v -7.795612 8.072238 -4.115309
v -5.153426 8.072238 -4.115309
v -2.562184 8.072238 -4.115309
v 0.000000 8.072238 -4.115309
v 2.562184 8.072238 -4.115309
v 5.153425 8.072238 -4.115309
v 7.795606 8.072238 -4.115309
v 10.525036 8.072238 -4.115309
v -10.318644 8.072238 -7.336681
v -7.645276 8.072238 -7.336681
v -5.052098 8.072238 -7.336681
v -2.511708 8.072238 -7.336681
v 0.000000 8.072238 -7.336681
v 2.511708 8.072238 -7.336681
v 5.052098 8.072238 -7.336681
v 7.645277 8.072238 -7.336681
v 10.318648 8.072238 -7.336681
v -10.192579 8.072238 -10.558052
v -7.553064 8.072238 -10.558052
v -4.991013 8.072238 -10.558052
v -2.481523 8.072238 -10.558052
v 0.000000 8.072238 -10.558052
v 2.481525 8.072238 -10.558052
v 4.991016 8.072238 -10.558052
v 7.553060 8.072238 -10.558052
v 10.192580 8.072238 -10.558052
v -10.067806 8.072238 -15.765112
v -7.460040 8.072238 -15.765112
v -4.932114 8.072238 -15.765112
v -2.452753 8.072238 -15.765112
v 0.000000 8.072238 -15.765112
v 2.452753 8.072238 -15.765112
v 4.932113 8.072238 -15.765112
v 7.460046 8.072238 -15.765112
v 10.067806 8.072238 -15.765112
v -10.088519 8.487031 -19.052341
v -7.479261 8.487030 -19.052349
v -4.944444 8.487030 -19.052349
v -2.460117 8.487031 -19.052341
v 0.000000 8.487031 -19.052341
v 2.460116 8.487031 -19.052341
v 4.944446 8.487031 -19.052341
v 7.479259 8.487031 -19.052341
v 10.088518 8.487031 -19.052341
v -9.939865 10.295517 -21.767692
v -9.769521 15.463560 -23.746755
v -7.370189 10.295517 -21.767692
v -6.958513 15.446155 -23.811311
v -4.868776 10.295518 -21.767692
v -4.659130 15.426749 -23.862320
v -2.421643 10.295517 -21.767692
v -1.754681 15.396618 -23.924816
v 0.000000 10.295518 -21.767692
v 0.024704 15.383891 -23.965082
v 2.421644 10.295518 -21.767692
v 1.797079 15.367427 -24.003885
v 4.868776 10.295517 -21.767692
v 4.719683 15.350277 -24.071329
v 7.370186 10.295517 -21.767692
v 7.022417 15.332141 -24.122867
v 9.939866 10.295517 -21.767692
v 9.829758 15.303580 -24.183462
v -9.061648 18.720382 -22.348848
v 9.238233 18.571067 -22.756580
v -8.560398 23.269256 -20.525261
v 8.828943 23.127313 -20.912729
v -8.042074 27.805179 -18.707197
v 8.530315 27.669903 -19.076456
v -7.587829 32.341553 -16.887754
v 8.231637 32.212428 -17.240221
v -7.174620 36.878341 -15.067350
v -5.186433 36.862112 -15.111646
v -3.282095 36.846571 -15.154077
v -1.428886 36.831440 -15.195379
v 0.399683 36.816514 -15.236105
v 2.228252 36.801588 -15.276851
v 4.081465 36.786464 -15.318155
v 5.985798 36.770923 -15.360578
v 7.973991 36.754685 -15.404890
v -6.650637 41.414241 -13.249380
v -4.793045 41.399075 -13.290760
v -3.011624 41.384536 -13.330454
v -1.265853 41.370285 -13.369371
v 0.477466 41.356054 -13.408209
v 2.220787 41.341822 -13.447046
v 3.966561 41.327574 -13.485948
v 5.747985 41.313036 -13.525638
v 7.605554 41.297873 -13.567026
v -6.212853 45.950750 -11.429617
v -4.457132 45.936416 -11.468757
v -2.771282 45.922655 -11.506300
v -1.112374 45.909115 -11.543260
v 0.555246 45.895510 -11.580410
v 2.222874 45.881896 -11.617582
v 3.881778 45.868353 -11.654535
v 5.567623 45.854591 -11.692114
v 7.323352 45.840260 -11.731241
v -5.861403 49.626927 -9.946597
v -5.797720 50.228615 -9.447033
v -4.183510 49.613345 -9.983929
v -4.132404 50.214973 -9.484159
v -2.571035 49.600233 -10.019841
v -2.532049 50.201880 -9.519838
v -0.982358 49.587288 -10.055240
v -0.954850 50.188993 -9.555002
v 0.618464 49.574215 -10.090906
v 0.634526 50.176025 -9.590446
v 2.219285 49.561151 -10.126579
v 2.223908 50.163045 -9.625837
v 3.807961 49.548174 -10.161973
v 3.801103 50.150183 -9.660993
v 5.420440 49.534950 -10.197942
v 5.401470 50.137151 -9.696596
v 7.098327 49.521141 -10.235349
v 7.066782 50.123611 -9.733673
v -5.920590 49.118283 -10.158721
v -4.229331 49.104675 -10.196323
v -2.604275 49.091519 -10.232479
v -1.003211 49.078468 -10.268163
v 0.609558 49.065299 -10.304084
v 2.222332 49.052140 -10.340036
v 3.823396 49.039054 -10.375700
v 5.448447 49.025680 -10.411945
v 7.139703 49.011691 -10.449718
v -13.291358 6.813834 13.049816
v -13.337315 6.872990 13.074955
v -11.140485 6.813834 14.472338
v -11.167337 6.872990 14.510117
v -14.350428 6.813834 11.586569
v -14.407707 6.872990 11.596037
v -8.595037 6.813834 14.836277
v -8.600662 6.872990 14.877079
v -5.695125 6.813834 14.836277
v -5.696397 6.872997 14.877079
v -2.836248 6.813834 14.836277
v -2.836918 6.872992 14.877079
v 0.000000 6.813834 14.836285
v 0.000000 6.872990 14.877081
v 2.836251 6.813834 14.836277
v 2.836920 6.872992 14.877079
v 5.695123 6.813834 14.836277
v 5.696396 6.872997 14.877079
v 8.595044 6.813834 14.836277
v 8.600671 6.872990 14.877079
v 11.140500 6.813834 14.472338
v 11.167354 6.872990 14.510117
v 13.291347 6.813834 13.049816
v 13.337304 6.872990 13.074961
v 14.350427 6.813834 11.586569
v 14.407706 6.872990 11.596037
v -14.249513 6.813834 8.576310
v -14.306491 6.873025 8.576765
v 14.249531 6.813834 8.576310
v 14.306491 6.873007 8.576765
v -14.088108 6.813834 5.522090
v -14.145077 6.873014 5.522211
v 14.088103 6.813834 5.522090
v 14.145071 6.873015 5.522211
v -13.922782 6.813834 2.329504
v -13.979658 6.872990 2.327434
v 13.922782 6.813834 2.329504
v 13.979658 6.872990 2.327434
v -13.632596 6.813834 -0.893937
v -13.689619 6.873070 -0.893937
v 13.632615 6.813834 -0.893937
v 13.689619 6.873050 -0.893937
v -13.300275 6.813834 -4.115309
v -13.357267 6.873037 -4.115309
v 13.300240 6.813834 -4.115309
v 13.357263 6.873069 -4.115309
v -13.042504 6.813834 -7.334757
v -13.099388 6.872990 -7.336681
v 13.042494 6.813834 -7.334757
v 13.099379 6.872990 -7.336681
v -12.876256 6.813834 -10.558052
v -12.933222 6.873011 -10.558052
v 12.876261 6.813834 -10.558052
v 12.933225 6.873009 -10.558052
v -12.711611 6.813834 -15.877287
v -12.768617 6.873008 -15.872015
v 12.711623 6.813834 -15.877287
v 12.768628 6.873094 -15.872003
v -12.736984 7.292589 -19.671402
v -12.793728 7.348392 -19.642481
v 12.736984 7.292589 -19.671402
v 12.793727 7.348673 -19.642334
v -12.553593 9.634566 -23.187763
v -12.610294 9.664895 -23.122598
v 12.553590 9.634566 -23.187763
v 12.610291 9.665939 -23.120357
v -12.113602 15.444855 -25.265043
v -12.169418 15.447047 -25.191694
v -11.524296 19.082391 -23.699905
v -11.579242 19.073729 -23.629635
v 12.103513 15.247181 -25.804643
v 12.162641 15.248512 -25.730585
v 11.643999 18.892771 -24.216354
v 11.701807 18.883696 -24.148378
v -10.920834 23.624993 -21.880544
v -10.976623 23.609576 -21.812887
v -5.813950 22.310702 -22.433120
v -5.828963 22.254277 -22.530811
v -5.858211 22.284927 -22.516731
v -4.332871 20.433980 -23.292783
v -4.294274 20.461704 -23.208626
v -6.669800 24.585721 -21.574142
v -6.611430 24.580047 -21.504980
v -2.256079 19.217326 -23.822889
v -2.234667 19.254800 -23.734098
v 0.114118 18.795260 -24.038265
v 0.115997 18.836012 -23.947597
v 2.491848 19.218412 -23.912590
v 2.474138 19.255868 -23.823126
v 4.590315 20.436029 -23.461435
v 4.555266 20.463688 -23.375908
v 6.108014 22.312676 -22.655645
v 6.149837 22.282786 -22.745645
v 6.115581 22.266352 -22.752624
v 7.001347 24.588779 -21.832544
v 6.945847 24.583080 -21.761236
v 11.115102 23.438319 -22.374286
v 11.173099 23.428833 -22.306665
v -10.297280 28.160052 -20.064832
v -10.353013 28.144646 -19.997236
v -6.648104 27.020159 -20.593515
v -6.589915 26.994201 -20.532520
v 7.023043 27.023225 -20.851919
v 6.967362 26.997238 -20.788776
v 10.728308 27.988427 -20.533321
v 10.786736 27.972090 -20.468267
v -9.752416 32.695690 -18.247396
v -9.808123 32.680303 -18.179838
v -5.803247 29.307968 -19.687614
v -5.752094 29.262956 -19.634168
v 6.218958 29.310657 -19.914840
v 6.169975 29.265629 -19.859504
v 10.338988 32.531695 -18.695074
v 10.397418 32.515364 -18.630029
v -9.254764 37.225485 -16.431427
v -9.309905 37.216428 -16.361479
v -4.237127 31.173200 -18.965696
v -4.199019 31.112654 -18.918257
v -2.138645 32.390886 -18.514831
v -2.118016 32.320198 -18.471149
v 0.239091 32.814155 -18.389429
v 0.239916 32.739938 -18.346790
v 2.609294 32.391948 -18.604570
v 2.590378 32.321248 -18.560154
v 4.686080 31.175194 -19.134353
v 4.649864 31.114635 -19.085508
v 9.996703 37.068348 -16.860368
v 10.054749 37.058360 -16.792963
v -8.605699 41.760067 -14.616346
v -8.660798 41.751295 -14.546304
v 9.503185 41.612253 -15.019857
v 9.561199 41.602559 -14.952306
v -8.061038 46.302298 -12.796308
v -8.116751 46.286902 -12.728744
v 9.114303 46.162107 -13.178997
v 9.172731 46.145769 -13.113975
v -7.701415 49.476875 -11.523889
v -7.757110 49.461107 -11.456484
v 8.863523 49.341663 -11.892957
v 8.921947 49.324941 -11.828071
v -7.624794 50.170367 -11.234543
v -7.680762 50.146061 -11.171261
v 8.811233 50.036201 -11.600826
v 8.869574 50.010641 -11.539253
v -7.599850 50.895603 -10.548630
v -7.543769 50.927327 -10.606180
v 8.828697 50.761504 -10.914655
v 8.770634 50.794160 -10.969698
v -13.337315 8.013084 13.074955
v -13.291358 8.072238 13.049816
v -11.140485 8.072238 14.472338
v -11.167337 8.013084 14.510117
v -14.407707 8.013084 11.596037
v -14.350428 8.072238 11.586569
v -8.595037 8.072238 14.836277
v -8.600662 8.013084 14.877079
v -5.695125 8.072238 14.836277
v -5.696397 8.013076 14.877079
v -2.836248 8.072238 14.836277
v -2.836918 8.013081 14.877079
v 0.000000 8.072238 14.836285
v 0.000000 8.013084 14.877081
v 2.836251 8.072238 14.836277
v 2.836920 8.013081 14.877079
v 5.695123 8.072238 14.836277
v 5.696396 8.013076 14.877079
v 8.595044 8.072238 14.836277
v 8.600671 8.013084 14.877079
v 11.140500 8.072238 14.472338
v 11.167354 8.013084 14.510117
v 13.291347 8.072238 13.049816
v 13.337304 8.013084 13.074961
v 14.350427 8.072238 11.586569
v 14.407706 8.013084 11.596037
v -14.306491 8.013048 8.576765
v -14.249513 8.072238 8.576310
v 14.249513 8.072238 8.576310
v 14.306491 8.013048 8.576765
v -14.145077 8.013061 5.522211
v -14.088108 8.072238 5.522090
v 14.088103 8.072238 5.522090
v 14.145071 8.013061 5.522211
v -13.979658 8.013084 2.327434
v -13.922782 8.072238 2.329504
v 13.922782 8.072238 2.329504
v 13.979658 8.013084 2.327434
v -13.689619 8.013003 -0.893937
v -13.632596 8.072238 -0.893937
v 13.632596 8.072238 -0.893937
v 13.689619 8.013003 -0.893937
v -13.357267 8.013035 -4.115309
v -13.300275 8.072238 -4.115309
v 13.300271 8.072238 -4.115309
v 13.357263 8.013035 -4.115309
v -13.099388 8.013084 -7.336681
v -13.042504 8.072238 -7.334757
v 13.042494 8.072238 -7.334757
v 13.099379 8.013084 -7.336681
v -12.933222 8.013062 -10.558052
v -12.876255 8.072238 -10.558052
v 12.876259 8.072238 -10.558052
v 12.933225 8.013062 -10.558052
v -12.768617 8.013105 -15.770384
v -12.711691 8.072238 -15.765112
v 12.711701 8.072238 -15.765112
v 12.768628 8.013105 -15.770384
v -12.793728 8.430333 -19.081728
v -12.736464 8.487031 -19.052341
v 12.736464 8.487030 -19.052349
v 12.793727 8.430332 -19.081735
v -12.552268 10.295517 -21.767692
v -12.610294 10.264009 -21.835388
v -12.137458 15.481064 -23.769768
v -12.078077 15.482405 -23.695316
v 12.610291 10.264009 -21.835388
v 12.552266 10.295517 -21.767692
v 12.138554 15.284735 -24.234905
v 12.194529 15.282453 -24.311928
v -11.553551 18.755448 -22.360025
v -11.495898 18.730606 -22.298748
v -5.835731 21.948786 -21.109153
v -5.786805 21.994210 -21.164181
v -4.274929 20.138507 -21.941076
v -4.311630 20.077393 -21.893627
v -2.213042 18.926220 -22.468883
v -2.232272 18.854681 -22.426378
v 0.141567 18.505067 -22.683464
v 0.142342 18.429840 -22.643020
v 2.503708 18.927327 -22.558048
v 2.524572 18.855751 -22.516260
v 4.587245 20.140530 -22.108576
v 4.625817 20.079377 -22.062578
v 6.132116 21.997024 -21.389414
v 6.183189 21.951623 -21.336261
v 11.672308 18.540989 -22.815191
v 11.727498 18.565417 -22.878767
v -10.950715 23.304641 -20.538418
v -10.892227 23.288294 -20.473303
v -6.641183 24.249058 -20.166876
v -6.585503 24.274999 -20.230036
v 6.971765 24.278035 -20.486294
v 7.029954 24.252109 -20.425285
v 11.143709 23.101628 -20.967039
v 11.199017 23.123787 -21.031715
v -10.327103 27.839678 -18.722641
v -10.268672 27.823347 -18.657585
v -6.619491 26.683457 -19.186264
v -6.563991 26.689160 -19.257578
v 6.993277 26.692198 -19.513830
v 7.051647 26.686515 -19.444662
v 10.756914 27.651732 -19.126068
v 10.812647 27.667131 -19.193668
v -9.782210 32.375326 -16.905180
v -9.723809 32.358995 -16.840154
v -5.774639 28.971270 -18.280361
v -5.726176 28.957915 -18.359213
v 6.195893 28.960581 -18.584562
v 6.247566 28.973961 -18.507591
v 10.367625 32.194990 -17.287836
v 10.423330 32.210396 -17.355398
v -9.283987 36.911384 -15.086534
v -9.226157 36.888790 -15.024172
v -4.208521 30.836501 -17.558447
v -4.173102 30.807609 -17.643310
v -2.110038 32.054187 -17.107589
v -2.092098 32.015159 -17.196203
v 0.267698 32.477450 -16.982179
v 0.265832 32.434896 -17.071853
v 2.637903 32.055246 -17.197332
v 2.616296 32.016206 -17.285196
v 4.714688 30.838501 -17.727106
v 4.675782 30.809590 -17.810560
v 10.025310 36.731643 -15.453153
v 10.080668 36.753312 -15.518007
v -8.634880 41.446251 -13.271347
v -8.577091 41.423378 -13.209108
v 9.531791 41.275560 -13.612600
v 9.587118 41.297508 -13.677362
v -8.090839 45.981943 -11.454107
v -8.032430 45.965609 -11.389068
v 9.142929 45.825411 -11.771768
v 9.198643 45.840804 -11.839349
v -7.599552 49.640937 -9.907946
v -7.657868 49.666117 -9.968569
v -7.522569 50.242729 -9.408540
v -7.580716 50.275378 -9.463593
v 8.892430 49.531014 -10.337347
v 8.836469 49.506772 -10.274156
v 8.791632 50.109552 -9.772085
v 8.847795 50.141267 -9.829660
v -7.731314 49.148980 -10.184486
v -7.673525 49.125909 -10.122370
v 8.892405 48.990694 -10.491474
v 8.947739 49.012843 -10.556112
v -9.919688 8.072238 11.570378
v -9.838608 8.072238 8.562234
v -9.717625 8.072238 5.519553
v -9.596103 8.072238 2.327434
v -9.392942 8.072238 -0.893937
v -9.160317 8.072238 -4.115309
v -8.981959 8.072238 -7.336681
v -8.872821 8.072238 -10.558052
v -8.763923 8.072238 -15.765112
v -8.783890 8.487031 -19.052345
v -8.655027 10.295517 -21.767692
v -8.364017 15.454859 -23.779035
v -7.448690 20.334585 -21.728998
v -7.600791 23.759155 -20.346073
v -7.330782 27.244313 -18.946729
v -6.681235 30.656415 -17.584055
v -6.180527 36.870231 -15.089498
v -5.721840 41.406657 -13.270073
v -5.334993 45.943591 -11.449186
v -5.074961 49.111482 -10.177514
v -5.022455 49.620136 -9.965263
v -4.965063 50.221792 -9.465608
v -4.986172 50.906448 -10.663164
v -5.047702 50.149597 -11.291900
v -5.103434 49.456031 -11.581617
v -5.363600 46.280280 -12.856426
v -5.750449 41.743352 -14.677315
v -6.209134 37.206930 -16.496748
v -6.709842 30.993113 -18.991308
v -7.359393 27.581015 -20.353975
v -7.629402 24.095841 -21.753326
v -7.475682 20.677428 -23.133804
v -8.342371 15.414071 -25.349073
v -8.655027 9.634566 -23.187763
v -8.783890 7.292589 -19.671402
v -8.763923 6.813834 -15.877287
v -8.872821 6.813834 -10.558052
v -8.981959 6.813834 -7.336681
v -9.160317 6.813834 -4.115309
v -9.392942 6.813834 -0.893937
v -9.596103 6.813834 2.327434
v -9.717625 6.813834 5.519553
v -9.838608 6.813834 8.562234
v -9.919688 6.813834 11.570378
v -9.867761 6.813834 14.654308
v -9.884000 6.872990 14.693598
v -9.884000 8.013084 14.693598
v -9.867761 8.072238 14.654308
vt 0.100000 0.033333
vt 0.200000 0.033333
vt 0.200000 0.066667
vt 0.100000 0.066667
vt 0.300000 0.033333
vt 0.300000 0.066667
vt 0.400000 0.033333
vt 0.400000 0.066667
vt 0.500000 0.033333
vt 0.500000 0.066667
vt 0.600000 0.033333
vt 0.600000 0.066667
vt 0.700000 0.033333
vt 0.700000 0.066667
vt 0.800000 0.033333
vt 0.800000 0.066667
vt 0.900000 0.033333
vt 0.900000 0.066667
vt 0.200000 0.100000
vt 0.100000 0.100000
vt 0.300000 0.100000
vt 0.400000 0.100000
vt 0.500000 0.100000
vt 0.600000 0.100000
vt 0.700000 0.100000
vt 0.800000 0.100000
vt 0.900000 0.100000
vt 0.200000 0.133333
vt 0.100000 0.133333
vt 0.300000 0.133333
vt 0.400000 0.133333
vt 0.500000 0.133333
vt 0.600000 0.133333
vt 0.700000 0.133333
vt 0.800000 0.133333
vt 0.900000 0.133333
vt 0.200000 0.166667
vt 0.100000 0.166667
vt 0.300000 0.166667
vt 0.400000 0.166667
vt 0.500000 0.166667
vt 0.600000 0.166667
vt 0.700000 0.166667
vt 0.800000 0.166667
vt 0.900000 0.166667
vt 0.200000 0.200000
vt 0.100000 0.200000
vt 0.300000 0.200000
vt 0.400000 0.200000
vt 0.500000 0.200000
vt 0.600000 0.200000
vt 0.700000 0.200000
vt 0.800000 0.200000
vt 0.900000 0.200000
vt 0.200000 0.233333
vt 0.100000 0.233333
vt 0.300000 0.233333
vt 0.400000 0.233333
vt 0.500000 0.233333
vt 0.600000 0.233333
vt 0.700000 0.233333
vt 0.800000 0.233333
vt 0.900000 0.233333
vt 0.200000 0.266667
vt 0.100000 0.266667
vt 0.300000 0.266667
vt 0.400000 0.266667
vt 0.500000 0.266667
vt 0.600000 0.266667
vt 0.700000 0.266667
vt 0.800000 0.266667
vt 0.900000 0.266667
vt 0.200000 0.300000
vt 0.100000 0.300000
vt 0.300000 0.300000
vt 0.400000 0.300000
vt 0.500000 0.300000
vt 0.600000 0.300000
vt 0.700000 0.300000
vt 0.800000 0.300000
vt 0.900000 0.300000
vt 0.200000 0.333333
vt 0.100000 0.333333
vt 0.300000 0.333333
vt 0.400000 0.333333
vt 0.500000 0.333333
vt 0.600000 0.333333
vt 0.700000 0.333333
vt 0.800000 0.333333
vt 0.900000 0.333333
vt 0.100000 0.350000
vt 0.200000 0.350000
vt 0.200000 0.366667
vt 0.100000 0.366667
vt 0.300000 0.350000
vt 0.300000 0.366667
vt 0.400000 0.350000
vt 0.400000 0.366667
vt 0.500000 0.350000
vt 0.500000 0.366667
vt 0.600000 0.350000
vt 0.600000 0.366667
vt 0.700000 0.350000
vt 0.700000 0.366667
vt 0.800000 0.350000
vt 0.800000 0.366667
vt 0.900000 0.350000
vt 0.900000 0.366667
vt 0.100000 0.533333
vt 0.200000 0.533333
vt 0.200000 0.566667
vt 0.100000 0.566667
vt 0.300000 0.533333
vt 0.300000 0.566667
vt 0.400000 0.533333
vt 0.400000 0.566667
vt 0.500000 0.533333
vt 0.500000 0.566667
vt 0.600000 0.533333
vt 0.600000 0.566667
vt 0.700000 0.533333
vt 0.700000 0.566667
vt 0.800000 0.533333
vt 0.800000 0.566667
vt 0.900000 0.533333
vt 0.900000 0.566667
vt 0.200000 0.600000
vt 0.100000 0.600000
vt 0.300000 0.600000
vt 0.400000 0.600000
vt 0.500000 0.600000
vt 0.600000 0.600000
vt 0.700000 0.600000
vt 0.800000 0.600000
vt 0.900000 0.600000
vt 0.100000 0.628333
vt 0.200000 0.628333
vt 0.200000 0.633333
vt 0.100000 0.633333
vt 0.300000 0.628333
vt 0.300000 0.633333
vt 0.400000 0.628333
vt 0.400000 0.633333
vt 0.500000 0.628333
vt 0.500000 0.633333
vt 0.600000 0.628333
vt 0.600000 0.633333
vt 0.700000 0.628333
vt 0.700000 0.633333
vt 0.800000 0.628333
vt 0.800000 0.633333
vt 0.900000 0.628333
vt 0.900000 0.633333
vt 0.200000 0.623333
vt 0.100000 0.623333
vt 0.300000 0.623333
vt 0.400000 0.623333
vt 0.500000 0.623333
vt 0.600000 0.623333
vt 0.700000 0.623333
vt 0.800000 0.623333
vt 0.900000 0.623333
vt 0.100000 0.033333
vt 0.100000 0.066667
vt 0.200000 0.066667
vt 0.200000 0.033333
vt 0.300000 0.066667
vt 0.300000 0.033333
vt 0.400000 0.066667
vt 0.400000 0.033333
vt 0.500000 0.066667
vt 0.500000 0.033333
vt 0.600000 0.066667
vt 0.600000 0.033333
vt 0.700000 0.066667
vt 0.700000 0.033333
vt 0.800000 0.066667
vt 0.800000 0.033333
vt 0.900000 0.066667
vt 0.900000 0.033333
vt 0.100000 0.100000
vt 0.200000 0.100000
vt 0.300000 0.100000
vt 0.400000 0.100000
vt 0.500000 0.100000
vt 0.600000 0.100000
vt 0.700000 0.100000
vt 0.800000 0.100000
vt 0.900000 0.100000
vt 0.100000 0.133333
vt 0.200000 0.133333
vt 0.300000 0.133333
vt 0.400000 0.133333
vt 0.500000 0.133333
vt 0.600000 0.133333
vt 0.700000 0.133333
vt 0.800000 0.133333
vt 0.900000 0.133333
vt 0.100000 0.166667
vt 0.200000 0.166667
vt 0.300000 0.166667
vt 0.400000 0.166667
vt 0.500000 0.166667
vt 0.600000 0.166667
vt 0.700000 0.166667
vt 0.800000 0.166667
vt 0.900000 0.166667
vt 0.100000 0.200000
vt 0.200000 0.200000
vt 0.300000 0.200000
vt 0.400000 0.200000
vt 0.500000 0.200000
vt 0.600000 0.200000
vt 0.700000 0.200000
vt 0.800000 0.200000
vt 0.900000 0.200000
vt 0.100000 0.233333
vt 0.200000 0.233333
vt 0.300000 0.233333
vt 0.400000 0.233333
vt 0.500000 0.233333
vt 0.600000 0.233333
vt 0.700000 0.233333
vt 0.800000 0.233333
vt 0.900000 0.233333
vt 0.100000 0.266667
vt 0.200000 0.266667
vt 0.300000 0.266667
vt 0.400000 0.266667
vt 0.500000 0.266667
vt 0.600000 0.266667
vt 0.700000 0.266667
vt 0.800000 0.266667
vt 0.900000 0.266667
vt 0.100000 0.300000
vt 0.200000 0.300000
vt 0.300000 0.300000
vt 0.400000 0.300000
vt 0.500000 0.300000
vt 0.600000 0.300000
vt 0.700000 0.300000
vt 0.800000 0.300000
vt 0.900000 0.300000
vt 0.100000 0.333333
vt 0.200000 0.333333
vt 0.300000 0.333333
vt 0.400000 0.333333
vt 0.500000 0.333333
vt 0.600000 0.333333
vt 0.700000 0.333333
vt 0.800000 0.333333
vt 0.900000 0.333333
vt 0.100000 0.350000
vt 0.100000 0.366667
vt 0.200000 0.366667
vt 0.200000 0.350000
vt 0.300000 0.366667
vt 0.300000 0.350000
vt 0.400000 0.366667
vt 0.400000 0.350000
vt 0.500000 0.366667
vt 0.500000 0.350000
vt 0.600000 0.366667
vt 0.600000 0.350000
vt 0.700000 0.366667
vt 0.700000 0.350000
vt 0.800000 0.366667
vt 0.800000 0.350000
vt 0.900000 0.366667
vt 0.900000 0.350000
vt 0.100000 0.400000
vt 0.198694 0.400000
vt 0.200000 0.399648
vt 0.800000 0.399698
vt 0.801389 0.400000
vt 0.900000 0.400000
vt 0.100000 0.533333
vt 0.100000 0.566667
vt 0.200000 0.566667
vt 0.200000 0.533333
vt 0.300000 0.566667
vt 0.300000 0.533333
vt 0.400000 0.566667
vt 0.400000 0.533333
vt 0.500000 0.566667
vt 0.500000 0.533333
vt 0.600000 0.566667
vt 0.600000 0.533333
vt 0.700000 0.566667
vt 0.700000 0.533333
vt 0.800000 0.566667
vt 0.800000 0.533333
vt 0.900000 0.566667
vt 0.900000 0.533333
vt 0.100000 0.600000
vt 0.200000 0.600000
vt 0.300000 0.600000
vt 0.400000 0.600000
vt 0.500000 0.600000
vt 0.600000 0.600000
vt 0.700000 0.600000
vt 0.800000 0.600000
vt 0.900000 0.600000
vt 0.100000 0.628333
vt 0.100000 0.633333
vt 0.200000 0.633333
vt 0.200000 0.628333
vt 0.300000 0.633333
vt 0.300000 0.628333
vt 0.400000 0.633333
vt 0.400000 0.628333
vt 0.500000 0.633333
vt 0.500000 0.628333
vt 0.600000 0.633333
vt 0.600000 0.628333
vt 0.700000 0.633333
vt 0.700000 0.628333
vt 0.800000 0.633333
vt 0.800000 0.628333
vt 0.900000 0.633333
vt 0.900000 0.628333
vt 0.100000 0.623333
vt 0.200000 0.623333
vt 0.300000 0.623333
vt 0.400000 0.623333
vt 0.500000 0.623333
vt 0.600000 0.623333
vt 0.700000 0.623333
vt 0.800000 0.623333
vt 0.900000 0.623333
vt 0.003203 0.633333
vt 0.000000 0.633333
vt 0.000000 0.633333
vt 0.003207 0.633333
vt 0.200000 0.633333
vt 0.300000 0.633333
vt 0.400000 0.633333
vt 0.500000 0.633333
vt 0.600000 0.633333
vt 0.700000 0.633333
vt 0.800000 0.633333
vt 1.000000 0.633333
vt 0.996797 0.633333
vt 0.996793 0.633333
vt 1.000000 0.633333
vt 0.002315 0.000659
vt 0.000000 0.000000
vt 0.000000 0.033333
vt 0.001885 0.033430
vt 0.101012 0.000429
vt 0.100000 0.000000
vt 0.200132 0.000413
vt 0.200000 0.000000
vt 0.000000 0.066667
vt 0.001892 0.066667
vt 0.300000 0.000424
vt 0.300000 0.000000
vt 0.400000 0.000439
vt 0.400000 0.000000
vt 0.500000 0.000455
vt 0.500000 0.000000
vt 0.600000 0.000439
vt 0.600000 0.000000
vt 0.700000 0.000424
vt 0.700000 0.000000
vt 0.799868 0.000413
vt 0.800000 0.000000
vt 0.898988 0.000429
vt 0.900000 0.000000
vt 0.997684 0.000659
vt 1.000000 0.000000
vt 0.998115 0.033430
vt 1.000000 0.033333
vt 0.998109 0.066667
vt 1.000000 0.066667
vt 0.000000 0.100000
vt 0.001908 0.100000
vt 0.998092 0.100000
vt 1.000000 0.100000
vt 0.000000 0.133333
vt 0.001926 0.133312
vt 0.998074 0.133312
vt 1.000000 0.133333
vt 0.000000 0.166667
vt 0.001966 0.166667
vt 0.998035 0.166667
vt 1.000000 0.166667
vt 0.000000 0.200000
vt 0.002012 0.200000
vt 0.997987 0.200000
vt 1.000000 0.200000
vt 0.000000 0.233333
vt 0.002050 0.233313
vt 0.997950 0.233313
vt 1.000000 0.233333
vt 0.000000 0.266667
vt 0.002079 0.266667
vt 0.997922 0.266667
vt 1.000000 0.266667
vt 0.000006 0.299967
vt 0.002111 0.300000
vt 0.997889 0.300000
vt 0.999994 0.299967
vt 0.000015 0.300528
vt 0.000000 0.333333
vt 0.002098 0.333333
vt 0.999985 0.300529
vt 0.997902 0.333333
vt 1.000000 0.333333
vt 0.000000 0.333632
vt 0.000000 0.350000
vt 0.002123 0.350000
vt 1.000000 0.333634
vt 0.997877 0.350000
vt 1.000000 0.350000
vt 0.000000 0.350141
vt 0.000064 0.366602
vt 0.002221 0.366667
vt 1.000000 0.350146
vt 0.997779 0.366667
vt 0.999933 0.366599
vt 0.000045 0.366667
vt 0.000148 0.399757
vt 0.002302 0.399933
vt 0.000124 0.400000
vt 0.000122 0.433141
vt 0.002392 0.433333
vt 0.999953 0.366667
vt 0.997698 0.399928
vt 0.999852 0.399757
vt 0.999857 0.400000
vt 0.997585 0.433283
vt 0.999860 0.433142
vt 0.000131 0.433333
vt 0.000132 0.466475
vt 0.002500 0.466667
vt 0.200253 0.399892
vt 0.300000 0.399806
vt 0.298425 0.399646
vt 0.199428 0.400000
vt 0.197001 0.433477
vt 0.199586 0.433010
vt 0.300062 0.399829
vt 0.400001 0.399768
vt 0.399197 0.399533
vt 0.199534 0.433333
vt 0.196178 0.466209
vt 0.199986 0.466304
vt 0.500000 0.399735
vt 0.500061 0.399450
vt 0.500019 0.399741
vt 0.600000 0.399770
vt 0.600903 0.399541
vt 0.600032 0.399771
vt 0.699960 0.399830
vt 0.701685 0.399642
vt 0.700000 0.399816
vt 0.799746 0.399888
vt 0.800593 0.400000
vt 0.800404 0.433017
vt 0.803154 0.433522
vt 0.800481 0.433333
vt 0.800000 0.466308
vt 0.803729 0.466295
vt 0.999888 0.433333
vt 0.997501 0.466667
vt 0.999887 0.466475
vt 0.000117 0.466667
vt 0.000118 0.499808
vt 0.002602 0.500000
vt 0.200000 0.466667
vt 0.197607 0.499617
vt 0.200000 0.499538
vt 0.800000 0.466667
vt 0.800000 0.499523
vt 0.802323 0.499657
vt 0.999883 0.466667
vt 0.997397 0.500000
vt 0.999882 0.499808
vt 0.000110 0.500000
vt 0.000110 0.533142
vt 0.002707 0.533287
vt 0.200093 0.500000
vt 0.297211 0.500405
vt 0.299743 0.500000
vt 0.799922 0.500000
vt 0.700273 0.500000
vt 0.702637 0.500398
vt 0.999890 0.500000
vt 0.997293 0.533287
vt 0.999890 0.533142
vt 0.000155 0.533333
vt 0.000156 0.566475
vt 0.002885 0.566618
vt 0.300177 0.500000
vt 0.398564 0.500398
vt 0.399713 0.500000
vt 0.400135 0.500000
vt 0.499932 0.500443
vt 0.500000 0.500000
vt 0.500018 0.500006
vt 0.601326 0.500394
vt 0.599890 0.500000
vt 0.600309 0.500000
vt 0.699844 0.500000
vt 0.999845 0.533333
vt 0.997115 0.566618
vt 0.999844 0.566475
vt 0.000134 0.566667
vt 0.000136 0.599808
vt 0.003041 0.600000
vt 0.999866 0.566667
vt 0.996958 0.600000
vt 0.999864 0.599808
vt 0.000133 0.600000
vt 0.000136 0.623138
vt 0.003152 0.623333
vt 0.999867 0.600000
vt 0.996845 0.623333
vt 0.999864 0.623138
vt 0.000130 0.623333
vt 0.000179 0.628082
vt 0.003183 0.628333
vt 0.999869 0.623333
vt 0.996817 0.628333
vt 0.999819 0.628079
vt 0.000135 0.628333
vt 0.000174 0.633076
vt 0.999863 0.628333
vt 0.999826 0.633076
vt 0.000000 0.000000
vt 0.002315 0.000659
vt 0.001885 0.033430
vt 0.000000 0.033333
vt 0.100000 0.000000
vt 0.101012 0.000429
vt 0.200000 0.000000
vt 0.200132 0.000413
vt 0.001892 0.066667
vt 0.000000 0.066667
vt 0.300000 0.000000
vt 0.300000 0.000424
vt 0.400000 0.000000
vt 0.400000 0.000439
vt 0.500000 0.000000
vt 0.500000 0.000455
vt 0.600000 0.000000
vt 0.600000 0.000439
vt 0.700000 0.000000
vt 0.700000 0.000424
vt 0.800000 0.000000
vt 0.799868 0.000413
vt 0.900000 0.000000
vt 0.898988 0.000429
vt 1.000000 0.000000
vt 0.997684 0.000659
vt 1.000000 0.033333
vt 0.998115 0.033430
vt 1.000000 0.066667
vt 0.998108 0.066667
vt 0.001908 0.100000
vt 0.000000 0.100000
vt 1.000000 0.100000
vt 0.998092 0.100000
vt 0.001926 0.133312
vt 0.000000 0.133333
vt 1.000000 0.133333
vt 0.998074 0.133312
vt 0.001966 0.166667
vt 0.000000 0.166667
vt 1.000000 0.166667
vt 0.998034 0.166667
vt 0.002012 0.200000
vt 0.000000 0.200000
vt 1.000000 0.200000
vt 0.997988 0.200000
vt 0.002050 0.233313
vt 0.000000 0.233333
vt 1.000000 0.233333
vt 0.997950 0.233313
vt 0.002079 0.266667
vt 0.000000 0.266667
vt 1.000000 0.266667
vt 0.997921 0.266667
vt 0.002108 0.300000
vt 0.000000 0.300000
vt 1.000000 0.300000
vt 0.997892 0.300000
vt 0.002117 0.333333
vt 0.000000 0.333333
vt 1.000000 0.333333
vt 0.997883 0.333333
vt 0.002173 0.350000
vt 0.000000 0.350000
vt 1.000000 0.350000
vt 0.997827 0.350000
vt 0.002438 0.366667
vt 0.000000 0.366667
vt 0.002330 0.399919
vt 0.000000 0.400000
vt 1.000000 0.366667
vt 0.997563 0.366667
vt 1.000000 0.400000
vt 0.997669 0.399914
vt 0.002392 0.433333
vt 0.000000 0.433333
vt 0.198384 0.400173
vt 0.200000 0.400000
vt 0.200000 0.433333
vt 0.197001 0.433477
vt 0.298388 0.399621
vt 0.300000 0.400000
vt 0.399054 0.399480
vt 0.400000 0.400000
vt 0.500093 0.399377
vt 0.500000 0.400000
vt 0.601033 0.399489
vt 0.600000 0.400000
vt 0.701728 0.399617
vt 0.700000 0.400000
vt 0.801687 0.400209
vt 0.800000 0.400000
vt 0.803154 0.433522
vt 0.800000 0.433333
vt 1.000000 0.433333
vt 0.997585 0.433284
vt 0.002500 0.466667
vt 0.000000 0.466667
vt 0.200000 0.466667
vt 0.196178 0.466209
vt 0.803729 0.466295
vt 0.800000 0.466667
vt 1.000000 0.466667
vt 0.997500 0.466667
vt 0.002602 0.500000
vt 0.000000 0.500000
vt 0.200000 0.500000
vt 0.197607 0.499617
vt 0.802323 0.499657
vt 0.800000 0.500000
vt 1.000000 0.500000
vt 0.997398 0.500000
vt 0.002707 0.533287
vt 0.000000 0.533333
vt 0.300000 0.500000
vt 0.297211 0.500405
vt 0.702637 0.500398
vt 0.700000 0.500000
vt 1.000000 0.533333
vt 0.997293 0.533287
vt 0.002885 0.566618
vt 0.000000 0.566667
vt 0.400000 0.500000
vt 0.398564 0.500398
vt 0.500000 0.500000
vt 0.499932 0.500442
vt 0.600000 0.500000
vt 0.601326 0.500394
vt 1.000000 0.566667
vt 0.997115 0.566618
vt 0.003041 0.600000
vt 0.000000 0.600000
vt 1.000000 0.600000
vt 0.996959 0.600000
vt 0.003153 0.623286
vt 0.000000 0.623333
vt 1.000000 0.623333
vt 0.996847 0.623286
vt 0.003183 0.628333
vt 0.000000 0.628333
vt 1.000000 0.628333
vt 0.996817 0.628333
vt 0.100000 0.400000
vt 0.900000 0.400000
vt 0.100000 0.433333
vt 0.900000 0.433333
vt 0.100000 0.466667
vt 0.900000 0.466667
vt 0.100000 0.500000
vt 0.900000 0.500000
vt 0.100000 0.433333
vt 0.900000 0.433333
vt 0.100000 0.466667
vt 0.900000 0.466667
vt 0.100000 0.500000
vt 0.900000 0.500000
vt 0.000000 0.300000
vt 1.000000 0.300000
vt 0.000000 0.366667
vt 1.000000 0.366667
vt 0.000000 0.400000
vt 0.300000 0.400000
vt 0.200000 0.400000
vt 0.400000 0.400000
vt 0.500000 0.400000
vt 0.600000 0.400000
vt 0.700000 0.400000
vt 0.800000 0.400000
vt 1.000000 0.400000
vt 0.000000 0.433333
vt 0.200000 0.433333
vt 0.800000 0.433333
vt 1.000000 0.433333
vt 0.000000 0.466667
vt 1.000000 0.466667
vt 0.000000 0.500000
vt 0.200000 0.500000
vt 0.800000 0.500000
vt 1.000000 0.500000
vt 0.000000 0.533333
vt 0.300000 0.500000
vt 0.400000 0.500000
vt 0.600000 0.500000
vt 0.700000 0.500000
vt 1.000000 0.533333
vt 0.000000 0.566667
vt 1.000000 0.566667
vt 0.000000 0.600000
vt 1.000000 0.600000
vt 0.000000 0.628333
vt 1.000000 0.628333
vt 0.000000 0.623333
vt 1.000000 0.623333
vt 0.200000 0.399843
vt 0.150000 0.033333
vt 0.150000 0.066667
vt 0.150000 0.100000
vt 0.150000 0.133333
vt 0.150000 0.166667
vt 0.150000 0.200000
vt 0.150000 0.233333
vt 0.150000 0.266667
vt 0.150000 0.300000
vt 0.150000 0.333333
vt 0.150000 0.350000
vt 0.150000 0.366667
vt 0.149192 0.400087
vt 0.148501 0.433405
vt 0.148089 0.466438
vt 0.148804 0.499808
vt 0.150000 0.533333
vt 0.150000 0.566667
vt 0.150000 0.600000
vt 0.150000 0.623333
vt 0.150000 0.628333
vt 0.150000 0.633333
vt 0.150000 0.633333
vt 0.150000 0.633333
vt 0.150000 0.628333
vt 0.150000 0.623333
vt 0.150000 0.600000
vt 0.150000 0.566667
vt 0.150000 0.533333
vt 0.148804 0.499808
vt 0.148089 0.466438
vt 0.148501 0.433405
vt 0.149347 0.400000
vt 0.150000 0.366667
vt 0.150000 0.350000
vt 0.150000 0.333333
vt 0.150000 0.300000
vt 0.150000 0.266667
vt 0.150000 0.233333
vt 0.150000 0.200000
vt 0.150000 0.166667
vt 0.150000 0.133333
vt 0.150000 0.100000
vt 0.150000 0.066667
vt 0.150000 0.033333
vt 0.150572 0.000421
vt 0.150000 0.000000
vt 0.150000 0.000000
vt 0.150572 0.000421
vn 0.000000 1.000000 0.000000
vn 0.000000 1.000000 -0.000000
vn 0.000000 1.000000 -0.000000
vn 0.000000 1.000000 0.000000
vn 0.000000 1.000000 0.000000
vn 0.000000 1.000000 0.000000
vn 0.000000 1.000000 0.000000
vn 0.000000 1.000000 0.000000
vn 0.000000 1.000000 0.000000
vn 0.000000 1.000000 0.000000
vn 0.000000 1.000000 0.000000
vn 0.000000 1.000000 0.000000
vn 0.000000 1.000000 0.000000
vn 0.000000 1.000000 0.000000
vn 0.000000 1.000000 0.000000
vn 0.000000 1.000000 0.000000
vn 0.000000 1.000000 0.000000
vn 0.000000 1.000000 0.000000
vn 0.000000 1.000000 0.000000
vn 0.000000 1.000000 0.000000
vn 0.000000 1.000000 0.000000
vn 0.000000 1.000000 0.000000
vn 0.000000 1.000000 0.000000
vn 0.000000 1.000000 0.000000
vn 0.000000 1.000000 0.000000
vn 0.000000 1.000000 0.000000
vn 0.000000 1.000000 0.000000
vn 0.000000 1.000000 0.000000
vn 0.000000 1.000000 0.000000
vn 0.000000 1.000000 0.000000
vn 0.000000 1.000000 0.000000
vn 0.000000 1.000000 0.000000
vn 0.000000 1.000000 0.000000
vn 0.000000 1.000000 0.000000
vn 0.000000 1.000000 0.000000
vn 0.000000 1.000000 0.000000
vn 0.000000 1.000000 0.000000
vn 0.000000 1.000000 0.000000
vn 0.000000 1.000000 0.000000
vn 0.000000 1.000000 0.000000
vn 0.000000 1.000000 0.000000
vn 0.000000 1.000000 0.000000
vn 0.000000 1.000000 0.000000
vn 0.000000 1.000000 0.000000
vn 0.000000 1.000000 0.000000
vn 0.000000 1.000000 0.000000
vn 0.000000 1.000000 0.000000
vn 0.000000 1.000000 0.000000
vn 0.000000 1.000000 0.000000
vn 0.000000 1.000000 0.000000
vn 0.000000 1.000000 0.000000
vn 0.000000 1.000000 0.000000
vn 0.000000 1.000000 0.000000
vn 0.000000 1.000000 0.000000
vn 0.000000 1.000000 0.000000
vn 0.000000 1.000000 0.000000
vn 0.000000 1.000000 0.000000
vn 0.000000 1.000000 0.000000
vn 0.000000 1.000000 0.000000
vn 0.000000 1.000000 0.000000
vn 0.000000 1.000000 0.000000
vn 0.000000 1.000000 0.000000
vn 0.000000 1.000000 0.000000
vn 0.000000 1.000000 0.000000
vn 0.000000 1.000000 0.000000
vn 0.000000 1.000000 0.000000
vn 0.000000 1.000000 0.000000
vn 0.000000 1.000000 0.000000
vn 0.000000 1.000000 0.000000
vn 0.000000 1.000000 0.000000
vn 0.000000 1.000000 0.000000
vn 0.000000 1.000000 0.000000
vn 0.000000 1.000000 0.000000
vn 0.000000 1.000000 0.000000
vn 0.000000 1.000000 0.000000
vn 0.000000 1.000000 0.000000
vn 0.000000 1.000000 0.000000
vn 0.000000 1.000000 0.000000
vn 0.000000 1.000000 0.000000
vn 0.000000 1.000000 0.000000
vn 0.000000 1.000000 0.000000
vn 0.000000 1.000000 0.000000
vn 0.000000 1.000000 0.000000
vn 0.000000 1.000000 0.000000
vn 0.000000 1.000000 0.000000
vn 0.000000 1.000000 0.000000
vn 0.000000 1.000000 0.000000
vn 0.000000 1.000000 0.000000
vn 0.000000 1.000000 0.000000
vn 0.000000 1.000000 0.000000
vn 0.000000 1.000000 0.000000
vn 0.000000 1.000000 0.000000
vn 0.000000 1.000000 0.000000
vn 0.000000 1.000000 0.000000
vn 0.000000 1.000000 0.000000
vn 0.000000 1.000000 0.000000
vn 0.000000 1.000000 0.000000
vn 0.000000 1.000000 -0.000000
vn 0.000000 1.000000 -0.000000
vn 0.000000 1.000000 0.000000
vn 0.000000 1.000000 0.000000
vn 0.000000 1.000000 0.000000
vn 0.000000 1.000000 0.000000
vn 0.000000 1.000000 0.000000
vn 0.000000 1.000000 0.000000
vn 0.000000 1.000000 0.000000
vn 0.000000 1.000000 0.000000
vn 0.000000 1.000000 0.000000
vn 0.000000 1.000000 0.000000
vn 0.000000 1.000000 0.000000
vn 0.000000 1.000000 0.000000
vn 0.000000 1.000000 0.000000
vn 0.000000 1.000000 0.000000
vn 0.000000 1.000000 0.000000
vn 0.000000 1.000000 0.000000
vn 0.000000 1.000000 0.000000
vn 0.000000 1.000000 0.000000
vn 0.000000 1.000000 0.000000
vn 0.000000 1.000000 0.000000
vn 0.000000 1.000000 0.000000
vn 0.000000 1.000000 0.000000
vn 0.000000 1.000000 0.000000
vn 0.000000 1.000000 0.000000
vn 0.000000 1.000000 0.000000
vn 0.000000 1.000000 0.000000
vn 0.000000 1.000000 0.000000
vn 0.000000 1.000000 0.000000
vn 0.000000 1.000000 0.000000
vn 0.000000 1.000000 0.000000
vn 0.000000 1.000000 0.000000
vn 0.000000 1.000000 0.000000
vn 0.000000 1.000000 0.000000
vn 0.000000 1.000000 0.000000
vn 0.000000 1.000000 0.000000
vn 0.000000 1.000000 0.000000
vn 0.000000 1.000000 0.000000
vn 0.000000 1.000000 0.000000
vn 0.000000 1.000000 0.000000
vn 0.000000 1.000000 0.000000
vn 0.000000 1.000000 0.000000
vn 0.000000 1.000000 0.000000
vn 0.000000 1.000000 0.000000
vn 0.000000 1.000000 0.000000
vn 0.000000 1.000000 0.000000
vn 0.000000 1.000000 0.000000
vn 0.000000 1.000000 0.000000
vn 0.000000 1.000000 0.000000
vn 0.000000 1.000000 0.000000
vn 0.000000 1.000000 0.000000
vn 0.000000 1.000000 0.000000
vn 0.000000 1.000000 0.000000
vn 0.000000 1.000000 0.000000
vn 0.000000 1.000000 0.000000
vn 0.000000 1.000000 0.000000
vn 0.000000 1.000000 0.000000
vn 0.000000 1.000000 0.000000
vn 0.000000 1.000000 0.000000
vn 0.000000 1.000000 0.000000
vn 0.000000 1.000000 0.000000
vn 0.000000 1.000000 0.000000
vn 0.000000 1.000000 0.000000
vn 0.000000 1.000000 -0.000000
vn 0.000000 1.000000 -0.000000
vn 0.000000 1.000000 0.000000
vn 0.000000 1.000000 0.000000
vn 0.000000 1.000000 0.000000
vn 0.000000 1.000000 0.000000
vn 0.000000 1.000000 0.000000
vn 0.000000 1.000000 0.000000
vn 0.000000 1.000000 0.000000
vn 0.000000 1.000000 0.000000
vn 0.000000 1.000000 0.000000
vn 0.000000 1.000000 0.000000
vn 0.000000 1.000000 0.000000
vn 0.000000 1.000000 0.000000
vn 0.000000 1.000000 0.000000
vn 0.000000 1.000000 0.000000
vn 0.000000 1.000000 0.000000
vn 0.000000 1.000000 0.000000
vn 0.000000 1.000000 0.000000
vn 0.000000 1.000000 0.000000
vn 0.000000 1.000000 0.000000
vn 0.000000 1.000000 0.000000
vn 0.000000 1.000000 0.000000
vn 0.000000 1.000000 0.000000
vn 0.000000 1.000000 0.000000
vn 0.000000 1.000000 0.000000
vn 0.000000 1.000000 0.000000
vn 0.000000 1.000000 0.000000
vn 0.000000 1.000000 0.000000
vn 0.000000 1.000000 0.000000
vn 0.000000 1.000000 0.000000
vn 0.000000 1.000000 0.000000
vn 0.000000 1.000000 -0.000000
vn 0.000000 1.000000 -0.000000
vn 0.000000 1.000000 0.000000
vn 0.000000 1.000000 0.000000
vn 0.000000 1.000000 0.000000
vn 0.000000 1.000000 0.000000
vn 0.000000 1.000000 0.000000
vn 0.000000 1.000000 0.000000
vn 0.000000 1.000000 0.000000
vn 0.000000 1.000000 0.000000
vn 0.000000 1.000000 0.000000
vn 0.000000 1.000000 0.000000
vn 0.000000 1.000000 0.000000
vn 0.000000 1.000000 0.000000
vn 0.000000 1.000000 0.000000
vn 0.000000 1.000000 0.000000
vn 0.000000 1.000000 0.000000
vn 0.000000 1.000000 0.000000
vn 0.000000 1.000000 0.000000
vn 0.000000 1.000000 0.000000
vn 0.000000 1.000000 0.000000
vn 0.000000 1.000000 0.000000
vn 0.000000 1.000000 0.000000
vn 0.000000 1.000000 0.000000
vn 0.000000 1.000000 0.000000
vn 0.000000 1.000000 0.000000
vn 0.000000 1.000000 0.000000
vn 0.000000 1.000000 0.000000
vn 0.000000 1.000000 0.000000
vn 0.000000 1.000000 0.000000
vn 0.000000 1.000000 0.000000
vn 0.000000 1.000000 0.000000
vn 0.000000 1.000000 -0.000000
vn 0.000000 1.000000 -0.000000
vn 0.000000 0.998818 0.048599
vn 0.000000 1.000000 0.000000
vn 0.000000 1.000000 0.000000
vn 0.000000 0.998817 0.048625
vn 0.000000 0.998817 0.048624
vn 0.000000 1.000000 0.000000
vn 0.000000 1.000000 0.000000
vn 0.000000 0.998817 0.048635
vn 0.000000 0.998817 0.048625
vn 0.000000 1.000000 0.000000
vn 0.000000 1.000000 0.000000
vn 0.000000 0.998816 0.048644
vn 0.000000 0.998817 0.048635
vn 0.000000 1.000000 0.000000
vn 0.000000 1.000000 0.000000
vn 0.000000 0.998817 0.048635
vn 0.000000 0.998816 0.048644
vn 0.000000 1.000000 0.000000
vn 0.000000 1.000000 0.000000
vn 0.000000 0.998817 0.048625
vn 0.000000 0.998817 0.048635
vn 0.000000 1.000000 0.000000
vn 0.000000 1.000000 0.000000
vn 0.000000 0.998817 0.048625
vn 0.000000 0.998817 0.048625
vn 0.000000 1.000000 0.000000
vn 0.000000 1.000000 0.000000
vn 0.000000 0.998818 0.048599
vn 0.000000 0.998817 0.048625
vn 0.000000 0.998818 0.048599
vn 0.000000 0.992133 0.125190
vn 0.000000 0.992133 0.125190
vn 0.000000 0.937998 0.346641
vn 0.000000 0.998817 0.048624
vn 0.000000 0.998817 0.048625
vn 0.000000 0.937972 0.346710
vn 0.000000 0.937982 0.346684
vn 0.000000 0.998817 0.048625
vn 0.000000 0.998817 0.048635
vn 0.000000 0.938004 0.346625
vn 0.000000 0.937972 0.346710
vn 0.000000 0.998817 0.048635
vn 0.000000 0.998816 0.048644
vn 0.000000 0.938003 0.346627
vn 0.000000 0.938004 0.346625
vn 0.000000 0.998816 0.048644
vn 0.000000 0.998817 0.048635
vn 0.000000 0.938004 0.346625
vn 0.000000 0.938003 0.346627
vn 0.000000 0.998817 0.048635
vn 0.000000 0.998817 0.048625
vn 0.000000 0.937972 0.346710
vn 0.000000 0.938004 0.346625
vn 0.000000 0.998817 0.048625
vn 0.000000 0.998817 0.048625
vn 0.000000 0.937982 0.346684
vn 0.000000 0.937972 0.346710
vn 0.000000 0.998817 0.048625
vn 0.000000 0.998818 0.048599
vn 0.000000 0.937998 0.346641
vn 0.000000 0.937982 0.346684
vn 0.000000 0.578275 0.815842
vn 0.012354 0.362492 0.931905
vn 0.012353 0.362682 0.931831
vn 0.000000 0.134334 0.990936
vn 0.000000 0.574445 0.818543
vn -0.000001 0.572610 0.819828
vn 0.000000 0.134334 0.990936
vn -0.000001 0.134334 0.990936
vn -0.000001 0.572610 0.819828
vn 0.000000 0.575604 0.817729
vn 0.000000 0.134334 0.990936
vn 0.000000 0.134334 0.990936
vn 0.000000 0.575604 0.817729
vn 0.000000 0.602441 0.798163
vn 0.000000 0.134334 0.990936
vn 0.000000 0.134334 0.990936
vn 0.000000 0.602441 0.798163
vn 0.000000 0.575170 0.818034
vn 0.000000 0.134334 0.990936
vn 0.000000 0.134334 0.990936
vn 0.000000 0.575170 0.818034
vn 0.000000 0.572237 0.820088
vn 0.000000 0.134334 0.990936
vn 0.000000 0.134334 0.990936
vn 0.000000 0.572237 0.820088
vn 0.000000 0.574475 0.818522
vn 0.000000 0.134334 0.990936
vn 0.000000 0.134334 0.990936
vn 0.000000 0.574475 0.818522
vn 0.000000 0.578331 0.815802
vn 0.000000 0.134334 0.990936
vn 0.000000 0.134334 0.990936
vn 0.000000 -0.549391 0.835565
vn 0.017610 -0.373722 0.927373
vn 0.017610 -0.373722 0.927373
vn 0.000000 -0.549387 0.835568
vn 0.000000 -0.549391 0.835565
vn -0.000001 -0.549391 0.835565
vn 0.000000 -0.549387 0.835568
vn 0.000000 -0.549387 0.835568
vn -0.000001 -0.549391 0.835565
vn 0.000000 -0.549391 0.835565
vn 0.000000 -0.549387 0.835568
vn 0.000000 -0.549387 0.835568
vn 0.000000 -0.549391 0.835565
vn 0.000000 -0.549391 0.835565
vn 0.000000 -0.549387 0.835568
vn 0.000000 -0.549387 0.835568
vn 0.000000 -0.549391 0.835565
vn 0.000000 -0.549391 0.835565
vn 0.000000 -0.549387 0.835568
vn 0.000000 -0.549387 0.835568
vn 0.000000 -0.549391 0.835565
vn 0.000000 -0.549391 0.835565
vn 0.000000 -0.549387 0.835568
vn 0.000000 -0.549387 0.835568
vn 0.000000 -0.549391 0.835565
vn 0.000000 -0.549391 0.835565
vn 0.000000 -0.549387 0.835568
vn 0.000000 -0.549387 0.835568
vn 0.000000 -0.549391 0.835565
vn 0.000001 -0.549391 0.835565
vn 0.000000 -0.549387 0.835568
vn 0.000000 -0.549387 0.835568
vn 0.000000 -0.549387 0.835568
vn 0.017615 -0.373704 0.927381
vn 0.017615 -0.373704 0.927381
vn -0.000001 -0.549382 0.835571
vn 0.000000 -0.549387 0.835568
vn 0.000000 -0.549387 0.835568
vn 0.000001 -0.549381 0.835572
vn 0.000000 -0.549382 0.835571
vn 0.000000 -0.549387 0.835568
vn 0.000000 -0.549387 0.835568
vn 0.000001 -0.549381 0.835572
vn 0.000001 -0.549381 0.835572
vn 0.000000 -0.549387 0.835568
vn 0.000000 -0.549387 0.835568
vn 0.000000 -0.549381 0.835572
vn 0.000001 -0.549381 0.835572
vn 0.000000 -0.549387 0.835568
vn 0.000000 -0.549387 0.835568
vn -0.000001 -0.549381 0.835572
vn 0.000000 -0.549381 0.835572
vn 0.000000 -0.549387 0.835568
vn 0.000000 -0.549387 0.835568
vn -0.000001 -0.549381 0.835572
vn -0.000001 -0.549381 0.835572
vn 0.000000 -0.549387 0.835568
vn 0.000000 -0.549387 0.835568
vn 0.000000 -0.549382 0.835571
vn -0.000001 -0.549381 0.835572
vn 0.000000 -0.549387 0.835568
vn 0.000000 -0.549387 0.835568
vn 0.000001 -0.549382 0.835571
vn 0.000000 -0.549382 0.835571
vn 0.000015 -0.695664 0.718367
vn 0.011912 -0.639511 0.768689
vn 0.011912 -0.639512 0.768689
vn 0.000015 -0.778624 0.627491
vn 0.000006 -0.695819 0.718217
vn 0.000005 -0.695730 0.718303
vn 0.000004 -0.778671 0.627433
vn 0.000008 -0.778654 0.627454
vn 0.000005 -0.695730 0.718303
vn 0.000001 -0.695701 0.718331
vn 0.000001 -0.778677 0.627425
vn 0.000004 -0.778671 0.627433
vn 0.000001 -0.695701 0.718331
vn 0.000000 -0.695716 0.718317
vn 0.000000 -0.778679 0.627422
vn 0.000001 -0.778677 0.627425
vn 0.000000 -0.695716 0.718317
vn 0.000000 -0.695701 0.718332
vn 0.000000 -0.778680 0.627421
vn 0.000000 -0.778679 0.627422
vn 0.000000 -0.695701 0.718332
vn -0.000005 -0.695729 0.718305
vn -0.000004 -0.778672 0.627431
vn 0.000000 -0.778680 0.627421
vn -0.000005 -0.695729 0.718305
vn -0.000006 -0.695818 0.718218
vn -0.000009 -0.778655 0.627452
vn -0.000004 -0.778672 0.627431
vn -0.000006 -0.695818 0.718218
vn -0.000014 -0.695665 0.718366
vn -0.000015 -0.778627 0.627487
vn -0.000009 -0.778655 0.627452
vn 0.000000 0.937998 0.346641
vn 0.000001 0.832297 0.554330
vn 0.000001 0.832297 0.554330
vn 0.000000 0.578275 0.815842
vn 0.000000 0.937982 0.346684
vn 0.000000 0.937972 0.346710
vn -0.000001 0.572610 0.819828
vn 0.000000 0.574445 0.818543
vn 0.000000 0.937972 0.346710
vn 0.000000 0.938004 0.346625
vn 0.000000 0.575604 0.817729
vn -0.000001 0.572610 0.819828
vn 0.000000 0.938004 0.346625
vn 0.000000 0.938003 0.346627
vn 0.000000 0.602441 0.798163
vn 0.000000 0.575604 0.817729
vn 0.000000 0.938003 0.346627
vn 0.000000 0.938004 0.346625
vn 0.000000 0.575170 0.818034
vn 0.000000 0.602441 0.798163
vn 0.000000 0.938004 0.346625
vn 0.000000 0.937972 0.346710
vn 0.000000 0.572237 0.820088
vn 0.000000 0.575170 0.818034
vn 0.000000 0.937972 0.346710
vn 0.000000 0.937982 0.346684
vn 0.000000 0.574475 0.818522
vn 0.000000 0.572237 0.820088
vn 0.000000 0.937982 0.346684
vn 0.000000 0.937998 0.346641
vn 0.000000 0.578331 0.815802
vn 0.000000 0.574475 0.818522
vn -0.000001 -0.549382 0.835571
vn 0.017617 -0.373717 0.927376
vn 0.017618 -0.373717 0.927375
vn 0.000001 -0.550976 0.834521
vn 0.000000 -0.549382 0.835571
vn 0.000001 -0.549381 0.835572
vn 0.000002 -0.550972 0.834524
vn 0.000000 -0.550974 0.834523
vn 0.000001 -0.549381 0.835572
vn 0.000001 -0.549381 0.835572
vn 0.000001 -0.550972 0.834524
vn 0.000002 -0.550972 0.834524
vn 0.000001 -0.549381 0.835572
vn 0.000000 -0.549381 0.835572
vn 0.000000 -0.550972 0.834523
vn 0.000001 -0.550972 0.834524
vn 0.000000 -0.549381 0.835572
vn -0.000001 -0.549381 0.835572
vn -0.000001 -0.550971 0.834524
vn 0.000000 -0.550972 0.834523
vn -0.000001 -0.549381 0.835572
vn -0.000001 -0.549381 0.835572
vn -0.000004 -0.550971 0.834524
vn -0.000001 -0.550971 0.834524
vn -0.000001 -0.549381 0.835572
vn 0.000000 -0.549382 0.835571
vn 0.000000 -0.550974 0.834523
vn -0.000004 -0.550971 0.834524
vn 0.000000 -0.549382 0.835571
vn 0.000001 -0.549382 0.835571
vn 0.000000 -0.550976 0.834521
vn 0.000000 -0.550974 0.834523
vn 0.000001 -0.550976 0.834521
vn 0.017388 -0.386572 0.922095
vn 0.017388 -0.386572 0.922095
vn 0.000015 -0.695664 0.718367
vn 0.000000 -0.550974 0.834523
vn 0.000002 -0.550972 0.834524
vn 0.000005 -0.695730 0.718303
vn 0.000006 -0.695819 0.718217
vn 0.000002 -0.550972 0.834524
vn 0.000001 -0.550972 0.834524
vn 0.000001 -0.695701 0.718331
vn 0.000005 -0.695730 0.718303
vn 0.000001 -0.550972 0.834524
vn 0.000000 -0.550972 0.834523
vn 0.000000 -0.695716 0.718317
vn 0.000001 -0.695701 0.718331
vn 0.000000 -0.550972 0.834523
vn -0.000001 -0.550971 0.834524
vn 0.000000 -0.695701 0.718332
vn 0.000000 -0.695716 0.718317
vn -0.000001 -0.550971 0.834524
vn -0.000004 -0.550971 0.834524
vn -0.000005 -0.695729 0.718305
vn 0.000000 -0.695701 0.718332
vn -0.000004 -0.550971 0.834524
vn 0.000000 -0.550974 0.834523
vn -0.000006 -0.695818 0.718218
vn -0.000005 -0.695729 0.718305
vn 0.000000 -0.550974 0.834523
vn 0.000000 -0.550976 0.834521
vn -0.000014 -0.695665 0.718366
vn -0.000006 -0.695818 0.718218
vn 0.000000 -1.000000 0.000000
vn 0.000000 -1.000000 0.000000
vn 0.000000 -1.000000 0.000000
vn 0.000000 -1.000000 0.000000
vn 0.000000 -1.000000 0.000000
vn 0.000000 -1.000000 0.000000
vn 0.000000 -1.000000 0.000000
vn 0.000000 -1.000000 0.000000
vn 0.000000 -1.000000 0.000000
vn 0.000000 -1.000000 0.000000
vn 0.000000 -1.000000 0.000000
vn 0.000000 -1.000000 0.000000
vn 0.000000 -1.000000 0.000000
vn 0.000000 -1.000000 0.000000
vn 0.000000 -1.000000 0.000000
vn 0.000000 -1.000000 0.000000
vn 0.000000 -1.000000 0.000000
vn 0.000000 -1.000000 0.000000
vn 0.000000 -1.000000 0.000000
vn 0.000000 -1.000000 0.000000
vn 0.000000 -1.000000 0.000000
vn 0.000000 -1.000000 0.000000
vn 0.000000 -1.000000 0.000000
vn 0.000000 -1.000000 0.000000
vn 0.000000 -1.000000 0.000000
vn 0.000000 -1.000000 0.000000
vn 0.000000 -1.000000 0.000000
vn 0.000000 -1.000000 0.000000
vn 0.000000 -1.000000 0.000000
vn 0.000000 -1.000000 0.000000
vn 0.000000 -1.000000 0.000000
vn 0.000000 -1.000000 0.000000
vn 0.000000 -1.000000 0.000000
vn 0.000000 -1.000000 0.000000
vn 0.000000 -1.000000 0.000000
vn 0.000000 -1.000000 0.000000
vn 0.000000 -1.000000 0.000000
vn 0.000000 -1.000000 0.000000
vn 0.000000 -1.000000 0.000000
vn 0.000000 -1.000000 0.000000
vn 0.000000 -1.000000 0.000000
vn 0.000000 -1.000000 0.000000
vn 0.000000 -1.000000 0.000000
vn 0.000000 -1.000000 0.000000
vn 0.000000 -1.000000 0.000000
vn 0.000000 -1.000000 0.000000
vn 0.000000 -1.000000 0.000000
vn 0.000000 -1.000000 0.000000
vn 0.000000 -1.000000 0.000000
vn 0.000000 -1.000000 0.000000
vn 0.000000 -1.000000 0.000000
vn 0.000000 -1.000000 0.000000
vn 0.000000 -1.000000 0.000000
vn 0.000000 -1.000000 0.000000
vn 0.000000 -1.000000 0.000000
vn 0.000000 -1.000000 0.000000
vn 0.000000 -1.000000 0.000000
vn 0.000000 -1.000000 0.000000
vn 0.000000 -1.000000 0.000000
vn 0.000000 -1.000000 0.000000
vn 0.000000 -1.000000 0.000000
vn 0.000000 -1.000000 0.000000
vn 0.000000 -1.000000 0.000000
vn 0.000000 -1.000000 0.000000
vn 0.000000 -1.000000 0.000000
vn 0.000000 -1.000000 0.000000
vn 0.000000 -1.000000 0.000000
vn 0.000000 -1.000000 0.000000
vn 0.000000 -1.000000 0.000000
vn 0.000000 -1.000000 0.000000
vn 0.000000 -1.000000 0.000000
vn 0.000000 -1.000000 0.000000
vn 0.000000 -1.000000 0.000000
vn 0.000000 -1.000000 0.000000
vn 0.000000 -1.000000 0.000000
vn 0.000000 -1.000000 0.000000
vn 0.000000 -1.000000 0.000000
vn 0.000000 -1.000000 0.000000
vn 0.000000 -1.000000 0.000000
vn 0.000000 -1.000000 0.000000
vn 0.000000 -1.000000 0.000000
vn 0.000000 -1.000000 0.000000
vn 0.000000 -1.000000 0.000000
vn 0.000000 -1.000000 0.000000
vn 0.000000 -1.000000 0.000000
vn 0.000000 -1.000000 0.000000
vn 0.000000 -1.000000 0.000000
vn 0.000000 -1.000000 0.000000
vn 0.000000 -1.000000 0.000000
vn 0.000000 -1.000000 0.000000
vn 0.000000 -1.000000 0.000000
vn 0.000000 -1.000000 0.000000
vn 0.000000 -1.000000 0.000000
vn 0.000000 -1.000000 0.000000
vn 0.000000 -1.000000 0.000000
vn 0.000000 -1.000000 0.000000
vn 0.000000 -1.000000 0.000000
vn 0.000000 -1.000000 0.000000
vn 0.000000 -1.000000 0.000000
vn 0.000000 -1.000000 0.000000
vn 0.000000 -1.000000 0.000000
vn 0.000000 -1.000000 0.000000
vn 0.000000 -1.000000 0.000000
vn 0.000000 -1.000000 0.000000
vn 0.000000 -1.000000 0.000000
vn 0.000000 -1.000000 0.000000
vn 0.000000 -1.000000 0.000000
vn 0.000000 -1.000000 0.000000
vn 0.000000 -1.000000 0.000000
vn 0.000000 -1.000000 0.000000
vn 0.000000 -1.000000 0.000000
vn 0.000000 -1.000000 0.000000
vn 0.000000 -1.000000 0.000000
vn 0.000000 -1.000000 0.000000
vn 0.000000 -1.000000 0.000000
vn 0.000000 -1.000000 0.000000
vn 0.000000 -1.000000 0.000000
vn 0.000000 -1.000000 0.000000
vn 0.000000 -1.000000 0.000000
vn 0.000000 -1.000000 0.000000
vn 0.000000 -1.000000 0.000000
vn 0.000000 -1.000000 0.000000
vn 0.000000 -1.000000 0.000000
vn 0.000000 -1.000000 0.000000
vn 0.000000 -1.000000 0.000000
vn 0.000000 -1.000000 0.000000
vn 0.000000 -1.000000 0.000000
vn 0.000000 -1.000000 0.000000
vn 0.000000 -1.000000 0.000000
vn 0.000000 -1.000000 0.000000
vn 0.000000 -1.000000 0.000000
vn 0.000000 -1.000000 0.000000
vn 0.000000 -1.000000 0.000000
vn 0.000000 -1.000000 0.000000
vn 0.000000 -1.000000 0.000000
vn 0.000000 -1.000000 0.000000
vn 0.000000 -1.000000 0.000000
vn 0.000000 -1.000000 0.000000
vn 0.000000 -1.000000 0.000000
vn 0.000000 -1.000000 0.000000
vn 0.000000 -1.000000 0.000000
vn 0.000000 -1.000000 0.000000
vn 0.000000 -1.000000 0.000000
vn 0.000000 -1.000000 0.000000
vn 0.000000 -1.000000 0.000000
vn 0.000000 -1.000000 0.000000
vn 0.000000 -1.000000 0.000000
vn 0.000000 -1.000000 0.000000
vn 0.000000 -1.000000 0.000000
vn 0.000000 -1.000000 0.000000
vn 0.000000 -1.000000 0.000000
vn 0.000000 -1.000000 0.000000
vn 0.000000 -1.000000 0.000000
vn 0.000000 -1.000000 0.000000
vn 0.000000 -1.000000 0.000000
vn 0.000000 -1.000000 0.000000
vn 0.000000 -1.000000 0.000000
vn 0.000000 -1.000000 0.000000
vn 0.000000 -1.000000 0.000000
vn 0.000000 -1.000000 0.000000
vn 0.000000 -1.000000 0.000000
vn 0.000000 -1.000000 0.000000
vn 0.000000 -1.000000 0.000000
vn 0.000000 -1.000000 0.000000
vn 0.000000 -1.000000 0.000000
vn 0.000000 -1.000000 0.000000
vn 0.000000 -1.000000 0.000000
vn 0.000000 -1.000000 0.000000
vn 0.000000 -1.000000 0.000000
vn 0.000000 -1.000000 0.000000
vn 0.000000 -1.000000 0.000000
vn 0.000000 -1.000000 0.000000
vn 0.000000 -1.000000 0.000000
vn 0.000000 -1.000000 0.000000
vn 0.000000 -1.000000 0.000000
vn 0.000000 -1.000000 0.000000
vn 0.000000 -1.000000 0.000000
vn 0.000000 -1.000000 0.000000
vn 0.000000 -1.000000 0.000000
vn 0.000000 -1.000000 0.000000
vn 0.000000 -1.000000 0.000000
vn 0.000000 -1.000000 0.000000
vn 0.000000 -1.000000 0.000000
vn 0.000000 -1.000000 0.000000
vn 0.000000 -1.000000 0.000000
vn 0.000000 -1.000000 0.000000
vn 0.000000 -1.000000 0.000000
vn 0.000000 -1.000000 0.000000
vn 0.000000 -1.000000 0.000000
vn 0.000000 -1.000000 0.000000
vn 0.000000 -1.000000 0.000000
vn 0.000000 -1.000000 0.000000
vn 0.000000 -1.000000 0.000000
vn 0.000000 -1.000000 0.000000
vn 0.000000 -1.000000 0.000000
vn 0.000000 -1.000000 0.000000
vn 0.000000 -1.000000 0.000000
vn 0.000000 -1.000000 0.000000
vn 0.000000 -1.000000 0.000000
vn 0.000000 -1.000000 0.000000
vn 0.000000 -1.000000 0.000000
vn 0.000000 -1.000000 0.000000
vn 0.000000 -1.000000 0.000000
vn 0.000000 -1.000000 0.000000
vn 0.000000 -1.000000 0.000000
vn 0.000000 -1.000000 0.000000
vn 0.000000 -1.000000 0.000000
vn 0.000000 -1.000000 0.000000
vn 0.000000 -1.000000 0.000000
vn 0.000000 -1.000000 0.000000
vn 0.000000 -1.000000 0.000000
vn 0.000000 -1.000000 0.000000
vn 0.000000 -1.000000 0.000000
vn 0.000000 -1.000000 0.000000
vn 0.000000 -1.000000 0.000000
vn 0.000000 -1.000000 0.000000
vn 0.000000 -1.000000 0.000000
vn 0.000000 -1.000000 0.000000
vn 0.000000 -1.000000 0.000000
vn 0.000000 -1.000000 0.000000
vn 0.000000 -1.000000 0.000000
vn 0.000000 -1.000000 0.000000
vn 0.000000 -1.000000 0.000000
vn 0.000000 -1.000000 0.000000
vn 0.000000 -1.000000 0.000000
vn 0.000000 -0.998632 -0.052284
vn 0.000000 -1.000000 0.000000
vn 0.000000 -1.000000 0.000000
vn 0.000000 -1.000000 0.000000
vn 0.000000 -0.998631 -0.052308
vn 0.000000 -0.998631 -0.052309
vn 0.000000 -1.000000 0.000000
vn 0.000000 -1.000000 0.000000
vn 0.000000 -0.998631 -0.052309
vn 0.000000 -0.998630 -0.052319
vn 0.000000 -1.000000 0.000000
vn 0.000000 -1.000000 0.000000
vn 0.000000 -0.998630 -0.052319
vn 0.000000 -0.998630 -0.052329
vn 0.000000 -1.000000 0.000000
vn 0.000000 -1.000000 0.000000
vn 0.000000 -0.998630 -0.052329
vn 0.000000 -0.998630 -0.052319
vn 0.000000 -1.000000 0.000000
vn 0.000000 -1.000000 0.000000
vn 0.000000 -0.998630 -0.052319
vn 0.000000 -0.998631 -0.052309
vn 0.000000 -1.000000 0.000000
vn 0.000000 -1.000000 0.000000
vn 0.000000 -0.998631 -0.052309
vn 0.000000 -0.998631 -0.052308
vn 0.000000 -1.000000 0.000000
vn 0.000000 -1.000000 0.000000
vn 0.000000 -0.998631 -0.052308
vn 0.000000 -0.998632 -0.052284
vn 0.000000 -1.000000 0.000000
vn 0.000000 -0.998632 -0.052284
vn 0.000000 -0.933221 -0.359303
vn 0.000000 -0.992133 -0.125191
vn 0.000000 -0.992133 -0.125191
vn 0.000000 -0.998631 -0.052308
vn 0.000000 -0.933211 -0.359328
vn 0.000000 -0.933199 -0.359359
vn 0.000000 -0.998631 -0.052309
vn 0.000000 -0.998631 -0.052309
vn 0.000000 -0.933199 -0.359359
vn 0.000000 -0.933229 -0.359281
vn 0.000000 -0.998630 -0.052319
vn 0.000000 -0.998630 -0.052319
vn 0.000000 -0.933229 -0.359281
vn 0.000000 -0.933228 -0.359285
vn 0.000000 -0.998630 -0.052329
vn 0.000000 -0.998630 -0.052329
vn 0.000000 -0.933228 -0.359285
vn 0.000000 -0.933229 -0.359281
vn 0.000000 -0.998630 -0.052319
vn 0.000000 -0.998630 -0.052319
vn 0.000000 -0.933229 -0.359281
vn 0.000000 -0.933199 -0.359359
vn 0.000000 -0.998631 -0.052309
vn 0.000000 -0.998631 -0.052309
vn 0.000000 -0.933199 -0.359359
vn 0.000000 -0.933211 -0.359328
vn 0.000000 -0.998631 -0.052308
vn 0.000000 -0.998631 -0.052308
vn 0.000000 -0.933211 -0.359328
vn 0.000000 -0.933221 -0.359303
vn 0.000000 -0.998632 -0.052284
vn 0.000000 -0.569711 -0.821845
vn -0.004077 0.289216 -0.957255
vn -0.011669 -0.349767 -0.936764
vn -0.011669 -0.349615 -0.936821
vn 0.000000 -0.569843 -0.821754
vn -0.002995 0.320009 -0.947410
vn 0.000000 -0.134333 -0.990936
vn 0.000000 -0.570202 -0.821505
vn 0.000000 -0.570202 -0.821505
vn 0.000000 -0.134333 -0.990936
vn 0.000000 -0.134333 -0.990936
vn 0.000000 -0.570476 -0.821314
vn 0.000000 -0.570476 -0.821314
vn 0.000000 -0.134333 -0.990936
vn 0.000000 -0.134333 -0.990936
vn 0.000000 -0.570585 -0.821239
vn 0.000000 -0.570585 -0.821239
vn 0.000000 -0.134333 -0.990936
vn 0.000000 -0.134333 -0.990936
vn 0.000000 -0.570476 -0.821314
vn 0.000000 -0.570476 -0.821314
vn 0.000000 -0.134333 -0.990936
vn 0.000000 -0.134333 -0.990936
vn 0.000000 -0.570203 -0.821504
vn 0.000000 -0.570203 -0.821504
vn 0.000000 -0.134333 -0.990936
vn 0.003050 0.319920 -0.947440
vn 0.000000 -0.569843 -0.821754
vn 0.000000 -0.569843 -0.821754
vn 0.003050 0.319920 -0.947440
vn 0.004202 0.289136 -0.957279
vn 0.000000 -0.569711 -0.821845
vn -0.004077 0.289216 -0.957255
vn -0.005477 0.560550 -0.828102
vn -0.028496 0.390382 -0.920212
vn -0.029567 0.392087 -0.919453
vn 0.003050 0.319920 -0.947440
vn 0.004707 0.563969 -0.825782
vn 0.008521 0.560353 -0.828210
vn 0.005713 0.560576 -0.828083
vn 0.004202 0.289136 -0.957279
vn -0.000001 0.549391 -0.835565
vn -0.000000 0.549387 -0.835568
vn -0.017613 0.373723 -0.927373
vn -0.017612 0.373723 -0.927373
vn 0.000000 0.549391 -0.835565
vn 0.000000 0.549387 -0.835568
vn 0.000000 0.549387 -0.835568
vn 0.000000 0.549391 -0.835565
vn 0.000000 0.549391 -0.835565
vn 0.000000 0.549387 -0.835568
vn 0.000000 0.549387 -0.835568
vn -0.000000 0.549391 -0.835565
vn -0.000000 0.549391 -0.835565
vn 0.000000 0.549387 -0.835568
vn 0.000000 0.549387 -0.835568
vn 0.000001 0.549391 -0.835565
vn 0.000001 0.549391 -0.835565
vn 0.000000 0.549387 -0.835568
vn 0.000000 0.549387 -0.835568
vn 0.000001 0.549391 -0.835565
vn 0.000001 0.549391 -0.835565
vn 0.000000 0.549387 -0.835568
vn 0.000000 0.549387 -0.835568
vn -0.000001 0.549391 -0.835566
vn -0.000001 0.549391 -0.835566
vn 0.000000 0.549387 -0.835568
vn 0.000000 0.549387 -0.835568
vn -0.000001 0.549391 -0.835565
vn -0.000001 0.549391 -0.835565
vn 0.000000 0.549387 -0.835568
vn 0.000000 0.549387 -0.835568
vn 0.000000 0.549391 -0.835565
vn -0.000000 0.549387 -0.835568
vn -0.000000 0.549382 -0.835571
vn -0.017611 0.373706 -0.927380
vn -0.017611 0.373706 -0.927380
vn 0.000000 0.549387 -0.835568
vn -0.000000 0.549382 -0.835571
vn -0.000000 0.549382 -0.835571
vn 0.000000 0.549387 -0.835568
vn 0.000000 0.549387 -0.835568
vn -0.000000 0.549382 -0.835571
vn -0.000000 0.549381 -0.835572
vn 0.000000 0.549387 -0.835568
vn 0.000000 0.549387 -0.835568
vn -0.000000 0.549381 -0.835572
vn 0.000000 0.549381 -0.835572
vn 0.000000 0.549387 -0.835568
vn 0.000000 0.549387 -0.835568
vn 0.000000 0.549381 -0.835572
vn 0.000000 0.549381 -0.835572
vn 0.000000 0.549387 -0.835568
vn 0.000000 0.549387 -0.835568
vn 0.000000 0.549381 -0.835572
vn 0.000000 0.549382 -0.835571
vn 0.000000 0.549387 -0.835568
vn 0.000000 0.549387 -0.835568
vn 0.000000 0.549382 -0.835571
vn 0.000000 0.549382 -0.835571
vn 0.000000 0.549387 -0.835568
vn 0.000000 0.549387 -0.835568
vn 0.000000 0.549382 -0.835571
vn 0.000000 0.549382 -0.835571
vn 0.000000 0.549387 -0.835568
vn -0.000010 0.691550 -0.722329
vn -0.000017 0.778625 -0.627489
vn -0.011919 0.639524 -0.768679
vn -0.011919 0.639523 -0.768679
vn -0.000007 0.691550 -0.722329
vn -0.000011 0.778654 -0.627453
vn -0.000006 0.778671 -0.627432
vn -0.000005 0.691482 -0.722393
vn -0.000005 0.691482 -0.722393
vn -0.000006 0.778671 -0.627432
vn -0.000002 0.778677 -0.627425
vn -0.000001 0.691461 -0.722414
vn -0.000001 0.691461 -0.722414
vn -0.000002 0.778677 -0.627425
vn 0.000000 0.778678 -0.627423
vn 0.000000 0.691473 -0.722402
vn 0.000000 0.691473 -0.722402
vn 0.000000 0.778678 -0.627423
vn 0.000002 0.778678 -0.627424
vn 0.000001 0.691461 -0.722414
vn 0.000001 0.691461 -0.722414
vn 0.000002 0.778678 -0.627424
vn 0.000006 0.778672 -0.627432
vn 0.000005 0.691483 -0.722393
vn 0.000005 0.691483 -0.722393
vn 0.000006 0.778672 -0.627432
vn 0.000011 0.778655 -0.627453
vn 0.000007 0.691550 -0.722329
vn 0.000007 0.691550 -0.722329
vn 0.000011 0.778655 -0.627453
vn 0.000015 0.778627 -0.627488
vn 0.000008 0.691551 -0.722328
vn 0.000000 -0.933221 -0.359303
vn 0.000000 -0.569711 -0.821845
vn 0.000000 -0.832298 -0.554329
vn 0.000000 -0.832298 -0.554329
vn 0.000000 -0.933211 -0.359328
vn 0.000000 -0.569843 -0.821754
vn 0.000000 -0.570202 -0.821505
vn 0.000000 -0.933199 -0.359359
vn 0.000000 -0.933199 -0.359359
vn 0.000000 -0.570202 -0.821505
vn 0.000000 -0.570476 -0.821314
vn 0.000000 -0.933229 -0.359281
vn 0.000000 -0.933229 -0.359281
vn 0.000000 -0.570476 -0.821314
vn 0.000000 -0.570585 -0.821239
vn 0.000000 -0.933228 -0.359285
vn 0.000000 -0.933228 -0.359285
vn 0.000000 -0.570585 -0.821239
vn 0.000000 -0.570476 -0.821314
vn 0.000000 -0.933229 -0.359281
vn 0.000000 -0.933229 -0.359281
vn 0.000000 -0.570476 -0.821314
vn 0.000000 -0.570203 -0.821504
vn 0.000000 -0.933199 -0.359359
vn 0.000000 -0.933199 -0.359359
vn 0.000000 -0.570203 -0.821504
vn 0.000000 -0.569843 -0.821754
vn 0.000000 -0.933211 -0.359328
vn 0.000000 -0.933211 -0.359328
vn 0.000000 -0.569843 -0.821754
vn 0.000000 -0.569711 -0.821845
vn 0.000000 -0.933221 -0.359303
vn -0.000000 0.549382 -0.835571
vn -0.000001 0.551443 -0.834213
vn -0.017616 0.373710 -0.927378
vn -0.017617 0.373710 -0.927378
vn -0.000000 0.549382 -0.835571
vn -0.000001 0.551442 -0.834213
vn -0.000001 0.551440 -0.834214
vn -0.000000 0.549382 -0.835571
vn -0.000000 0.549382 -0.835571
vn -0.000001 0.551440 -0.834214
vn -0.000001 0.551441 -0.834214
vn -0.000000 0.549381 -0.835572
vn -0.000000 0.549381 -0.835572
vn -0.000001 0.551441 -0.834214
vn 0.000000 0.551441 -0.834213
vn 0.000000 0.549381 -0.835572
vn 0.000000 0.549381 -0.835572
vn 0.000000 0.551441 -0.834213
vn 0.000001 0.551440 -0.834214
vn 0.000000 0.549381 -0.835572
vn 0.000000 0.549381 -0.835572
vn 0.000001 0.551440 -0.834214
vn 0.000001 0.551440 -0.834214
vn 0.000000 0.549382 -0.835571
vn 0.000000 0.549382 -0.835571
vn 0.000001 0.551440 -0.834214
vn 0.000001 0.551442 -0.834213
vn 0.000000 0.549382 -0.835571
vn 0.000000 0.549382 -0.835571
vn 0.000001 0.551442 -0.834213
vn 0.000000 0.551442 -0.834213
vn 0.000000 0.549382 -0.835571
vn -0.000001 0.551443 -0.834213
vn -0.000010 0.691550 -0.722329
vn -0.017396 0.386581 -0.922091
vn -0.017396 0.386581 -0.922092
vn -0.000001 0.551442 -0.834213
vn -0.000007 0.691550 -0.722329
vn -0.000005 0.691482 -0.722393
vn -0.000001 0.551440 -0.834214
vn -0.000001 0.551440 -0.834214
vn -0.000005 0.691482 -0.722393
vn -0.000001 0.691461 -0.722414
vn -0.000001 0.551441 -0.834214
vn -0.000001 0.551441 -0.834214
vn -0.000001 0.691461 -0.722414
vn 0.000000 0.691473 -0.722402
vn 0.000000 0.551441 -0.834213
vn 0.000000 0.551441 -0.834213
vn 0.000000 0.691473 -0.722402
vn 0.000001 0.691461 -0.722414
vn 0.000001 0.551440 -0.834214
vn 0.000001 0.551440 -0.834214
vn 0.000001 0.691461 -0.722414
vn 0.000005 0.691483 -0.722393
vn 0.000001 0.551440 -0.834214
vn 0.000001 0.551440 -0.834214
vn 0.000005 0.691483 -0.722393
vn 0.000007 0.691550 -0.722329
vn 0.000001 0.551442 -0.834213
vn 0.000001 0.551442 -0.834213
vn 0.000007 0.691550 -0.722329
vn 0.000008 0.691551 -0.722328
vn 0.000000 0.551442 -0.834213
vn 0.000016 0.753194 0.657798
vn 0.000014 0.753207 0.657784
vn 0.000014 0.753207 0.657784
vn 0.000014 0.753207 0.657784
vn 0.000014 0.753207 0.657784
vn 0.000016 0.753194 0.657798
vn 0.018153 0.868133 0.496000
vn 0.000016 0.753194 0.657798
vn 0.000016 0.753194 0.657798
vn 0.018153 0.868132 0.496000
vn 0.000008 0.753152 0.657847
vn 0.000016 0.753170 0.657826
vn 0.000016 0.753170 0.657826
vn 0.000008 0.753152 0.657847
vn 0.000002 0.753142 0.657857
vn 0.000008 0.753152 0.657847
vn 0.000008 0.753152 0.657847
vn 0.000002 0.753142 0.657857
vn 0.000000 0.753140 0.657861
vn 0.000002 0.753142 0.657857
vn 0.000002 0.753142 0.657857
vn 0.000000 0.753140 0.657861
vn -0.000001 0.753142 0.657859
vn 0.000000 0.753140 0.657861
vn 0.000000 0.753140 0.657861
vn -0.000001 0.753142 0.657859
vn -0.000008 0.753150 0.657849
vn -0.000001 0.753142 0.657859
vn -0.000001 0.753142 0.657859
vn -0.000008 0.753150 0.657849
vn -0.000016 0.753168 0.657828
vn -0.000008 0.753150 0.657849
vn -0.000008 0.753150 0.657849
vn -0.000016 0.753168 0.657828
vn -0.000015 0.753192 0.657800
vn -0.000016 0.753168 0.657828
vn -0.000016 0.753168 0.657828
vn -0.000015 0.753192 0.657800
vn -0.000011 0.753204 0.657787
vn -0.000011 0.753204 0.657787
vn -0.000015 0.753192 0.657800
vn -0.000015 0.753192 0.657800
vn -0.000011 0.753204 0.657787
vn -0.000011 0.753204 0.657787
vn -0.550980 -0.727829 0.408272
vn -0.612307 -0.718280 0.330386
vn -0.710306 -0.701985 0.051791
vn -0.698694 -0.706915 0.109993
vn -0.612307 -0.718280 0.330386
vn -0.550980 -0.727829 0.408272
vn -0.297802 -0.765100 0.570907
vn -0.413686 -0.752773 0.512052
vn -0.413686 -0.752773 0.512052
vn -0.297802 -0.765100 0.570907
vn -0.116149 -0.571451 0.812375
vn -0.116149 -0.571458 0.812370
vn -0.698694 -0.706915 0.109993
vn -0.710306 -0.701985 0.051791
vn -0.720369 -0.693363 -0.017778
vn -0.720369 -0.693351 -0.018272
vn -0.079758 -0.766778 0.636939
vn -0.067889 -0.766984 0.638065
vn 0.000000 -0.766072 0.642754
vn 0.000000 -0.766072 0.642754
vn 0.000000 -0.766072 0.642754
vn 0.000000 -0.766072 0.642754
vn -0.000002 -0.766080 0.642746
vn -0.000002 -0.766080 0.642746
vn -0.000002 -0.766080 0.642746
vn -0.000002 -0.766080 0.642746
vn 0.000000 -0.766089 0.642734
vn 0.000000 -0.766089 0.642734
vn 0.000000 -0.766089 0.642734
vn 0.000000 -0.766089 0.642734
vn 0.000002 -0.766080 0.642745
vn 0.000002 -0.766080 0.642746
vn 0.000002 -0.766080 0.642746
vn 0.000002 -0.766080 0.642745
vn 0.000000 -0.766072 0.642754
vn 0.000000 -0.766072 0.642754
vn 0.000000 -0.766072 0.642754
vn 0.000000 -0.766072 0.642754
vn 0.067888 -0.766984 0.638065
vn 0.079759 -0.766778 0.636939
vn 0.079759 -0.766778 0.636939
vn 0.067888 -0.766984 0.638065
vn 0.297798 -0.765103 0.570906
vn 0.413684 -0.752778 0.512046
vn 0.413684 -0.752778 0.512046
vn 0.297798 -0.765103 0.570906
vn 0.550976 -0.727835 0.408267
vn 0.612306 -0.718280 0.330385
vn 0.612306 -0.718280 0.330385
vn 0.550976 -0.727835 0.408267
vn 0.698693 -0.706913 0.110008
vn 0.710308 -0.701982 0.051802
vn 0.710308 -0.701982 0.051802
vn 0.698693 -0.706913 0.110008
vn 0.720370 -0.693350 -0.018273
vn 0.720371 -0.693362 -0.017778
vn -0.720369 -0.693351 -0.018272
vn -0.720369 -0.693363 -0.017778
vn -0.720270 -0.693350 -0.021814
vn -0.720258 -0.693365 -0.021781
vn 0.720371 -0.693362 -0.017778
vn 0.720370 -0.693350 -0.018273
vn 0.720255 -0.693368 -0.021782
vn 0.720268 -0.693352 -0.021815
vn -0.720258 -0.693365 -0.021781
vn -0.720270 -0.693350 -0.021814
vn -0.719921 -0.693457 -0.028839
vn -0.719866 -0.693452 -0.030275
vn 0.720268 -0.693352 -0.021815
vn 0.720255 -0.693368 -0.021782
vn 0.719865 -0.693454 -0.030273
vn 0.719920 -0.693458 -0.028837
vn -0.719866 -0.693452 -0.030275
vn -0.719921 -0.693457 -0.028839
vn -0.719658 -0.693183 -0.039866
vn -0.719683 -0.693116 -0.040585
vn 0.719920 -0.693458 -0.028837
vn 0.719865 -0.693454 -0.030273
vn 0.719684 -0.693115 -0.040588
vn 0.719658 -0.693183 -0.039868
vn -0.719683 -0.693116 -0.040585
vn -0.719658 -0.693183 -0.039866
vn -0.719763 -0.693138 -0.038747
vn -0.719760 -0.693207 -0.037547
vn 0.719658 -0.693183 -0.039868
vn 0.719684 -0.693115 -0.040588
vn 0.719763 -0.693204 -0.037547
vn 0.719765 -0.693135 -0.038749
vn -0.719760 -0.693207 -0.037547
vn -0.719763 -0.693138 -0.038747
vn -0.719946 -0.693469 -0.027906
vn -0.719981 -0.693472 -0.026912
vn 0.719765 -0.693135 -0.038749
vn 0.719763 -0.693204 -0.037547
vn 0.719977 -0.693476 -0.026910
vn 0.719943 -0.693472 -0.027905
vn -0.719981 -0.693472 -0.026912
vn -0.719946 -0.693469 -0.027906
vn -0.720369 -0.693246 -0.021865
vn -0.720402 -0.693210 -0.021925
vn 0.719943 -0.693472 -0.027905
vn 0.719977 -0.693476 -0.026910
vn 0.720532 -0.693075 -0.021930
vn 0.720479 -0.693132 -0.021869
vn -0.720402 -0.693210 -0.021925
vn -0.720369 -0.693246 -0.021865
vn -0.720922 -0.691349 -0.048044
vn -0.720917 -0.691472 -0.046313
vn 0.720479 -0.693132 -0.021869
vn 0.720532 -0.693075 -0.021930
vn 0.721519 -0.690846 -0.046284
vn 0.721550 -0.690695 -0.048016
vn -0.720917 -0.691472 -0.046313
vn -0.720922 -0.691349 -0.048044
vn -0.743890 -0.607711 -0.278056
vn -0.740726 -0.633480 -0.223671
vn 0.721550 -0.690695 -0.048016
vn 0.721519 -0.690846 -0.046284
vn 0.744310 -0.629688 -0.222476
vn 0.748403 -0.602884 -0.276448
vn -0.740726 -0.633480 -0.223671
vn -0.743890 -0.607711 -0.278056
vn -0.740941 -0.540430 -0.398675
vn -0.740941 -0.540430 -0.398675
vn 0.748403 -0.602884 -0.276448
vn 0.744310 -0.629688 -0.222476
vn 0.747551 -0.534028 -0.394946
vn 0.747551 -0.534028 -0.394946
vn -0.765629 0.010751 -0.643192
vn -0.765629 0.010751 -0.643192
vn -0.774867 0.211786 -0.595590
vn -0.767596 0.304788 -0.563826
vn 0.777623 0.014364 -0.628567
vn 0.777623 0.014364 -0.628567
vn 0.775788 0.302889 -0.553544
vn 0.784116 0.210176 -0.583942
vn -0.767596 0.304788 -0.563826
vn -0.774867 0.211786 -0.595590
vn -0.744175 0.446799 -0.496562
vn -0.748701 0.437548 -0.497995
vn -0.748701 0.437548 -0.497995
vn -0.744175 0.446799 -0.496562
vn -0.754427 0.426368 -0.499049
vn -0.754406 0.427080 -0.498472
vn 0.784116 0.210176 -0.583942
vn 0.775788 0.302889 -0.553544
vn 0.748486 0.444001 -0.492577
vn 0.746479 0.449533 -0.490601
vn 0.746479 0.449533 -0.490601
vn 0.748486 0.444001 -0.492577
vn 0.753656 0.425078 -0.501309
vn 0.752640 0.429700 -0.498891
vn -0.754406 0.427080 -0.498472
vn -0.754427 0.426368 -0.499049
vn -0.754968 0.424286 -0.500005
vn -0.755413 0.421435 -0.501742
vn 0.574659 0.752086 -0.322698
vn 0.646174 0.667333 -0.370306
vn 0.434433 0.856446 -0.278869
vn 0.525451 0.793213 -0.307755
vn 0.646174 0.667333 -0.370306
vn 0.711593 0.566874 -0.415078
vn 0.750516 0.433850 -0.498497
vn 0.736711 0.491052 -0.464892
vn 0.525451 0.793213 -0.307755
vn 0.434433 0.856446 -0.278869
vn 0.213477 0.948126 -0.235553
vn 0.292426 0.923706 -0.247497
vn 0.736711 0.491052 -0.464892
vn 0.750516 0.433850 -0.498497
vn 0.756220 0.245324 -0.606587
vn 0.758079 0.262748 -0.596891
vn 0.292426 0.923706 -0.247497
vn 0.213477 0.948126 -0.235553
vn -0.005076 0.974803 -0.223010
vn -0.007516 0.974785 -0.223018
vn -0.007516 0.974785 -0.223018
vn -0.005076 0.974803 -0.223010
vn -0.224195 0.945345 -0.236770
vn -0.305269 0.918980 -0.249572
vn -0.305269 0.918980 -0.249572
vn -0.224195 0.945345 -0.236770
vn -0.451106 0.850447 -0.270635
vn -0.552426 0.783900 -0.283418
vn -0.552426 0.783900 -0.283418
vn -0.451106 0.850447 -0.270635
vn -0.606430 0.740808 -0.288871
vn -0.605610 0.741492 -0.288835
vn -0.716446 0.555828 -0.421616
vn -0.716446 0.555828 -0.421616
vn -0.739515 0.481229 -0.470676
vn -0.752067 0.425837 -0.503048
vn -0.752067 0.425837 -0.503048
vn -0.739515 0.481229 -0.470676
vn -0.756965 0.251684 -0.603042
vn -0.755017 0.236206 -0.611683
vn 0.752640 0.429700 -0.498891
vn 0.753656 0.425078 -0.501309
vn 0.755700 0.417767 -0.504369
vn 0.755489 0.417791 -0.504665
vn -0.755413 0.421435 -0.501742
vn -0.754968 0.424286 -0.500005
vn -0.756065 0.415631 -0.505585
vn -0.756127 0.414106 -0.506743
vn 0.758079 0.262748 -0.596891
vn 0.756220 0.245324 -0.606587
vn 0.694657 0.052920 -0.717392
vn 0.686841 0.038833 -0.725769
vn -0.755017 0.236206 -0.611683
vn -0.756965 0.251684 -0.603042
vn -0.681034 0.028867 -0.731683
vn -0.689708 0.043825 -0.722760
vn 0.755489 0.417791 -0.504665
vn 0.755700 0.417767 -0.504369
vn 0.756129 0.414105 -0.506741
vn 0.756070 0.415629 -0.505579
vn -0.756127 0.414106 -0.506743
vn -0.756065 0.415631 -0.505585
vn -0.754385 0.419901 -0.504565
vn -0.753222 0.424797 -0.502199
vn 0.686841 0.038833 -0.725769
vn 0.694657 0.052920 -0.717392
vn 0.546824 -0.128230 -0.827370
vn 0.522477 -0.147940 -0.839721
vn -0.689708 0.043825 -0.722760
vn -0.681034 0.028867 -0.731683
vn -0.512597 -0.155459 -0.844438
vn -0.537446 -0.136054 -0.832250
vn 0.756070 0.415629 -0.505579
vn 0.756129 0.414105 -0.506741
vn 0.753221 0.424796 -0.502201
vn 0.754384 0.419899 -0.504568
vn -0.753222 0.424797 -0.502199
vn -0.754385 0.419901 -0.504565
vn -0.752788 0.427134 -0.500866
vn -0.753712 0.423641 -0.502440
vn 0.522477 -0.147940 -0.839721
vn 0.546824 -0.128230 -0.827370
vn 0.308611 -0.264262 -0.913742
vn 0.284963 -0.272396 -0.919019
vn 0.284963 -0.272396 -0.919019
vn 0.308611 -0.264262 -0.913742
vn 0.007469 -0.317285 -0.948301
vn 0.006795 -0.317291 -0.948304
vn 0.006795 -0.317291 -0.948304
vn 0.007469 -0.317285 -0.948301
vn -0.295314 -0.268927 -0.916771
vn -0.272336 -0.276425 -0.921641
vn -0.272336 -0.276425 -0.921641
vn -0.295314 -0.268927 -0.916771
vn -0.537446 -0.136054 -0.832250
vn -0.512597 -0.155459 -0.844438
vn 0.754384 0.419899 -0.504568
vn 0.753221 0.424796 -0.502201
vn 0.753710 0.423642 -0.502442
vn 0.752788 0.427134 -0.500867
vn -0.753712 0.423641 -0.502440
vn -0.752788 0.427134 -0.500866
vn -0.755594 0.416809 -0.505320
vn -0.755991 0.415647 -0.505682
vn 0.752788 0.427134 -0.500867
vn 0.753710 0.423642 -0.502442
vn 0.755993 0.415648 -0.505679
vn 0.755594 0.416809 -0.505320
vn -0.755991 0.415647 -0.505682
vn -0.755594 0.416809 -0.505320
vn -0.756695 0.414186 -0.505829
vn -0.756712 0.414995 -0.505139
vn 0.755594 0.416809 -0.505320
vn 0.755993 0.415648 -0.505679
vn 0.757274 0.414739 -0.504507
vn 0.756930 0.414081 -0.505563
vn -0.756712 0.414995 -0.505139
vn -0.756695 0.414186 -0.505829
vn -0.751882 0.476172 -0.455997
vn -0.746030 0.514815 -0.422380
vn 0.756930 0.414081 -0.505563
vn 0.757274 0.414739 -0.504507
vn 0.748098 0.513262 -0.420608
vn 0.753957 0.474609 -0.454198
vn -0.746030 0.514815 -0.422380
vn -0.751882 0.476172 -0.455997
vn -0.737971 0.553015 -0.386748
vn -0.737971 0.553015 -0.386748
vn 0.753957 0.474609 -0.454198
vn 0.748098 0.513262 -0.420608
vn 0.740122 0.551091 -0.385380
vn 0.740122 0.551091 -0.385380
vn -0.612307 0.718280 0.330386
vn -0.550980 0.727829 0.408272
vn -0.698694 0.706915 0.109993
vn -0.710306 0.701985 0.051791
vn -0.550980 0.727829 0.408272
vn -0.612307 0.718280 0.330386
vn -0.413686 0.752773 0.512052
vn -0.297802 0.765100 0.570907
vn -0.297802 0.765100 0.570907
vn -0.413686 0.752773 0.512052
vn -0.116148 0.571462 0.812367
vn -0.116149 0.571457 0.812371
vn -0.710306 0.701985 0.051791
vn -0.698694 0.706915 0.109993
vn -0.720367 0.693353 -0.018272
vn -0.720367 0.693365 -0.017777
vn -0.067889 0.766983 0.638066
vn -0.079758 0.766777 0.636940
vn 0.000000 0.766069 0.642759
vn 0.000000 0.766069 0.642759
vn 0.000000 0.766069 0.642759
vn 0.000000 0.766069 0.642759
vn -0.000002 0.766076 0.642750
vn -0.000002 0.766076 0.642750
vn -0.000002 0.766076 0.642750
vn -0.000002 0.766076 0.642750
vn 0.000000 0.766087 0.642737
vn 0.000000 0.766087 0.642737
vn 0.000000 0.766087 0.642737
vn 0.000000 0.766087 0.642737
vn 0.000002 0.766076 0.642750
vn 0.000002 0.766076 0.642750
vn 0.000002 0.766076 0.642750
vn 0.000002 0.766076 0.642750
vn 0.000000 0.766070 0.642758
vn 0.000000 0.766069 0.642758
vn 0.000000 0.766069 0.642758
vn 0.000000 0.766070 0.642758
vn 0.079758 0.766778 0.636939
vn 0.067888 0.766984 0.638065
vn 0.067888 0.766984 0.638065
vn 0.079758 0.766778 0.636939
vn 0.413684 0.752778 0.512045
vn 0.297798 0.765104 0.570905
vn 0.297798 0.765104 0.570905
vn 0.413684 0.752778 0.512045
vn 0.612307 0.718281 0.330384
vn 0.550977 0.727835 0.408266
vn 0.550977 0.727835 0.408266
vn 0.612307 0.718281 0.330384
vn 0.710312 0.701979 0.051792
vn 0.698698 0.706910 0.109995
vn 0.698698 0.706910 0.109995
vn 0.710312 0.701979 0.051792
vn 0.720371 0.693362 -0.017778
vn 0.720370 0.693350 -0.018272
vn -0.720367 0.693365 -0.017777
vn -0.720367 0.693353 -0.018272
vn -0.720253 0.693370 -0.021781
vn -0.720266 0.693355 -0.021813
vn 0.720370 0.693350 -0.018272
vn 0.720371 0.693362 -0.017778
vn 0.720263 0.693358 -0.021813
vn 0.720249 0.693374 -0.021780
vn -0.720266 0.693355 -0.021813
vn -0.720253 0.693370 -0.021781
vn -0.719864 0.693455 -0.030275
vn -0.719919 0.693459 -0.028839
vn 0.720249 0.693374 -0.021780
vn 0.720263 0.693358 -0.021813
vn 0.719915 0.693463 -0.028839
vn 0.719861 0.693458 -0.030275
vn -0.719919 0.693459 -0.028839
vn -0.719864 0.693455 -0.030275
vn -0.719685 0.693114 -0.040585
vn -0.719659 0.693183 -0.039866
vn 0.719861 0.693458 -0.030275
vn 0.719915 0.693463 -0.028839
vn 0.719661 0.693180 -0.039866
vn 0.719688 0.693111 -0.040585
vn -0.719659 0.693183 -0.039866
vn -0.719685 0.693114 -0.040585
vn -0.719762 0.693205 -0.037547
vn -0.719765 0.693136 -0.038747
vn 0.719688 0.693111 -0.040585
vn 0.719661 0.693180 -0.039866
vn 0.719769 0.693132 -0.038748
vn 0.719765 0.693202 -0.037547
vn -0.719765 0.693136 -0.038747
vn -0.719762 0.693205 -0.037547
vn -0.719980 0.693473 -0.026912
vn -0.719945 0.693470 -0.027906
vn 0.719765 0.693202 -0.037547
vn 0.719769 0.693132 -0.038748
vn 0.719942 0.693473 -0.027906
vn 0.719976 0.693477 -0.026911
vn -0.719945 0.693470 -0.027906
vn -0.719980 0.693473 -0.026912
vn -0.719940 0.693683 -0.022140
vn -0.719971 0.693654 -0.022050
vn 0.719976 0.693477 -0.026911
vn 0.719942 0.693473 -0.027906
vn 0.719964 0.693661 -0.022048
vn 0.719934 0.693690 -0.022138
vn -0.719971 0.693654 -0.022050
vn -0.719940 0.693683 -0.022140
vn -0.722199 0.691164 0.026835
vn -0.721862 0.691823 0.017226
vn 0.719934 0.693690 -0.022138
vn 0.719964 0.693661 -0.022048
vn 0.721863 0.691822 0.017226
vn 0.722202 0.691161 0.026835
vn -0.721862 0.691823 0.017226
vn -0.722199 0.691164 0.026835
vn -0.736652 0.630525 0.244504
vn -0.733625 0.653381 0.186779
vn 0.722202 0.691161 0.026835
vn 0.721863 0.691822 0.017226
vn 0.733636 0.653370 0.186778
vn 0.736659 0.630515 0.244508
vn -0.733625 0.653381 0.186779
vn -0.736652 0.630525 0.244504
vn -0.776183 0.374391 0.507319
vn -0.763282 0.482237 0.429941
vn 0.736659 0.630515 0.244508
vn 0.733636 0.653370 0.186778
vn 0.763283 0.482227 0.429949
vn 0.776183 0.374383 0.507325
vn -0.763282 0.482237 0.429941
vn -0.776183 0.374391 0.507319
vn -0.795176 -0.073312 0.601930
vn -0.795809 -0.038129 0.604346
vn -0.795809 -0.038129 0.604346
vn -0.795176 -0.073312 0.601930
vn -0.769484 -0.272777 0.577484
vn -0.768614 -0.274686 0.577737
vn 0.776183 0.374383 0.507325
vn 0.763283 0.482227 0.429949
vn 0.795815 -0.038117 0.604339
vn 0.795183 -0.073299 0.601923
vn 0.795183 -0.073299 0.601923
vn 0.795815 -0.038117 0.604339
vn 0.767528 -0.268260 0.582184
vn 0.768497 -0.267324 0.581335
vn -0.768614 -0.274686 0.577737
vn -0.769484 -0.272777 0.577484
vn -0.765794 -0.280511 0.578682
vn -0.765901 -0.280241 0.578671
vn 0.687990 -0.048921 0.724070
vn 0.679642 -0.035440 0.732688
vn 0.756730 -0.252027 0.603194
vn 0.754751 -0.236584 0.611865
vn 0.679642 -0.035440 0.732688
vn 0.687990 -0.048921 0.724070
vn 0.533438 0.121945 0.837002
vn 0.508101 0.140363 0.849784
vn 0.508101 0.140363 0.849784
vn 0.533438 0.121945 0.837002
vn 0.291168 0.246871 0.924270
vn 0.268234 0.253937 0.929283
vn 0.268234 0.253937 0.929283
vn 0.291168 0.246871 0.924270
vn -0.007341 0.291970 0.956399
vn -0.006669 0.291974 0.956403
vn -0.006669 0.291974 0.956403
vn -0.007341 0.291970 0.956399
vn -0.304167 0.242215 0.921311
vn -0.280577 0.249921 0.926723
vn -0.280577 0.249921 0.926723
vn -0.304167 0.242215 0.921311
vn -0.542549 0.114016 0.832251
vn -0.517681 0.132763 0.845210
vn -0.517681 0.132763 0.845210
vn -0.542549 0.114016 0.832251
vn -0.692855 -0.058000 0.718740
vn -0.685342 -0.045373 0.726806
vn -0.685342 -0.045373 0.726806
vn -0.692855 -0.058000 0.718740
vn -0.756011 -0.245612 0.606731
vn -0.757904 -0.263002 0.597002
vn 0.768497 -0.267324 0.581335
vn 0.767528 -0.268260 0.582184
vn 0.764661 -0.282287 0.579316
vn 0.764394 -0.280472 0.580549
vn -0.765901 -0.280241 0.578671
vn -0.765794 -0.280511 0.578682
vn -0.766713 -0.283328 0.576088
vn -0.766703 -0.284050 0.575744
vn 0.754751 -0.236584 0.611865
vn 0.756730 -0.252027 0.603194
vn 0.733779 -0.482696 0.478093
vn 0.748858 -0.426209 0.507502
vn -0.757904 -0.263002 0.597002
vn -0.756011 -0.245612 0.606731
vn -0.746932 -0.435208 0.502680
vn -0.730289 -0.493361 0.472519
vn 0.764394 -0.280472 0.580549
vn 0.764661 -0.282287 0.579316
vn 0.766253 -0.289788 0.573481
vn 0.766192 -0.289863 0.573524
vn -0.766703 -0.284050 0.575744
vn -0.766713 -0.283328 0.576088
vn -0.766247 -0.292608 0.572054
vn -0.766183 -0.293160 0.571857
vn 0.748858 -0.426209 0.507502
vn 0.733779 -0.482696 0.478093
vn 0.619923 -0.690516 0.372670
vn 0.674507 -0.613897 0.410087
vn -0.730289 -0.493361 0.472519
vn -0.746932 -0.435208 0.502680
vn -0.669118 -0.622645 0.405702
vn -0.612572 -0.699344 0.368339
vn 0.766192 -0.289863 0.573524
vn 0.766253 -0.289788 0.573481
vn 0.766183 -0.293167 0.571854
vn 0.766249 -0.292614 0.572048
vn -0.766183 -0.293160 0.571857
vn -0.766247 -0.292608 0.572054
vn -0.765175 -0.287448 0.576091
vn -0.765015 -0.285308 0.577366
vn 0.674507 -0.613897 0.410087
vn 0.619923 -0.690516 0.372670
vn 0.437960 -0.848537 0.296945
vn 0.525142 -0.786097 0.326001
vn -0.612572 -0.699344 0.368339
vn -0.669118 -0.622645 0.405702
vn -0.516111 -0.793485 0.322508
vn -0.428135 -0.854494 0.294178
vn 0.766249 -0.292614 0.572048
vn 0.766183 -0.293167 0.571854
vn 0.765014 -0.285312 0.577365
vn 0.765171 -0.287456 0.576092
vn -0.765015 -0.285308 0.577366
vn -0.765175 -0.287448 0.576091
vn -0.764995 -0.282464 0.578789
vn -0.765152 -0.283881 0.577888
vn 0.525142 -0.786097 0.326001
vn 0.437960 -0.848537 0.296945
vn 0.221052 -0.941458 0.254545
vn 0.299158 -0.916429 0.265823
vn 0.299158 -0.916429 0.265823
vn 0.221052 -0.941458 0.254545
vn 0.005028 -0.970262 0.242006
vn 0.007353 -0.970245 0.242014
vn 0.007353 -0.970245 0.242014
vn 0.005028 -0.970262 0.242006
vn -0.210532 -0.944197 0.253315
vn -0.286560 -0.921042 0.263752
vn -0.286560 -0.921042 0.263752
vn -0.210532 -0.944197 0.253315
vn -0.428135 -0.854494 0.294178
vn -0.516111 -0.793485 0.322508
vn 0.765171 -0.287456 0.576092
vn 0.765014 -0.285312 0.577365
vn 0.765155 -0.283883 0.577883
vn 0.765000 -0.282465 0.578782
vn -0.765152 -0.283881 0.577888
vn -0.764995 -0.282464 0.578789
vn -0.765771 -0.291590 0.573210
vn -0.765763 -0.291895 0.573065
vn 0.765000 -0.282465 0.578782
vn 0.765155 -0.283883 0.577883
vn 0.765759 -0.291906 0.573066
vn 0.765765 -0.291602 0.573212
vn -0.765763 -0.291895 0.573065
vn -0.765771 -0.291590 0.573210
vn -0.765131 -0.293492 0.573094
vn -0.764874 -0.293180 0.573596
vn 0.765765 -0.291602 0.573212
vn 0.765759 -0.291906 0.573066
vn 0.764869 -0.293191 0.573598
vn 0.765126 -0.293503 0.573095
vn -0.759828 -0.390176 0.520023
vn -0.758511 -0.408016 0.508118
vn -0.764874 -0.293180 0.573596
vn -0.765131 -0.293492 0.573094
vn -0.758511 -0.408016 0.508118
vn -0.759828 -0.390176 0.520023
vn -0.749891 -0.476593 0.458827
vn -0.749891 -0.476593 0.458827
vn 0.758517 -0.408013 0.508112
vn 0.759832 -0.390174 0.520019
vn 0.765126 -0.293503 0.573095
vn 0.764869 -0.293191 0.573598
vn 0.759832 -0.390174 0.520019
vn 0.758517 -0.408013 0.508112
vn 0.749904 -0.476581 0.458820
vn 0.749904 -0.476581 0.458820
vn 0.000000 1.000000 0.000000
vn 0.000000 1.000000 0.000000
vn 0.000000 1.000000 0.000000
vn 0.000000 1.000000 0.000000
vn 0.000000 1.000000 0.000000
vn 0.000000 1.000000 -0.000000
vn 0.000000 1.000000 -0.000000
vn 0.000000 1.000000 0.000000
vn 0.000000 1.000000 0.000000
vn 0.000000 1.000000 0.000000
vn 0.000000 1.000000 0.000000
vn 0.000000 1.000000 0.000000
vn 0.000000 1.000000 0.000000
vn 0.000000 1.000000 0.000000
vn 0.000000 1.000000 0.000000
vn 0.000000 1.000000 0.000000
vn 0.000000 1.000000 0.000000
vn 0.000000 1.000000 0.000000
vn 0.000000 1.000000 0.000000
vn 0.000000 1.000000 0.000000
vn 0.000000 1.000000 0.000000
vn 0.000000 1.000000 0.000000
vn 0.000000 1.000000 0.000000
vn 0.000000 1.000000 0.000000
vn 0.000000 1.000000 0.000000
vn 0.000000 1.000000 0.000000
vn 0.000000 1.000000 0.000000
vn 0.000000 1.000000 0.000000
vn 0.000000 1.000000 0.000000
vn 0.000000 1.000000 0.000000
vn 0.000000 1.000000 0.000000
vn 0.000000 1.000000 0.000000
vn 0.000000 1.000000 0.000000
vn 0.000000 1.000000 0.000000
vn 0.000000 1.000000 0.000000
vn 0.000000 1.000000 0.000000
vn 0.000000 1.000000 0.000000
vn 0.000000 1.000000 0.000000
vn 0.000000 1.000000 0.000000
vn 0.000000 1.000000 0.000000
vn 0.000000 1.000000 0.000000
vn 0.000000 1.000000 0.000000
vn 0.000000 1.000000 0.000000
vn 0.000000 1.000000 0.000000
vn 0.000000 1.000000 0.000000
vn 0.000000 1.000000 0.000000
vn 0.000000 1.000000 0.000000
vn 0.000000 1.000000 0.000000
vn 0.000000 1.000000 0.000000
vn 0.000000 1.000000 0.000000
vn 0.000000 1.000000 0.000000
vn 0.000000 1.000000 0.000000
vn 0.000000 1.000000 0.000000
vn 0.000000 1.000000 0.000000
vn 0.000000 1.000000 0.000000
vn 0.000000 1.000000 0.000000
vn 0.000000 1.000000 0.000000
vn 0.000000 1.000000 0.000000
vn 0.000000 1.000000 0.000000
vn 0.000000 1.000000 0.000000
vn 0.000000 1.000000 0.000000
vn 0.000000 1.000000 0.000000
vn 0.000000 1.000000 0.000000
vn 0.000000 1.000000 0.000000
vn 0.000000 1.000000 0.000000
vn 0.000000 1.000000 0.000000
vn 0.000000 1.000000 0.000000
vn 0.000000 1.000000 0.000000
vn 0.000000 1.000000 0.000000
vn 0.000000 1.000000 0.000000
vn 0.000000 1.000000 0.000000
vn 0.000000 1.000000 0.000000
vn 0.000000 1.000000 0.000000
vn 0.000000 1.000000 0.000000
vn 0.000000 1.000000 0.000000
vn 0.000000 1.000000 0.000000
vn 0.000000 1.000000 0.000000
vn 0.000000 1.000000 0.000000
vn 0.000000 1.000000 0.000000
vn 0.000000 1.000000 0.000000
vn 0.000000 1.000000 0.000000
vn 0.000000 1.000000 0.000000
vn 0.000000 1.000000 0.000000
vn 0.000000 1.000000 0.000000
vn 0.000000 1.000000 0.000000
vn 0.000000 1.000000 0.000000
vn 0.000000 1.000000 0.000000
vn 0.000000 1.000000 0.000000
vn 0.000000 1.000000 0.000000
vn 0.000000 1.000000 0.000000
vn 0.000000 1.000000 0.000000
vn 0.000000 1.000000 0.000000
vn 0.000000 1.000000 0.000000
vn 0.000000 1.000000 0.000000
vn 0.000000 1.000000 0.000000
vn 0.000000 1.000000 0.000000
vn 0.000000 1.000000 0.000000
vn 0.000000 1.000000 0.000000
vn 0.000000 0.998818 0.048599
vn 0.000000 0.998916 0.046559
vn 0.000000 1.000000 0.000000
vn 0.000000 1.000000 0.000000
vn 0.000000 0.998916 0.046558
vn 0.000000 0.998818 0.048599
vn 0.000000 0.998916 0.046559
vn 0.000000 0.998818 0.048599
vn 0.000000 0.937998 0.346641
vn 0.000000 0.940737 0.339138
vn 0.000000 0.998818 0.048599
vn 0.000000 0.998916 0.046558
vn 0.000001 0.940737 0.339137
vn 0.000000 0.937998 0.346641
vn 0.000000 0.134334 0.990936
vn 0.000000 0.578275 0.815842
vn 0.000000 0.134334 0.990936
vn 0.000000 0.134334 0.990936
vn 0.000000 0.578331 0.815802
vn 0.000000 0.134334 0.990936
vn 0.000000 0.134334 0.990936
vn 0.000000 0.134334 0.990936
vn 0.000008 -0.570769 0.821110
vn 0.006487 -0.568001 0.823002
vn 0.005743 -0.560158 0.828366
vn -0.000021 -0.559837 0.828603
vn 0.006487 -0.568001 0.823002
vn 0.029611 -0.392156 0.919422
vn 0.028416 -0.390222 0.920282
vn 0.005743 -0.560158 0.828366
vn 0.004571 -0.564113 0.825685
vn -0.006945 -0.563936 0.825790
vn -0.007054 -0.563499 0.826087
vn 0.000586 -0.558016 0.829830
vn -0.006945 -0.563936 0.825790
vn -0.004352 -0.568497 0.822674
vn -0.005160 -0.567745 0.823188
vn -0.007054 -0.563499 0.826087
vn -0.004352 -0.568497 0.822674
vn 0.000058 -0.570392 0.821372
vn 0.000164 -0.570392 0.821373
vn -0.005160 -0.567745 0.823188
vn 0.000058 -0.570392 0.821372
vn 0.004490 -0.568466 0.822694
vn 0.005413 -0.567583 0.823298
vn 0.000164 -0.570392 0.821373
vn 0.004490 -0.568466 0.822694
vn 0.007057 -0.563877 0.825829
vn 0.007186 -0.563326 0.826204
vn 0.005413 -0.567583 0.823298
vn 0.007057 -0.563877 0.825829
vn -0.004656 -0.563948 0.825797
vn -0.000701 -0.557910 0.829901
vn 0.007186 -0.563326 0.826204
vn -0.004656 -0.563948 0.825797
vn -0.006689 -0.567913 0.823061
vn -0.005992 -0.560182 0.828348
vn -0.000701 -0.557910 0.829901
vn -0.006689 -0.567913 0.823061
vn -0.000009 -0.570769 0.821110
vn 0.000021 -0.559969 0.828514
vn -0.005992 -0.560182 0.828348
vn -0.000021 -0.559837 0.828603
vn 0.005743 -0.560158 0.828366
vn -0.000011 -0.549393 0.835564
vn -0.000028 -0.549398 0.835561
vn 0.005743 -0.560158 0.828366
vn 0.017619 -0.373715 0.927376
vn 0.017619 -0.373716 0.927376
vn -0.000011 -0.549393 0.835564
vn -0.000701 -0.557910 0.829901
vn -0.005992 -0.560182 0.828348
vn 0.000013 -0.549393 0.835564
vn -0.000002 -0.549389 0.835567
vn -0.005992 -0.560182 0.828348
vn 0.000021 -0.559969 0.828514
vn 0.000030 -0.549398 0.835561
vn 0.000013 -0.549393 0.835564
vn -0.000028 -0.549398 0.835561
vn -0.000011 -0.549393 0.835564
vn 0.000002 -0.549389 0.835567
vn 0.000000 -0.549389 0.835567
vn -0.000011 -0.549393 0.835564
vn 0.017620 -0.373719 0.927375
vn 0.017620 -0.373719 0.927375
vn 0.000002 -0.549389 0.835567
vn -0.000002 -0.549389 0.835567
vn 0.000013 -0.549393 0.835564
vn 0.000000 -0.549389 0.835567
vn -0.000004 -0.549389 0.835567
vn 0.000013 -0.549393 0.835564
vn 0.000030 -0.549398 0.835561
vn 0.000001 -0.549389 0.835567
vn 0.000000 -0.549389 0.835567
vn 0.000000 -0.549389 0.835567
vn 0.000002 -0.549389 0.835567
vn 0.000001 -0.549389 0.835567
vn 0.000001 -0.549388 0.835567
vn 0.000002 -0.549389 0.835567
vn 0.017619 -0.373716 0.927376
vn 0.017617 -0.373715 0.927376
vn 0.000001 -0.549389 0.835567
vn -0.000004 -0.549389 0.835567
vn 0.000000 -0.549389 0.835567
vn 0.000001 -0.549388 0.835567
vn 0.000000 -0.549388 0.835567
vn 0.000000 -0.549389 0.835567
vn 0.000001 -0.549389 0.835567
vn 0.000002 -0.549387 0.835568
vn 0.000001 -0.549388 0.835567
vn 0.000001 -0.549388 0.835567
vn 0.000001 -0.549389 0.835567
vn 0.000000 -0.549391 0.835565
vn 0.000001 -0.549391 0.835565
vn 0.000001 -0.549389 0.835567
vn 0.017613 -0.373718 0.927375
vn 0.017613 -0.373717 0.927375
vn 0.000000 -0.549391 0.835565
vn 0.000002 -0.549389 0.835567
vn -0.000001 -0.549389 0.835567
vn -0.000001 -0.549391 0.835565
vn 0.000000 -0.549391 0.835565
vn -0.000001 -0.549389 0.835567
vn -0.000001 -0.549389 0.835567
vn 0.000000 -0.549391 0.835565
vn -0.000001 -0.549391 0.835565
vn -0.000001 -0.549389 0.835567
vn 0.000000 -0.549388 0.835567
vn 0.000000 -0.549391 0.835565
vn 0.000000 -0.549391 0.835565
vn 0.000000 -0.549388 0.835567
vn 0.000000 -0.549388 0.835567
vn 0.000000 -0.549391 0.835565
vn 0.000000 -0.549391 0.835565
vn 0.000000 -0.549388 0.835567
vn 0.000000 -0.549388 0.835567
vn 0.000000 -0.549391 0.835565
vn 0.000000 -0.549391 0.835565
vn 0.000000 -0.549388 0.835567
vn 0.000000 -0.549388 0.835567
vn 0.000000 -0.549391 0.835565
vn 0.000000 -0.549391 0.835565
vn 0.000000 -0.549388 0.835567
vn 0.000001 -0.549388 0.835567
vn 0.000001 -0.549391 0.835565
vn 0.000000 -0.549391 0.835565
vn 0.000001 -0.549388 0.835567
vn 0.000002 -0.549387 0.835568
vn 0.000002 -0.549391 0.835565
vn 0.000001 -0.549391 0.835565
vn 0.000001 -0.549391 0.835565
vn 0.000000 -0.549391 0.835565
vn 0.000000 -0.549387 0.835568
vn -0.000001 -0.549388 0.835567
vn 0.000001 -0.549391 0.835565
vn 0.000002 -0.549391 0.835565
vn 0.000000 -0.549388 0.835567
vn 0.000000 -0.549387 0.835568
vn -0.000001 -0.549388 0.835567
vn 0.000000 -0.549387 0.835568
vn -0.000001 -0.549382 0.835571
vn -0.000002 -0.549381 0.835572
vn 0.000000 -0.549387 0.835568
vn 0.000000 -0.549388 0.835567
vn 0.000000 -0.549381 0.835572
vn 0.000001 -0.549382 0.835571
vn 0.000024 -0.682906 0.730506
vn 0.000015 -0.695664 0.718367
vn 0.000015 -0.778624 0.627491
vn 0.000020 -0.778605 0.627515
vn -0.000014 -0.695665 0.718366
vn -0.000024 -0.682907 0.730505
vn -0.000020 -0.778608 0.627511
vn -0.000015 -0.778627 0.627487
vn 0.000000 0.940737 0.339138
vn 0.000000 0.937998 0.346641
vn 0.000000 0.578275 0.815842
vn 0.000000 0.832297 0.554329
vn 0.000000 0.937998 0.346641
vn 0.000001 0.940737 0.339137
vn 0.000001 0.832297 0.554329
vn 0.000000 0.578331 0.815802
vn -0.000002 -0.549381 0.835572
vn -0.000001 -0.549382 0.835571
vn 0.000001 -0.550976 0.834521
vn 0.000001 -0.550681 0.834716
vn 0.000001 -0.549382 0.835571
vn 0.000000 -0.549381 0.835572
vn -0.000002 -0.550679 0.834717
vn 0.000000 -0.550976 0.834521
vn 0.000001 -0.550681 0.834716
vn 0.000001 -0.550976 0.834521
vn 0.000015 -0.695664 0.718367
vn 0.000024 -0.682906 0.730506
vn 0.000000 -0.550976 0.834521
vn -0.000002 -0.550679 0.834717
vn -0.000024 -0.682907 0.730505
vn -0.000014 -0.695665 0.718366
vn 0.000000 -1.000000 0.000000
vn 0.000000 -1.000000 0.000000
vn 0.000000 -1.000000 0.000000
vn 0.000000 -1.000000 0.000000
vn 0.000000 -1.000000 0.000000
vn 0.000000 -1.000000 0.000000
vn 0.000000 -1.000000 -0.000000
vn 0.000000 -1.000000 -0.000000
vn 0.000000 -1.000000 0.000000
vn 0.000000 -1.000000 0.000000
vn 0.000000 -1.000000 0.000000
vn 0.000000 -1.000000 0.000000
vn 0.000000 -1.000000 0.000000
vn 0.000000 -1.000000 0.000000
vn 0.000000 -1.000000 0.000000
vn 0.000000 -1.000000 0.000000
vn 0.000000 -1.000000 0.000000
vn 0.000000 -1.000000 0.000000
vn 0.000000 -1.000000 0.000000
vn 0.000000 -1.000000 0.000000
vn 0.000000 -1.000000 0.000000
vn 0.000000 -1.000000 0.000000
vn 0.000000 -1.000000 0.000000
vn 0.000000 -1.000000 0.000000
vn 0.000000 -1.000000 0.000000
vn 0.000000 -1.000000 0.000000
vn 0.000000 -1.000000 0.000000
vn 0.000000 -1.000000 0.000000
vn 0.000000 -1.000000 0.000000
vn 0.000000 -1.000000 0.000000
vn 0.000000 -1.000000 0.000000
vn 0.000000 -1.000000 0.000000
vn 0.000000 -1.000000 0.000000
vn 0.000000 -1.000000 0.000000
vn 0.000000 -1.000000 0.000000
vn 0.000000 -1.000000 0.000000
vn 0.000000 -1.000000 0.000000
vn 0.000000 -1.000000 0.000000
vn 0.000000 -1.000000 0.000000
vn 0.000000 -1.000000 0.000000
vn 0.000000 -1.000000 0.000000
vn 0.000000 -1.000000 0.000000
vn 0.000000 -1.000000 0.000000
vn 0.000000 -1.000000 0.000000
vn 0.000000 -1.000000 0.000000
vn 0.000000 -1.000000 0.000000
vn 0.000000 -1.000000 0.000000
vn 0.000000 -1.000000 0.000000
vn 0.000000 -1.000000 0.000000
vn 0.000000 -1.000000 0.000000
vn 0.000000 -1.000000 0.000000
vn 0.000000 -1.000000 0.000000
vn 0.000000 -1.000000 0.000000
vn 0.000000 -1.000000 0.000000
vn 0.000000 -1.000000 0.000000
vn 0.000000 -1.000000 0.000000
vn 0.000000 -1.000000 0.000000
vn 0.000000 -1.000000 0.000000
vn 0.000000 -1.000000 0.000000
vn 0.000000 -1.000000 0.000000
vn 0.000000 -1.000000 0.000000
vn 0.000000 -1.000000 0.000000
vn 0.000000 -1.000000 0.000000
vn 0.000000 -1.000000 0.000000
vn 0.000000 -1.000000 0.000000
vn 0.000000 -1.000000 0.000000
vn 0.000000 -1.000000 0.000000
vn 0.000000 -1.000000 0.000000
vn 0.000000 -1.000000 0.000000
vn 0.000000 -1.000000 0.000000
vn 0.000000 -1.000000 0.000000
vn 0.000000 -1.000000 0.000000
vn 0.000000 -1.000000 0.000000
vn 0.000000 -1.000000 0.000000
vn 0.000000 -1.000000 0.000000
vn 0.000000 -1.000000 0.000000
vn 0.000000 -1.000000 0.000000
vn 0.000000 -1.000000 0.000000
vn 0.000000 -1.000000 0.000000
vn 0.000000 -1.000000 0.000000
vn 0.000000 -1.000000 0.000000
vn 0.000000 -1.000000 0.000000
vn 0.000000 -1.000000 0.000000
vn 0.000000 -1.000000 0.000000
vn 0.000000 -1.000000 0.000000
vn 0.000000 -1.000000 0.000000
vn 0.000000 -1.000000 0.000000
vn 0.000000 -1.000000 0.000000
vn 0.000000 -1.000000 0.000000
vn 0.000000 -1.000000 0.000000
vn 0.000000 -1.000000 0.000000
vn 0.000000 -1.000000 0.000000
vn 0.000000 -1.000000 0.000000
vn 0.000000 -1.000000 0.000000
vn 0.000000 -1.000000 0.000000
vn 0.000000 -1.000000 0.000000
vn 0.000000 -1.000000 0.000000
vn 0.000000 -0.998741 -0.050174
vn 0.000000 -0.998632 -0.052284
vn 0.000000 -1.000000 0.000000
vn 0.000000 -1.000000 0.000000
vn 0.000000 -0.998632 -0.052284
vn 0.000000 -0.998741 -0.050174
vn 0.000000 -1.000000 0.000000
vn 0.000000 -0.998741 -0.050174
vn 0.000000 -0.935272 -0.353929
vn 0.000000 -0.933221 -0.359303
vn 0.000000 -0.998632 -0.052284
vn 0.000000 -0.998632 -0.052284
vn 0.000000 -0.933221 -0.359303
vn 0.000000 -0.935273 -0.353927
vn 0.000000 -0.998741 -0.050174
vn 0.000000 -0.134333 -0.990936
vn 0.000000 -0.134333 -0.990936
vn -0.004077 0.289216 -0.957255
vn 0.000000 -0.569711 -0.821845
vn 0.000000 -0.569711 -0.821845
vn 0.004202 0.289136 -0.957279
vn 0.000000 -0.134333 -0.990936
vn 0.000000 -0.134333 -0.990936
vn 0.000001 0.570772 -0.821108
vn 0.000021 0.560620 -0.828073
vn -0.005477 0.560550 -0.828102
vn -0.004077 0.289216 -0.957255
vn -0.002995 0.320009 -0.947410
vn -0.005054 0.564216 -0.825612
vn 0.006901 0.563383 -0.826167
vn 0.006775 0.563810 -0.825877
vn 0.006775 0.563810 -0.825877
vn 0.006901 0.563383 -0.826167
vn 0.004492 0.568132 -0.822925
vn 0.004260 0.568373 -0.822760
vn 0.004260 0.568373 -0.822760
vn 0.004492 0.568132 -0.822925
vn -0.000158 0.570397 -0.821369
vn -0.000072 0.570399 -0.821368
vn -0.000072 0.570399 -0.821368
vn -0.000158 0.570397 -0.821369
vn -0.004742 0.567977 -0.823031
vn -0.004404 0.568339 -0.822782
vn -0.004404 0.568339 -0.822782
vn -0.004742 0.567977 -0.823031
vn -0.007034 0.563207 -0.826286
vn -0.006887 0.563735 -0.825927
vn -0.006887 0.563735 -0.825927
vn -0.007034 0.563207 -0.826286
vn 0.004707 0.563969 -0.825782
vn 0.003050 0.319920 -0.947440
vn 0.004202 0.289136 -0.957279
vn 0.005713 0.560576 -0.828083
vn -0.000021 0.560752 -0.827984
vn 0.000000 0.570773 -0.821108
vn 0.000021 0.560620 -0.828073
vn 0.000025 0.549398 -0.835561
vn 0.000011 0.549393 -0.835564
vn -0.005477 0.560550 -0.828102
vn -0.005477 0.560550 -0.828102
vn 0.000011 0.549393 -0.835564
vn -0.017616 0.373715 -0.927376
vn -0.017618 0.373716 -0.927376
vn 0.008521 0.560353 -0.828210
vn 0.000001 0.549389 -0.835567
vn -0.000012 0.549393 -0.835564
vn 0.005713 0.560576 -0.828083
vn 0.005713 0.560576 -0.828083
vn -0.000012 0.549393 -0.835564
vn -0.000026 0.549398 -0.835561
vn -0.000021 0.560752 -0.827984
vn 0.000025 0.549398 -0.835561
vn 0.000000 0.549389 -0.835567
vn -0.000004 0.549389 -0.835567
vn 0.000011 0.549393 -0.835564
vn 0.000011 0.549393 -0.835564
vn -0.000004 0.549389 -0.835567
vn -0.017622 0.373719 -0.927375
vn -0.017622 0.373719 -0.927375
vn 0.000001 0.549389 -0.835567
vn 0.000001 0.549389 -0.835567
vn 0.000001 0.549389 -0.835567
vn -0.000012 0.549393 -0.835564
vn -0.000012 0.549393 -0.835564
vn 0.000001 0.549389 -0.835567
vn 0.000000 0.549389 -0.835567
vn -0.000026 0.549398 -0.835561
vn 0.000000 0.549389 -0.835567
vn 0.000000 0.549388 -0.835567
vn -0.000001 0.549389 -0.835567
vn -0.000004 0.549389 -0.835567
vn -0.000004 0.549389 -0.835567
vn -0.000001 0.549389 -0.835567
vn -0.017625 0.373716 -0.927376
vn -0.017625 0.373717 -0.927375
vn 0.000001 0.549389 -0.835567
vn -0.000000 0.549389 -0.835567
vn -0.000000 0.549389 -0.835567
vn 0.000001 0.549389 -0.835567
vn 0.000001 0.549389 -0.835567
vn -0.000000 0.549389 -0.835567
vn 0.000000 0.549388 -0.835567
vn 0.000000 0.549389 -0.835567
vn 0.000000 0.549388 -0.835567
vn -0.000001 0.549391 -0.835565
vn -0.000001 0.549391 -0.835565
vn -0.000001 0.549389 -0.835567
vn -0.000001 0.549389 -0.835567
vn -0.000001 0.549391 -0.835565
vn -0.017616 0.373718 -0.927375
vn -0.017614 0.373718 -0.927375
vn -0.000002 0.549389 -0.835567
vn 0.000000 0.549391 -0.835565
vn 0.000000 0.549391 -0.835565
vn 0.000002 0.549389 -0.835567
vn 0.000002 0.549389 -0.835567
vn 0.000000 0.549391 -0.835565
vn -0.000000 0.549391 -0.835565
vn -0.000000 0.549389 -0.835567
vn -0.000000 0.549389 -0.835567
vn -0.000000 0.549391 -0.835565
vn 0.000001 0.549391 -0.835565
vn 0.000001 0.549389 -0.835567
vn 0.000001 0.549389 -0.835567
vn 0.000001 0.549391 -0.835565
vn 0.000001 0.549391 -0.835565
vn 0.000000 0.549388 -0.835567
vn 0.000000 0.549388 -0.835567
vn 0.000001 0.549391 -0.835565
vn -0.000001 0.549391 -0.835566
vn -0.000001 0.549388 -0.835567
vn -0.000001 0.549388 -0.835567
vn -0.000001 0.549391 -0.835566
vn -0.000001 0.549391 -0.835565
vn -0.000000 0.549389 -0.835567
vn -0.000000 0.549389 -0.835567
vn -0.000001 0.549391 -0.835565
vn 0.000000 0.549391 -0.835565
vn -0.000000 0.549389 -0.835567
vn -0.000000 0.549389 -0.835567
vn 0.000000 0.549391 -0.835565
vn 0.000001 0.549391 -0.835565
vn 0.000000 0.549388 -0.835567
vn -0.000001 0.549391 -0.835565
vn -0.000001 0.549388 -0.835567
vn -0.000000 0.549387 -0.835568
vn -0.000001 0.549391 -0.835565
vn 0.000000 0.549391 -0.835565
vn 0.000000 0.549387 -0.835568
vn 0.000001 0.549388 -0.835567
vn 0.000001 0.549391 -0.835565
vn -0.000001 0.549388 -0.835567
vn -0.000000 0.549381 -0.835572
vn -0.000000 0.549382 -0.835571
vn -0.000000 0.549387 -0.835568
vn 0.000000 0.549387 -0.835568
vn 0.000000 0.549382 -0.835571
vn 0.000000 0.549382 -0.835571
vn 0.000001 0.549388 -0.835567
vn -0.000010 0.681792 -0.731546
vn -0.000019 0.778606 -0.627513
vn -0.000017 0.778625 -0.627489
vn -0.000010 0.691550 -0.722329
vn 0.000008 0.691551 -0.722328
vn 0.000015 0.778627 -0.627488
vn 0.000016 0.778610 -0.627509
vn 0.000006 0.681796 -0.731543
vn 0.000000 -0.935272 -0.353929
vn 0.000000 -0.832297 -0.554329
vn 0.000000 -0.569711 -0.821845
vn 0.000000 -0.933221 -0.359303
vn 0.000000 -0.933221 -0.359303
vn 0.000000 -0.569711 -0.821845
vn 0.000000 -0.832297 -0.554329
vn 0.000000 -0.935273 -0.353927
vn -0.000000 0.549381 -0.835572
vn -0.000000 0.551136 -0.834415
vn -0.000001 0.551443 -0.834213
vn -0.000000 0.549382 -0.835571
vn 0.000000 0.549382 -0.835571
vn 0.000000 0.551442 -0.834213
vn -0.000000 0.551135 -0.834416
vn 0.000000 0.549382 -0.835571
vn -0.000000 0.551136 -0.834415
vn -0.000010 0.681792 -0.731546
vn -0.000010 0.691550 -0.722329
vn -0.000001 0.551443 -0.834213
vn 0.000000 0.551442 -0.834213
vn 0.000008 0.691551 -0.722328
vn 0.000006 0.681796 -0.731543
vn -0.000000 0.551135 -0.834416
vn -0.840954 0.000000 0.541106
vn -0.752605 0.000000 0.658472
vn -0.752605 0.000000 0.658472
vn -0.840954 0.000000 0.541106
vn -0.992317 0.000000 0.123721
vn -0.840954 0.000000 0.541106
vn -0.840954 0.000000 0.541106
vn -0.992317 0.000000 0.123721
vn -0.239872 0.000000 0.970805
vn -0.141532 0.000000 0.989934
vn -0.141532 0.000000 0.989934
vn -0.239872 0.000000 0.970805
vn -0.115148 0.000000 0.993348
vn 0.000002 0.000000 1.000000
vn 0.000002 0.000000 1.000000
vn -0.115148 0.000000 0.993348
vn 0.000002 0.000000 1.000000
vn -0.000001 0.000000 1.000000
vn -0.000001 0.000000 1.000000
vn 0.000002 0.000000 1.000000
vn -0.000001 0.000000 1.000000
vn 0.000000 0.000000 1.000000
vn 0.000000 0.000000 1.000000
vn -0.000001 0.000000 1.000000
vn 0.000000 0.000000 1.000000
vn 0.000001 0.000000 1.000000
vn 0.000001 0.000000 1.000000
vn 0.000000 0.000000 1.000000
vn 0.000001 0.000000 1.000000
vn -0.000002 0.000000 1.000000
vn -0.000002 0.000000 1.000000
vn 0.000001 0.000000 1.000000
vn -0.000002 0.000000 1.000000
vn 0.115148 0.000000 0.993348
vn 0.115148 0.000000 0.993348
vn -0.000002 0.000000 1.000000
vn 0.115148 0.000000 0.993348
vn 0.239872 0.000000 0.970805
vn 0.239872 0.000000 0.970805
vn 0.115148 0.000000 0.993348
vn 0.752609 0.000000 0.658468
vn 0.840955 0.000000 0.541105
vn 0.840955 0.000000 0.541105
vn 0.752609 0.000000 0.658468
vn 0.840955 0.000000 0.541105
vn 0.992317 0.000000 0.123721
vn 0.992317 0.000000 0.123722
vn 0.840955 0.000000 0.541105
vn -0.999687 0.000000 -0.025012
vn -0.992317 0.000000 0.123721
vn -0.992317 0.000000 0.123721
vn -0.999687 0.000000 -0.025012
vn 0.992317 0.000000 0.123721
vn 0.999687 0.000000 -0.025013
vn 0.999687 0.000000 -0.025013
vn 0.992317 0.000000 0.123722
vn -0.999542 0.000000 -0.030249
vn -0.999687 0.000000 -0.025012
vn -0.999687 0.000000 -0.025012
vn -0.999542 0.000000 -0.030249
vn 0.999687 0.000000 -0.025013
vn 0.999542 0.000000 -0.030249
vn 0.999542 0.000000 -0.030249
vn 0.999687 0.000000 -0.025013
vn -0.999157 0.000000 -0.041041
vn -0.999542 0.000000 -0.030249
vn -0.999542 0.000000 -0.030249
vn -0.999157 0.000000 -0.041041
vn 0.999542 0.000000 -0.030249
vn 0.999157 0.000000 -0.041040
vn 0.999157 0.000000 -0.041040
vn 0.999542 0.000000 -0.030249
vn -0.998441 0.000000 -0.055813
vn -0.999157 0.000000 -0.041041
vn -0.999157 0.000000 -0.041041
vn -0.998441 0.000000 -0.055813
vn 0.999157 0.000000 -0.041040
vn 0.998441 0.000000 -0.055813
vn 0.998441 0.000000 -0.055813
vn 0.999157 0.000000 -0.041040
vn -0.998598 0.000000 -0.052936
vn -0.998441 0.000000 -0.055813
vn -0.998441 0.000000 -0.055813
vn -0.998598 0.000000 -0.052936
vn 0.998441 0.000000 -0.055813
vn 0.998598 0.000000 -0.052937
vn 0.998598 0.000000 -0.052937
vn 0.998441 0.000000 -0.055813
vn -0.999276 0.000000 -0.038057
vn -0.998598 0.000000 -0.052936
vn -0.998598 0.000000 -0.052936
vn -0.999276 0.000000 -0.038057
vn 0.998598 0.000000 -0.052937
vn 0.999276 0.000000 -0.038057
vn 0.999276 0.000000 -0.038057
vn 0.998598 0.000000 -0.052937
vn -0.999534 0.000677 -0.030528
vn -0.999276 0.000000 -0.038057
vn -0.999276 0.000000 -0.038057
vn -0.999534 0.000677 -0.030528
vn 0.999276 0.000000 -0.038057
vn 0.999534 0.000677 -0.030525
vn 0.999534 0.000677 -0.030525
vn 0.999276 0.000000 -0.038057
vn -0.999839 0.000194 -0.017951
vn -0.999534 0.000677 -0.030528
vn -0.999534 0.000677 -0.030528
vn -0.999900 -0.000150 -0.014125
vn 0.999534 0.000677 -0.030525
vn 0.999839 0.000194 -0.017954
vn 0.999900 -0.000150 -0.014127
vn 0.999534 0.000677 -0.030525
vn -0.999951 0.008822 -0.004417
vn -0.999839 0.000194 -0.017951
vn -0.999900 -0.000150 -0.014125
vn -0.999485 0.024530 -0.020694
vn 0.999839 0.000194 -0.017954
vn 0.999951 0.008808 -0.004410
vn 0.999485 0.024517 -0.020694
vn 0.999900 -0.000150 -0.014127
vn -0.989924 0.139625 0.023553
vn -0.997675 0.060921 -0.030557
vn -0.993713 0.109459 -0.023534
vn -0.990007 0.140825 0.007336
vn 0.997676 0.060898 -0.030573
vn 0.989923 0.139631 0.023577
vn 0.990005 0.140844 0.007350
vn 0.993713 0.109456 -0.023554
vn -0.993328 0.106097 0.045192
vn -0.989924 0.139625 0.023553
vn -0.990007 0.140825 0.007336
vn -0.991125 0.125418 0.044057
vn 0.691712 0.650186 0.314312
vn 0.903209 0.387935 0.183631
vn 0.846732 0.480044 0.229353
vn 0.635778 0.694595 0.336637
vn 0.374000 0.833733 0.406217
vn 0.691712 0.650186 0.314312
vn 0.635778 0.694595 0.336637
vn 0.340259 0.845291 0.411954
vn -0.009386 0.898694 0.438477
vn 0.374000 0.833733 0.406217
vn 0.340259 0.845291 0.411954
vn -0.008512 0.898701 0.438480
vn -0.391023 0.827382 0.403162
vn -0.009386 0.898694 0.438477
vn -0.008512 0.898701 0.438480
vn -0.355871 0.840065 0.409447
vn -0.704275 0.639152 0.309002
vn -0.391023 0.827382 0.403162
vn -0.355871 0.840065 0.409447
vn -0.647791 0.685524 0.332300
vn -0.910287 0.374190 0.177087
vn -0.704275 0.639152 0.309002
vn -0.647791 0.685524 0.332300
vn -0.854593 0.468559 0.223883
vn 0.989923 0.139631 0.023577
vn 0.991739 0.117826 0.050707
vn 0.990432 0.130010 0.046275
vn 0.990005 0.140844 0.007350
vn -0.993831 0.100583 0.046713
vn -0.993328 0.106097 0.045192
vn -0.991125 0.125418 0.044057
vn -0.994070 0.098505 0.046057
vn 0.903209 0.387935 0.183631
vn 0.995077 0.089816 0.041886
vn 0.969747 0.221219 0.103214
vn 0.846732 0.480044 0.229353
vn -0.996554 0.075170 0.035071
vn -0.910287 0.374190 0.177087
vn -0.854593 0.468559 0.223883
vn -0.973368 0.207766 0.096895
vn 0.991739 0.117826 0.050707
vn 0.994683 0.093389 0.043410
vn 0.993172 0.105665 0.049443
vn 0.990432 0.130010 0.046275
vn -0.994962 0.090987 0.042105
vn -0.993831 0.100583 0.046713
vn -0.994070 0.098505 0.046057
vn -0.994159 0.097949 0.045327
vn 0.995077 0.089816 0.041886
vn 0.973277 -0.208401 -0.096443
vn 0.996540 -0.075428 -0.034910
vn 0.969747 0.221219 0.103214
vn -0.969653 -0.221878 -0.102677
vn -0.996554 0.075170 0.035071
vn -0.973368 0.207766 0.096895
vn -0.995069 -0.090015 -0.041656
vn 0.994683 0.093389 0.043410
vn 0.995389 0.087052 0.040284
vn 0.995417 0.086789 0.040162
vn 0.993172 0.105665 0.049443
vn -0.996029 0.080795 0.037389
vn -0.994962 0.090987 0.042105
vn -0.994159 0.097949 0.045327
vn -0.995609 0.084958 0.039315
vn 0.973277 -0.208401 -0.096443
vn 0.853870 -0.472361 -0.218589
vn 0.909172 -0.377918 -0.174886
vn 0.996540 -0.075428 -0.034910
vn -0.845981 -0.483911 -0.223935
vn -0.969653 -0.221878 -0.102677
vn -0.995069 -0.090015 -0.041656
vn -0.902026 -0.391766 -0.181294
vn 0.995389 0.087052 0.040284
vn 0.996029 0.080796 0.037389
vn 0.995609 0.084958 0.039315
vn 0.995417 0.086789 0.040162
vn -0.994008 0.099201 0.045906
vn -0.996029 0.080795 0.037389
vn -0.995609 0.084958 0.039315
vn -0.995517 0.085840 0.039723
vn 0.853870 -0.472361 -0.218589
vn 0.645597 -0.693067 -0.320723
vn 0.702867 -0.645551 -0.298734
vn 0.909172 -0.377918 -0.174886
vn 0.645597 -0.693067 -0.320723
vn 0.353970 -0.848781 -0.392781
vn 0.389997 -0.835675 -0.386717
vn 0.702867 -0.645551 -0.298734
vn 0.353970 -0.848781 -0.392781
vn 0.008467 -0.907505 -0.419955
vn 0.009368 -0.907498 -0.419952
vn 0.389997 -0.835675 -0.386717
vn 0.008467 -0.907505 -0.419955
vn -0.338404 -0.853994 -0.395192
vn -0.372986 -0.842047 -0.389664
vn 0.009368 -0.907498 -0.419952
vn -0.338404 -0.853994 -0.395192
vn -0.633491 -0.702207 -0.324952
vn -0.690212 -0.656701 -0.303894
vn -0.372986 -0.842047 -0.389664
vn -0.633491 -0.702207 -0.324952
vn -0.845981 -0.483911 -0.223935
vn -0.902026 -0.391766 -0.181294
vn -0.690212 -0.656701 -0.303894
vn 0.996029 0.080796 0.037389
vn 0.994007 0.099204 0.045908
vn 0.995516 0.085842 0.039725
vn 0.995609 0.084958 0.039315
vn -0.994836 0.092106 0.042623
vn -0.994008 0.099201 0.045906
vn -0.995517 0.085840 0.039723
vn -0.993741 0.101381 0.046915
vn 0.994007 0.099204 0.045908
vn 0.994837 0.092105 0.042623
vn 0.993741 0.101382 0.046915
vn 0.995516 0.085842 0.039725
vn -0.995772 0.083290 0.038734
vn -0.994836 0.092106 0.042623
vn -0.993741 0.101381 0.046915
vn -0.995505 0.085934 0.039823
vn 0.994837 0.092105 0.042623
vn 0.995772 0.083290 0.038733
vn 0.995505 0.085932 0.039822
vn 0.993741 0.101382 0.046915
vn -0.997489 0.056508 0.042691
vn -0.997120 0.061994 0.043675
vn -0.995942 0.077122 0.046386
vn -0.997489 0.056508 0.042691
vn 0.997120 0.062001 0.043678
vn 0.997489 0.056513 0.042693
vn 0.997489 0.056513 0.042693
vn 0.995941 0.077130 0.046387
vn -0.997675 0.060921 -0.030557
vn -0.999951 0.008822 -0.004417
vn -0.999485 0.024530 -0.020694
vn -0.993713 0.109459 -0.023534
vn 0.999951 0.008808 -0.004410
vn 0.997676 0.060898 -0.030573
vn 0.993713 0.109456 -0.023554
vn 0.999485 0.024517 -0.020694
vn -0.995677 0.083086 0.041522
vn -0.995772 0.083290 0.038734
vn -0.995505 0.085934 0.039823
vn -0.995909 0.081707 0.038590
vn 0.995772 0.083290 0.038733
vn 0.995677 0.083090 0.041520
vn 0.995909 0.081708 0.038589
vn 0.995505 0.085932 0.039822
vn -0.997120 0.061994 0.043675
vn -0.995677 0.083086 0.041522
vn -0.995909 0.081707 0.038590
vn -0.995942 0.077122 0.046386
vn 0.995677 0.083090 0.041520
vn 0.997120 0.062001 0.043678
vn 0.995941 0.077130 0.046387
vn 0.995909 0.081708 0.038589
vn 0.646174 0.667333 -0.370306
vn 0.574659 0.752086 -0.322698
vn 0.711593 0.566874 -0.415078
vn -0.606430 0.740808 -0.288871
vn -0.315575 0.912355 -0.260808
vn -0.605610 0.741492 -0.288835
vn 0.000000 1.000000 -0.000000
vn 0.000000 1.000000 -0.000000
vn 0.000000 1.000000 0.000000
vn 0.000000 1.000000 0.000000
vn 0.000000 1.000000 0.000000
vn 0.000000 1.000000 0.000000
vn 0.000000 1.000000 0.000000
vn 0.000000 1.000000 0.000000
vn 0.000000 1.000000 0.000000
vn 0.000000 1.000000 0.000000
vn 0.000000 1.000000 0.000000
vn 0.000000 1.000000 0.000000
vn 0.000000 1.000000 0.000000
vn 0.000000 1.000000 0.000000
vn 0.000000 1.000000 0.000000
vn 0.000000 0.998817 0.048624
vn 0.000000 0.998817 0.048624
vn 0.000000 0.937982 0.346684
vn 0.000000 0.937982 0.346684
vn 0.000000 0.574445 0.818543
vn 0.000000 0.574445 0.818543
vn -0.000001 0.134334 0.990936
vn 0.004571 -0.564113 0.825685
vn 0.000586 -0.558016 0.829830
vn 0.000586 -0.558016 0.829830
vn 0.000007 -0.549389 0.835567
vn 0.000007 -0.549389 0.835567
vn 0.000007 -0.549389 0.835567
vn 0.000007 -0.549389 0.835567
vn 0.000002 -0.549389 0.835567
vn 0.000002 -0.549389 0.835567
vn 0.000000 -0.549391 0.835565
vn 0.000000 -0.549391 0.835565
vn 0.000000 -0.549387 0.835568
vn 0.000000 -0.549387 0.835568
vn 0.000000 -0.549382 0.835571
vn 0.000000 -0.549382 0.835571
vn 0.000000 -0.550974 0.834523
vn 0.000000 -0.550974 0.834523
vn 0.000006 -0.695819 0.718217
vn 0.000006 -0.695819 0.718217
vn 0.000008 -0.778654 0.627454
vn 0.000016 0.753170 0.657826
vn 0.000016 0.753170 0.657826
vn -0.000011 0.778654 -0.627453
vn -0.000007 0.691550 -0.722329
vn -0.000007 0.691550 -0.722329
vn -0.000001 0.551442 -0.834213
vn -0.000001 0.551442 -0.834213
vn -0.000000 0.549382 -0.835571
vn -0.000000 0.549382 -0.835571
vn 0.000000 0.549387 -0.835568
vn 0.000000 0.549387 -0.835568
vn 0.000000 0.549391 -0.835565
vn 0.000000 0.549391 -0.835565
vn -0.000002 0.549389 -0.835567
vn -0.000002 0.549389 -0.835567
vn -0.000008 0.549389 -0.835567
vn -0.000008 0.549389 -0.835567
vn -0.000005 0.549389 -0.835567
vn -0.000005 0.549389 -0.835567
vn -0.007938 0.560021 -0.828440
vn -0.007938 0.560021 -0.828440
vn -0.005054 0.564216 -0.825612
vn -0.002995 0.320009 -0.947410
vn -0.002995 0.320009 -0.947410
vn 0.000000 -0.569843 -0.821754
vn 0.000000 -0.569843 -0.821754
vn 0.000000 -0.933211 -0.359328
vn 0.000000 -0.933211 -0.359328
vn 0.000000 -0.998631 -0.052308
vn 0.000000 -0.998631 -0.052308
vn 0.000000 -1.000000 0.000000
vn 0.000000 -1.000000 0.000000
vn 0.000000 -1.000000 0.000000
vn 0.000000 -1.000000 0.000000
vn 0.000000 -1.000000 0.000000
vn 0.000000 -1.000000 0.000000
vn 0.000000 -1.000000 0.000000
vn 0.000000 -1.000000 0.000000
vn 0.000000 -1.000000 0.000000
vn 0.000000 -1.000000 0.000000
vn 0.000000 -1.000000 0.000000
vn 0.000000 -1.000000 0.000000
vn 0.000000 -1.000000 0.000000
vn 0.000000 -1.000000 0.000000
vn 0.000000 -1.000000 0.000000
vn 0.000000 -1.000000 0.000000
vn 0.000000 -1.000000 0.000000
vn -0.067889 -0.766984 0.638065
vn -0.079758 -0.766778 0.636939
vn -0.115148 0.000000 0.993348
vn -0.115148 0.000000 0.993348
vn -0.079758 0.766777 0.636940
vn -0.067889 0.766983 0.638066
vn 0.000000 1.000000 0.000000
vn 0.000000 1.000000 0.000000
s 1
g ipadstand3 ipadstand2:partspart_base
usemtl initialShadingGroup
f 1369/1377/4817 1833/2101/4818 1834/2102/4819 1378/1380/4820
s off
f 1370/1378/4821 1371/1381/4822 1380/1382/4823 1379/1379/4824
f 1371/1381/4825 1372/1383/4826 1381/1384/4827 1380/1382/4828
f 1372/1383/4829 1373/1385/4830 1382/1386/4831 1381/1384/4832
f 1373/1385/4833 1374/1387/4834 1383/1388/4835 1382/1386/4836
f 1374/1387/4837 1375/1389/4838 1384/1390/4839 1383/1388/4840
f 1375/1389/4841 1376/1391/4842 1385/1392/4843 1384/1390/4844
f 1376/1391/4845 1377/1393/4846 1386/1394/4847 1385/1392/4848
s 2
f 1378/1380/4849 1834/2102/4850 1835/2103/4851 1387/1396/4852
s off
f 1379/1379/4853 1380/1382/4854 1389/1397/4855 1388/1395/4856
f 1380/1382/4857 1381/1384/4858 1390/1398/4859 1389/1397/4860
f 1381/1384/4861 1382/1386/4862 1391/1399/4863 1390/1398/4864
f 1382/1386/4865 1383/1388/4866 1392/1400/4867 1391/1399/4868
f 1383/1388/4869 1384/1390/4870 1393/1401/4871 1392/1400/4872
f 1384/1390/4873 1385/1392/4874 1394/1402/4875 1393/1401/4876
f 1385/1392/4877 1386/1394/4878 1395/1403/4879 1394/1402/4880
s 3
f 1387/1396/4881 1835/2103/4882 1836/2104/4883 1396/1405/4884
s off
f 1388/1395/4885 1389/1397/4886 1398/1406/4887 1397/1404/4888
f 1389/1397/4889 1390/1398/4890 1399/1407/4891 1398/1406/4892
f 1390/1398/4893 1391/1399/4894 1400/1408/4895 1399/1407/4896
f 1391/1399/4897 1392/1400/4898 1401/1409/4899 1400/1408/4900
f 1392/1400/4901 1393/1401/4902 1402/1410/4903 1401/1409/4904
f 1393/1401/4905 1394/1402/4906 1403/1411/4907 1402/1410/4908
f 1394/1402/4909 1395/1403/4910 1404/1412/4911 1403/1411/4912
s 4
f 1396/1405/4913 1836/2104/4914 1837/2105/4915 1405/1414/4916
s off
f 1397/1404/4917 1398/1406/4918 1407/1415/4919 1406/1413/4920
f 1398/1406/4921 1399/1407/4922 1408/1416/4923 1407/1415/4924
f 1399/1407/4925 1400/1408/4926 1409/1417/4927 1408/1416/4928
f 1400/1408/4929 1401/1409/4930 1410/1418/4931 1409/1417/4932
f 1401/1409/4933 1402/1410/4934 1411/1419/4935 1410/1418/4936
f 1402/1410/4937 1403/1411/4938 1412/1420/4939 1411/1419/4940
f 1403/1411/4941 1404/1412/4942 1413/1421/4943 1412/1420/4944
s 5
f 1405/1414/4945 1837/2105/4946 1838/2106/4947 1414/1423/4948
s off
f 1406/1413/4949 1407/1415/4950 1416/1424/4951 1415/1422/4952
f 1407/1415/4953 1408/1416/4954 1417/1425/4955 1416/1424/4956
f 1408/1416/4957 1409/1417/4958 1418/1426/4959 1417/1425/4960
f 1409/1417/4961 1410/1418/4962 1419/1427/4963 1418/1426/4964
f 1410/1418/4965 1411/1419/4966 1420/1428/4967 1419/1427/4968
f 1411/1419/4969 1412/1420/4970 1421/1429/4971 1420/1428/4972
f 1412/1420/4973 1413/1421/4974 1422/1430/4975 1421/1429/4976
s 6
f 1414/1423/4977 1838/2106/4978 1839/2107/4979 1423/1432/4980
s off
f 1415/1422/4981 1416/1424/4982 1425/1433/4983 1424/1431/4984
f 1416/1424/4985 1417/1425/4986 1426/1434/4987 1425/1433/4988
f 1417/1425/4989 1418/1426/4990 1427/1435/4991 1426/1434/4992
f 1418/1426/4993 1419/1427/4994 1428/1436/4995 1427/1435/4996
f 1419/1427/4997 1420/1428/4998 1429/1437/4999 1428/1436/5000
f 1420/1428/5001 1421/1429/5002 1430/1438/5003 1429/1437/5004
f 1421/1429/5005 1422/1430/5006 1431/1439/5007 1430/1438/5008
s 7
f 1423/1432/5009 1839/2107/5010 1840/2108/5011 1432/1441/5012
s off
f 1424/1431/5013 1425/1433/5014 1434/1442/5015 1433/1440/5016
f 1425/1433/5017 1426/1434/5018 1435/1443/5019 1434/1442/5020
f 1426/1434/5021 1427/1435/5022 1436/1444/5023 1435/1443/5024
f 1427/1435/5025 1428/1436/5026 1437/1445/5027 1436/1444/5028
f 1428/1436/5029 1429/1437/5030 1438/1446/5031 1437/1445/5032
f 1429/1437/5033 1430/1438/5034 1439/1447/5035 1438/1446/5036
f 1430/1438/5037 1431/1439/5038 1440/1448/5039 1439/1447/5040
s 8
f 1432/1441/5041 1840/2108/5042 1841/2109/5043 1441/1450/5044
s off
f 1433/1440/5045 1434/1442/5046 1443/1451/5047 1442/1449/5048
f 1434/1442/5049 1435/1443/5050 1444/1452/5051 1443/1451/5052
f 1435/1443/5053 1436/1444/5054 1445/1453/5055 1444/1452/5056
f 1436/1444/5057 1437/1445/5058 1446/1454/5059 1445/1453/5060
f 1437/1445/5061 1438/1446/5062 1447/1455/5063 1446/1454/5064
f 1438/1446/5065 1439/1447/5066 1448/1456/5067 1447/1455/5068
f 1439/1447/5069 1440/1448/5070 1449/1457/5071 1448/1456/5072
s 9
f 1441/1450/5073 1841/2109/5074 1842/2110/5075 1450/1459/5076
s off
f 1442/1449/5077 1443/1451/5078 1452/1460/5079 1451/1458/5080
f 1443/1451/5081 1444/1452/5082 1453/1461/5083 1452/1460/5084
f 1444/1452/5085 1445/1453/5086 1454/1462/5087 1453/1461/5088
f 1445/1453/5089 1446/1454/5090 1455/1463/5091 1454/1462/5092
f 1446/1454/5093 1447/1455/5094 1456/1464/5095 1455/1463/5096
f 1447/1455/5097 1448/1456/5098 1457/1465/5099 1456/1464/5100
f 1448/1456/5101 1449/1457/5102 1458/1466/5103 1457/1465/5104
s 10
f 1459/1467/5105 1843/2111/5106 1844/2112/5107 1460/1470/5108
s off
f 1461/1468/5109 1463/1471/5110 1464/1472/5111 1462/1469/5112
f 1463/1471/5113 1465/1473/5114 1466/1474/5115 1464/1472/5116
f 1465/1473/5117 1467/1475/5118 1468/1476/5119 1466/1474/5120
f 1467/1475/5121 1469/1477/5122 1470/1478/5123 1468/1476/5124
f 1469/1477/5125 1471/1479/5126 1472/1480/5127 1470/1478/5128
f 1471/1479/5129 1473/1481/5130 1474/1482/5131 1472/1480/5132
f 1473/1481/5133 1475/1483/5134 1476/1484/5135 1474/1482/5136
s 11
f 1485/1485/5137 1849/2117/5138 1850/2118/5139 1494/1488/5140
s off
f 1486/1486/5141 1487/1489/5142 1496/1490/5143 1495/1487/5144
f 1487/1489/5145 1488/1491/5146 1497/1492/5147 1496/1490/5148
f 1488/1491/5149 1489/1493/5150 1498/1494/5151 1497/1492/5152
f 1489/1493/5153 1490/1495/5154 1499/1496/5155 1498/1494/5156
f 1490/1495/5157 1491/1497/5158 1500/1498/5159 1499/1496/5160
f 1491/1497/5161 1492/1499/5162 1501/1500/5163 1500/1498/5164
f 1492/1499/5165 1493/1501/5166 1502/1502/5167 1501/1500/5168
s 12
f 1494/1488/5169 1850/2118/5170 1851/2119/5171 1503/1504/5172
s off
f 1495/1487/5173 1496/1490/5174 1505/1505/5175 1504/1503/5176
f 1496/1490/5177 1497/1492/5178 1506/1506/5179 1505/1505/5180
f 1497/1492/5181 1498/1494/5182 1507/1507/5183 1506/1506/5184
f 1498/1494/5185 1499/1496/5186 1508/1508/5187 1507/1507/5188
f 1499/1496/5189 1500/1498/5190 1509/1509/5191 1508/1508/5192
f 1500/1498/5193 1501/1500/5194 1510/1510/5195 1509/1509/5196
f 1501/1500/5197 1502/1502/5198 1511/1511/5199 1510/1510/5200
s 13
f 1512/1512/5201 1853/2121/5202 1854/2122/5203 1513/1515/5204
s off
f 1514/1513/5205 1516/1516/5206 1517/1517/5207 1515/1514/5208
f 1516/1516/5209 1518/1518/5210 1519/1519/5211 1517/1517/5212
f 1518/1518/5213 1520/1520/5214 1521/1521/5215 1519/1519/5216
f 1520/1520/5217 1522/1522/5218 1523/1523/5219 1521/1521/5220
f 1522/1522/5221 1524/1524/5222 1525/1525/5223 1523/1523/5224
f 1524/1524/5225 1526/1526/5226 1527/1527/5227 1525/1525/5228
f 1526/1526/5229 1528/1528/5230 1529/1529/5231 1527/1527/5232
s 14
f 1450/1459/5233 1842/2110/5234 1843/2111/5235 1459/1467/5236
s off
f 1451/1458/5237 1452/1460/5238 1463/1471/5239 1461/1468/5240
f 1452/1460/5241 1453/1461/5242 1465/1473/5243 1463/1471/5244
f 1453/1461/5245 1454/1462/5246 1467/1475/5247 1465/1473/5248
f 1454/1462/5249 1455/1463/5250 1469/1477/5251 1467/1475/5252
f 1455/1463/5253 1456/1464/5254 1471/1479/5255 1469/1477/5256
f 1456/1464/5257 1457/1465/5258 1473/1481/5259 1471/1479/5260
f 1457/1465/5261 1458/1466/5262 1475/1483/5263 1473/1481/5264
s 15
f 1503/1504/5265 1851/2119/5266 1852/2120/5267 1530/1531/5268
s off
f 1504/1503/5269 1505/1505/5270 1532/1532/5271 1531/1530/5272
f 1505/1505/5273 1506/1506/5274 1533/1533/5275 1532/1532/5276
f 1506/1506/5277 1507/1507/5278 1534/1534/5279 1533/1533/5280
f 1507/1507/5281 1508/1508/5282 1535/1535/5283 1534/1534/5284
f 1508/1508/5285 1509/1509/5286 1536/1536/5287 1535/1535/5288
f 1509/1509/5289 1510/1510/5290 1537/1537/5291 1536/1536/5292
f 1510/1510/5293 1511/1511/5294 1538/1538/5295 1537/1537/5296
s 16
f 1530/1531/5297 1852/2120/5298 1853/2121/5299 1512/1512/5300
s off
f 1531/1530/5301 1532/1532/5302 1516/1516/5303 1514/1513/5304
f 1532/1532/5305 1533/1533/5306 1518/1518/5307 1516/1516/5308
f 1533/1533/5309 1534/1534/5310 1520/1520/5311 1518/1518/5312
f 1534/1534/5313 1535/1535/5314 1522/1522/5315 1520/1520/5316
f 1535/1535/5317 1536/1536/5318 1524/1524/5319 1522/1522/5320
f 1536/1536/5321 1537/1537/5322 1526/1526/5323 1524/1524/5324
f 1537/1537/5325 1538/1538/5326 1528/1528/5327 1526/1526/5328
s 17
f 1199/1539/5329 1208/1540/5330 1875/2144/5331 1876/2145/5332
s off
f 1200/1542/5333 1209/1541/5334 1210/1543/5335 1201/1544/5336
f 1201/1544/5337 1210/1543/5338 1211/1545/5339 1202/1546/5340
f 1202/1546/5341 1211/1545/5342 1212/1547/5343 1203/1548/5344
f 1203/1548/5345 1212/1547/5346 1213/1549/5347 1204/1550/5348
f 1204/1550/5349 1213/1549/5350 1214/1551/5351 1205/1552/5352
f 1205/1552/5353 1214/1551/5354 1215/1553/5355 1206/1554/5356
f 1206/1554/5357 1215/1553/5358 1216/1555/5359 1207/1556/5360
s 18
f 1208/1540/5361 1217/1557/5362 1874/2143/5363 1875/2144/5364
s off
f 1209/1541/5365 1218/1558/5366 1219/1559/5367 1210/1543/5368
f 1210/1543/5369 1219/1559/5370 1220/1560/5371 1211/1545/5372
f 1211/1545/5373 1220/1560/5374 1221/1561/5375 1212/1547/5376
f 1212/1547/5377 1221/1561/5378 1222/1562/5379 1213/1549/5380
f 1213/1549/5381 1222/1562/5382 1223/1563/5383 1214/1551/5384
f 1214/1551/5385 1223/1563/5386 1224/1564/5387 1215/1553/5388
f 1215/1553/5389 1224/1564/5390 1225/1565/5391 1216/1555/5392
s 19
f 1217/1557/5393 1226/1566/5394 1873/2142/5395 1874/2143/5396
s off
f 1218/1558/5397 1227/1567/5398 1228/1568/5399 1219/1559/5400
f 1219/1559/5401 1228/1568/5402 1229/1569/5403 1220/1560/5404
f 1220/1560/5405 1229/1569/5406 1230/1570/5407 1221/1561/5408
f 1221/1561/5409 1230/1570/5410 1231/1571/5411 1222/1562/5412
f 1222/1562/5413 1231/1571/5414 1232/1572/5415 1223/1563/5416
f 1223/1563/5417 1232/1572/5418 1233/1573/5419 1224/1564/5420
f 1224/1564/5421 1233/1573/5422 1234/1574/5423 1225/1565/5424
s 20
f 1226/1566/5425 1235/1575/5426 1872/2141/5427 1873/2142/5428
s off
f 1227/1567/5429 1236/1576/5430 1237/1577/5431 1228/1568/5432
f 1228/1568/5433 1237/1577/5434 1238/1578/5435 1229/1569/5436
f 1229/1569/5437 1238/1578/5438 1239/1579/5439 1230/1570/5440
f 1230/1570/5441 1239/1579/5442 1240/1580/5443 1231/1571/5444
f 1231/1571/5445 1240/1580/5446 1241/1581/5447 1232/1572/5448
f 1232/1572/5449 1241/1581/5450 1242/1582/5451 1233/1573/5452
f 1233/1573/5453 1242/1582/5454 1243/1583/5455 1234/1574/5456
s 21
f 1235/1575/5457 1244/1584/5458 1871/2140/5459 1872/2141/5460
s off
f 1236/1576/5461 1245/1585/5462 1246/1586/5463 1237/1577/5464
f 1237/1577/5465 1246/1586/5466 1247/1587/5467 1238/1578/5468
f 1238/1578/5469 1247/1587/5470 1248/1588/5471 1239/1579/5472
f 1239/1579/5473 1248/1588/5474 1249/1589/5475 1240/1580/5476
f 1240/1580/5477 1249/1589/5478 1250/1590/5479 1241/1581/5480
f 1241/1581/5481 1250/1590/5482 1251/1591/5483 1242/1582/5484
f 1242/1582/5485 1251/1591/5486 1252/1592/5487 1243/1583/5488
s 22
f 1244/1584/5489 1253/1593/5490 1870/2139/5491 1871/2140/5492
s off
f 1245/1585/5493 1254/1594/5494 1255/1595/5495 1246/1586/5496
f 1246/1586/5497 1255/1595/5498 1256/1596/5499 1247/1587/5500
f 1247/1587/5501 1256/1596/5502 1257/1597/5503 1248/1588/5504
f 1248/1588/5505 1257/1597/5506 1258/1598/5507 1249/1589/5508
f 1249/1589/5509 1258/1598/5510 1259/1599/5511 1250/1590/5512
f 1250/1590/5513 1259/1599/5514 1260/1600/5515 1251/1591/5516
f 1251/1591/5517 1260/1600/5518 1261/1601/5519 1252/1592/5520
s 23
f 1253/1593/5521 1262/1602/5522 1869/2138/5523 1870/2139/5524
s off
f 1254/1594/5525 1263/1603/5526 1264/1604/5527 1255/1595/5528
f 1255/1595/5529 1264/1604/5530 1265/1605/5531 1256/1596/5532
f 1256/1596/5533 1265/1605/5534 1266/1606/5535 1257/1597/5536
f 1257/1597/5537 1266/1606/5538 1267/1607/5539 1258/1598/5540
f 1258/1598/5541 1267/1607/5542 1268/1608/5543 1259/1599/5544
f 1259/1599/5545 1268/1608/5546 1269/1609/5547 1260/1600/5548
f 1260/1600/5549 1269/1609/5550 1270/1610/5551 1261/1601/5552
s 24
f 1262/1602/5553 1271/1611/5554 1868/2137/5555 1869/2138/5556
s off
f 1263/1603/5557 1272/1612/5558 1273/1613/5559 1264/1604/5560
f 1264/1604/5561 1273/1613/5562 1274/1614/5563 1265/1605/5564
f 1265/1605/5565 1274/1614/5566 1275/1615/5567 1266/1606/5568
f 1266/1606/5569 1275/1615/5570 1276/1616/5571 1267/1607/5572
f 1267/1607/5573 1276/1616/5574 1277/1617/5575 1268/1608/5576
f 1268/1608/5577 1277/1617/5578 1278/1618/5579 1269/1609/5580
f 1269/1609/5581 1278/1618/5582 1279/1619/5583 1270/1610/5584
s 25
f 1271/1611/5585 1280/1620/5586 1867/2136/5587 1868/2137/5588
s off
f 1272/1612/5589 1281/1621/5590 1282/1622/5591 1273/1613/5592
f 1273/1613/5593 1282/1622/5594 1283/1623/5595 1274/1614/5596
f 1274/1614/5597 1283/1623/5598 1284/1624/5599 1275/1615/5600
f 1275/1615/5601 1284/1624/5602 1285/1625/5603 1276/1616/5604
f 1276/1616/5605 1285/1625/5606 1286/1626/5607 1277/1617/5608
f 1277/1617/5609 1286/1626/5610 1287/1627/5611 1278/1618/5612
f 1278/1618/5613 1287/1627/5614 1288/1628/5615 1279/1619/5616
s 26
f 1342/1629/5617 1289/1630/5618 1865/2134/5619 1866/2135/5620
s off
f 1343/1632/5621 1290/1631/5622 1291/1633/5623 1344/1634/5624
f 1344/1634/5625 1291/1633/5626 1292/1635/5627 1345/1636/5628
f 1345/1636/5629 1292/1635/5630 1293/1637/5631 1346/1638/5632
f 1346/1638/5633 1293/1637/5634 1294/1639/5635 1347/1640/5636
f 1347/1640/5637 1294/1639/5638 1295/1641/5639 1348/1642/5640
f 1348/1642/5641 1295/1641/5642 1296/1643/5643 1349/1644/5644
f 1349/1644/5645 1296/1643/5646 1297/1645/5647 1350/1646/5648
s 27
f 1289/1630/5649 1298/1647/5650 1864/2133/5651 1865/2134/5652
s off
f 1296/1643/5653 1632/1650/5654 1631/1651/5655 1299/1652/5656 1297/1645/5657
s 28
f 1306/1653/5658 1315/1654/5659 1859/2128/5660 1860/2129/5661
s off
f 1307/1656/5662 1316/1655/5663 1317/1657/5664 1308/1658/5665
f 1308/1658/5666 1317/1657/5667 1318/1659/5668 1309/1660/5669
f 1309/1660/5670 1318/1659/5671 1319/1661/5672 1310/1662/5673
f 1310/1662/5674 1319/1661/5675 1320/1663/5676 1311/1664/5677
f 1311/1664/5678 1320/1663/5679 1321/1665/5680 1312/1666/5681
f 1312/1666/5682 1321/1665/5683 1322/1667/5684 1313/1668/5685
f 1313/1668/5686 1322/1667/5687 1323/1669/5688 1314/1670/5689
s 29
f 1315/1654/5690 1324/1671/5691 1858/2127/5692 1859/2128/5693
s off
f 1316/1655/5694 1325/1672/5695 1326/1673/5696 1317/1657/5697
f 1317/1657/5698 1326/1673/5699 1327/1674/5700 1318/1659/5701
f 1318/1659/5702 1327/1674/5703 1328/1675/5704 1319/1661/5705
f 1319/1661/5706 1328/1675/5707 1329/1676/5708 1320/1663/5709
f 1320/1663/5710 1329/1676/5711 1330/1677/5712 1321/1665/5713
f 1321/1665/5714 1330/1677/5715 1331/1678/5716 1322/1667/5717
f 1322/1667/5718 1331/1678/5719 1332/1679/5720 1323/1669/5721
s 30
f 1360/1680/5722 1333/1681/5723 1855/2123/5724 1856/2125/5725
s off
f 1361/1683/5726 1334/1682/5727 1335/1684/5728 1362/1685/5729
f 1362/1685/5730 1335/1684/5731 1336/1686/5732 1363/1687/5733
f 1363/1687/5734 1336/1686/5735 1337/1688/5736 1364/1689/5737
f 1364/1689/5738 1337/1688/5739 1338/1690/5740 1365/1691/5741
f 1365/1691/5742 1338/1690/5743 1339/1692/5744 1366/1693/5745
f 1366/1693/5746 1339/1692/5747 1340/1694/5748 1367/1695/5749
f 1367/1695/5750 1340/1694/5751 1341/1696/5752 1368/1697/5753
s 31
f 1280/1620/5754 1342/1629/5755 1866/2135/5756 1867/2136/5757
s off
f 1281/1621/5758 1343/1632/5759 1344/1634/5760 1282/1622/5761
f 1282/1622/5762 1344/1634/5763 1345/1636/5764 1283/1623/5765
f 1283/1623/5766 1345/1636/5767 1346/1638/5768 1284/1624/5769
f 1284/1624/5770 1346/1638/5771 1347/1640/5772 1285/1625/5773
f 1285/1625/5774 1347/1640/5775 1348/1642/5776 1286/1626/5777
f 1286/1626/5778 1348/1642/5779 1349/1644/5780 1287/1627/5781
f 1287/1627/5782 1349/1644/5783 1350/1646/5784 1288/1628/5785
s 32
f 1324/1671/5786 1351/1698/5787 1857/2126/5788 1858/2127/5789
s off
f 1325/1672/5790 1352/1699/5791 1353/1700/5792 1326/1673/5793
f 1326/1673/5794 1353/1700/5795 1354/1701/5796 1327/1674/5797
f 1327/1674/5798 1354/1701/5799 1355/1702/5800 1328/1675/5801
f 1328/1675/5802 1355/1702/5803 1356/1703/5804 1329/1676/5805
f 1329/1676/5806 1356/1703/5807 1357/1704/5808 1330/1677/5809
f 1330/1677/5810 1357/1704/5811 1358/1705/5812 1331/1678/5813
f 1331/1678/5814 1358/1705/5815 1359/1706/5816 1332/1679/5817
s 33
f 1351/1698/5818 1360/1680/5819 1856/2125/5820 1857/2126/5821
s off
f 1352/1699/5822 1361/1683/5823 1362/1685/5824 1353/1700/5825
f 1353/1700/5826 1362/1685/5827 1363/1687/5828 1354/1701/5829
f 1354/1701/5830 1363/1687/5831 1364/1689/5832 1355/1702/5833
f 1355/1702/5834 1364/1689/5835 1365/1691/5836 1356/1703/5837
f 1356/1703/5838 1365/1691/5839 1366/1693/5840 1357/1704/5841
f 1357/1704/5842 1366/1693/5843 1367/1695/5844 1358/1705/5845
f 1358/1705/5846 1367/1695/5847 1368/1697/5848 1359/1706/5849
f 1333/1681/5850 1684/1707/5851 1683/1708/5852 1824/1709/5853 1823/1710/5854 1513/1515/5855
s 34
f 1855/2124/5856 1333/1681/5857 1513/1515/5858 1854/2122/5859
s off
f 1335/1712/5860 1334/1711/5861 1515/1514/5862 1517/1517/5863
f 1336/1713/5864 1335/1712/5865 1517/1517/5866 1519/1519/5867
f 1337/1714/5868 1336/1713/5869 1519/1519/5870 1521/1521/5871
f 1338/1715/5872 1337/1714/5873 1521/1521/5874 1523/1523/5875
f 1339/1716/5876 1338/1715/5877 1523/1523/5878 1525/1525/5879
f 1340/1717/5880 1339/1716/5881 1525/1525/5882 1527/1527/5883
f 1341/1696/5884 1340/1717/5885 1527/1527/5886 1529/1529/5887
f 1685/1718/5888 1686/1719/5889 1341/1696/5890 1529/1529/5891 1827/1720/5892 1828/1721/5893
f 1539/1722/5894 1540/1723/5895 1544/1724/5896 1543/1725/5897
f 1540/1723/5898 1539/1722/5899 1541/1726/5900 1542/1727/5901
s 35
f 1542/1727/5902 1541/1726/5903 1877/2146/5904 1878/2147/5905
s off
f 1543/1725/5906 1544/1724/5907 1566/1730/5908 1565/1731/5909
f 1546/1729/5910 1545/1728/5911 1547/1732/5912 1548/1733/5913
f 1548/1733/5914 1547/1732/5915 1549/1734/5916 1550/1735/5917
f 1550/1735/5918 1549/1734/5919 1551/1736/5920 1552/1737/5921
f 1552/1737/5922 1551/1736/5923 1553/1738/5924 1554/1739/5925
f 1554/1739/5926 1553/1738/5927 1555/1740/5928 1556/1741/5929
f 1556/1741/5930 1555/1740/5931 1557/1742/5932 1558/1743/5933
f 1558/1743/5934 1557/1742/5935 1559/1744/5936 1560/1745/5937
f 1560/1745/5938 1559/1744/5939 1561/1746/5940 1562/1747/5941
f 1562/1747/5942 1561/1746/5943 1563/1748/5944 1564/1749/5945
f 1564/1749/5946 1563/1748/5947 1567/1750/5948 1568/1751/5949
f 1565/1731/5950 1566/1730/5951 1570/1752/5952 1569/1753/5953
f 1568/1751/5954 1567/1750/5955 1571/1754/5956 1572/1755/5957
f 1569/1753/5958 1570/1752/5959 1574/1756/5960 1573/1757/5961
f 1572/1755/5962 1571/1754/5963 1575/1758/5964 1576/1759/5965
f 1573/1757/5966 1574/1756/5967 1578/1760/5968 1577/1761/5969
f 1576/1759/5970 1575/1758/5971 1579/1762/5972 1580/1763/5973
f 1577/1761/5974 1578/1760/5975 1582/1764/5976 1581/1765/5977
f 1580/1763/5978 1579/1762/5979 1583/1766/5980 1584/1767/5981
f 1581/1765/5982 1582/1764/5983 1586/1768/5984 1585/1769/5985
f 1584/1767/5986 1583/1766/5987 1587/1770/5988 1588/1771/5989
f 1585/1769/5990 1586/1768/5991 1590/1772/5992 1589/1773/5993
f 1588/1771/5994 1587/1770/5995 1591/1774/5996 1592/1775/5997
f 1589/1773/5998 1590/1772/5999 1594/1776/6000 1593/1777/6001
f 1592/1775/6002 1591/1774/6003 1595/1778/6004 1596/1779/6005
f 1593/1777/6006 1594/1780/6007 1598/1781/6008 1597/1782/6009
f 1596/1783/6010 1595/1778/6011 1599/1784/6012 1600/1785/6013
f 1597/1782/6014 1598/1786/6015 1602/1787/6016 1601/1788/6017
f 1600/1789/6018 1599/1784/6019 1603/1790/6020 1604/1791/6021
f 1601/1788/6022 1602/1792/6023 1606/1793/6024 1605/1794/6025
f 1604/1795/6026 1603/1790/6027 1609/1796/6028 1610/1797/6029
f 1605/1794/6030 1606/1798/6031 1608/1799/6032 1607/1800/6033
f 1607/1800/6034 1608/1801/6035 1614/1802/6036 1613/1803/6037
f 1610/1804/6038 1609/1796/6039 1611/1805/6040 1612/1806/6041
f 1612/1807/6042 1611/1805/6043 1635/1808/6044 1636/1809/6045
f 1613/1803/6046 1614/1810/6047 1638/1811/6048 1637/1812/6049
f 1616/1649/6050 1615/1813/6051 1619/1814/6052 1618/1815/6053
f 1615/1816/6054 1617/1648/6055 1620/1817/6056 1621/1818/6057
f 1618/1815/6058 1619/1819/6059 1623/1820/6060 1622/1821/6061
f 1621/1822/6062 1620/1817/6063 1639/1823/6064 1640/1824/6065
f 1622/1821/6066 1623/1820/6067 1625/1825/6068 1624/1826/6069
f 1624/1826/6070 1625/1827/6071 1627/1828/6072 1626/1829/6073
f 1626/1829/6074 1627/1830/6075 1629/1831/6076 1628/1832/6077
f 1628/1832/6078 1629/1833/6079 1630/1834/6080 1632/1650/6081
f 1631/1651/6082 1630/1835/6083 1634/1836/6084 1633/1837/6085
f 1633/1837/6086 1634/1838/6087 1642/1839/6088 1641/1840/6089
f 1636/1841/6090 1635/1808/6091 1643/1842/6092 1644/1843/6093
f 1637/1812/6094 1638/1844/6095 1646/1845/6096 1645/1846/6097
f 1640/1847/6098 1639/1823/6099 1647/1848/6100 1648/1849/6101
f 1641/1840/6102 1642/1850/6103 1650/1851/6104 1649/1852/6105
f 1644/1853/6106 1643/1842/6107 1651/1854/6108 1652/1855/6109
f 1645/1846/6110 1646/1856/6111 1654/1857/6112 1653/1858/6113
f 1648/1859/6114 1647/1848/6115 1655/1860/6116 1656/1861/6117
f 1649/1852/6118 1650/1862/6119 1664/1863/6120 1663/1864/6121
f 1652/1865/6122 1651/1854/6123 1665/1866/6124 1666/1867/6125
f 1653/1858/6126 1654/1868/6127 1668/1869/6128 1667/1870/6129
f 1656/1871/6130 1655/1860/6131 1657/1872/6132 1658/1873/6133
f 1658/1874/6134 1657/1872/6135 1659/1875/6136 1660/1876/6137
f 1660/1877/6138 1659/1875/6139 1661/1878/6140 1662/1879/6141
f 1662/1880/6142 1661/1878/6143 1663/1864/6144 1664/1881/6145
f 1666/1882/6146 1665/1866/6147 1669/1883/6148 1670/1884/6149
f 1667/1870/6150 1668/1885/6151 1672/1886/6152 1671/1887/6153
f 1670/1888/6154 1669/1883/6155 1673/1889/6156 1674/1890/6157
f 1671/1887/6158 1672/1891/6159 1676/1892/6160 1675/1893/6161
f 1674/1894/6162 1673/1889/6163 1677/1895/6164 1678/1896/6165
f 1675/1893/6166 1676/1897/6167 1680/1898/6168 1679/1899/6169
f 1678/1900/6170 1677/1895/6171 1681/1901/6172 1682/1902/6173
f 1679/1899/6174 1680/1903/6175 1683/1904/6176 1684/1707/6177
f 1682/1905/6178 1681/1901/6179 1686/1719/6180 1685/1906/6181
f 1687/1907/6182 1688/1908/6183 1692/1909/6184 1691/1910/6185
f 1688/1908/6186 1687/1907/6187 1690/1911/6188 1689/1912/6189
s 36
f 1689/1912/6190 1690/1911/6191 1879/2148/6192 1880/2149/6193
s off
f 1691/1910/6194 1692/1909/6195 1714/1915/6196 1713/1916/6197
f 1693/1914/6198 1694/1913/6199 1696/1917/6200 1695/1918/6201
f 1695/1918/6202 1696/1917/6203 1698/1919/6204 1697/1920/6205
f 1697/1920/6206 1698/1919/6207 1700/1921/6208 1699/1922/6209
f 1699/1922/6210 1700/1921/6211 1702/1923/6212 1701/1924/6213
f 1701/1924/6214 1702/1923/6215 1704/1925/6216 1703/1926/6217
f 1703/1926/6218 1704/1925/6219 1706/1927/6220 1705/1928/6221
f 1705/1928/6222 1706/1927/6223 1708/1929/6224 1707/1930/6225
f 1707/1930/6226 1708/1929/6227 1710/1931/6228 1709/1932/6229
f 1709/1932/6230 1710/1931/6231 1712/1933/6232 1711/1934/6233
f 1711/1934/6234 1712/1933/6235 1716/1935/6236 1715/1936/6237
f 1713/1916/6238 1714/1915/6239 1718/1937/6240 1717/1938/6241
f 1715/1936/6242 1716/1935/6243 1720/1939/6244 1719/1940/6245
f 1717/1938/6246 1718/1937/6247 1722/1941/6248 1721/1942/6249
f 1719/1940/6250 1720/1939/6251 1724/1943/6252 1723/1944/6253
f 1721/1942/6254 1722/1941/6255 1726/1945/6256 1725/1946/6257
f 1723/1944/6258 1724/1943/6259 1728/1947/6260 1727/1948/6261
f 1725/1946/6262 1726/1945/6263 1730/1949/6264 1729/1950/6265
f 1727/1948/6266 1728/1947/6267 1732/1951/6268 1731/1952/6269
f 1729/1950/6270 1730/1949/6271 1734/1953/6272 1733/1954/6273
f 1731/1952/6274 1732/1951/6275 1736/1955/6276 1735/1956/6277
f 1733/1954/6278 1734/1953/6279 1738/1957/6280 1737/1958/6281
f 1735/1956/6282 1736/1955/6283 1740/1959/6284 1739/1960/6285
f 1737/1958/6286 1738/1957/6287 1742/1961/6288 1741/1962/6289
f 1739/1960/6290 1740/1959/6291 1744/1963/6292 1743/1964/6293
f 1741/1962/6294 1742/1961/6295 1746/1965/6296 1745/1966/6297
f 1743/1964/6298 1744/1963/6299 1748/1967/6300 1747/1968/6301
f 1745/1966/6302 1746/1965/6303 1749/1969/6304 1750/1970/6305
f 1747/1968/6306 1748/1967/6307 1753/1971/6308 1754/1972/6309
f 1750/1970/6310 1749/1969/6311 1752/1973/6312 1751/1974/6313
f 1751/1974/6314 1752/1973/6315 1758/1975/6316 1757/1976/6317
f 1754/1972/6318 1753/1971/6319 1756/1977/6320 1755/1978/6321
f 1755/1978/6322 1756/1977/6323 1774/1979/6324 1773/1980/6325
f 1757/1976/6326 1758/1975/6327 1776/1981/6328 1775/1982/6329
f 1759/1983/6330 1760/1984/6331 1778/1985/6332 1777/1986/6333
f 1760/1984/6334 1759/1983/6335 1762/1987/6336 1761/1988/6337
f 1761/1988/6338 1762/1987/6339 1764/1989/6340 1763/1990/6341
f 1763/1990/6342 1764/1989/6343 1766/1991/6344 1765/1992/6345
f 1765/1992/6346 1766/1991/6347 1768/1993/6348 1767/1994/6349
f 1767/1994/6350 1768/1993/6351 1770/1995/6352 1769/1996/6353
f 1769/1996/6354 1770/1995/6355 1772/1997/6356 1771/1998/6357
f 1771/1998/6358 1772/1997/6359 1780/1999/6360 1779/2000/6361
f 1773/1980/6362 1774/1979/6363 1782/2001/6364 1781/2002/6365
f 1775/1982/6366 1776/1981/6367 1784/2003/6368 1783/2004/6369
f 1777/1986/6370 1778/1985/6371 1786/2005/6372 1785/2006/6373
f 1779/2000/6374 1780/1999/6375 1788/2007/6376 1787/2008/6377
f 1781/2002/6378 1782/2001/6379 1790/2009/6380 1789/2010/6381
f 1783/2004/6382 1784/2003/6383 1792/2011/6384 1791/2012/6385
f 1785/2006/6386 1786/2005/6387 1794/2013/6388 1793/2014/6389
f 1787/2008/6390 1788/2007/6391 1796/2015/6392 1795/2016/6393
f 1789/2010/6394 1790/2009/6395 1798/2017/6396 1797/2018/6397
f 1791/2012/6398 1792/2011/6399 1800/2019/6400 1799/2020/6401
f 1793/2014/6402 1794/2013/6403 1802/2021/6404 1801/2022/6405
f 1795/2016/6406 1796/2015/6407 1809/2023/6408 1810/2024/6409
f 1797/2018/6410 1798/2017/6411 1812/2025/6412 1811/2026/6413
f 1799/2020/6414 1800/2019/6415 1814/2027/6416 1813/2028/6417
f 1801/2022/6418 1802/2021/6419 1804/2029/6420 1803/2030/6421
f 1803/2030/6422 1804/2029/6423 1806/2031/6424 1805/2032/6425
f 1805/2032/6426 1806/2031/6427 1808/2033/6428 1807/2034/6429
f 1807/2034/6430 1808/2033/6431 1810/2024/6432 1809/2023/6433
f 1811/2026/6434 1812/2025/6435 1816/2035/6436 1815/2036/6437
f 1813/2028/6438 1814/2027/6439 1818/2037/6440 1817/2038/6441
f 1815/2036/6442 1816/2035/6443 1820/2039/6444 1819/2040/6445
f 1817/2038/6446 1818/2037/6447 1830/2041/6448 1829/2042/6449
f 1819/2040/6450 1820/2039/6451 1832/2043/6452 1831/2044/6453
f 1821/2045/6454 1822/2046/6455 1829/2042/6456 1830/2041/6457
f 1822/2046/6458 1821/2045/6459 1823/1710/6460 1824/1709/6461
f 1825/2047/6462 1826/2048/6463 1831/2044/6464 1832/2043/6465
f 1826/2048/6466 1825/2047/6467 1828/1721/6468 1827/1720/6469
f 1688/1908/6470 1689/1912/6471 1369/1377/6472 1692/1909/6473
s 37
f 1689/1912/6474 1880/2149/6475 1833/2101/6476 1369/1377/6477
s off
f 1693/1914/6478 1695/1918/6479 1371/1381/6480 1370/1378/6481
f 1695/1918/6482 1697/1920/6483 1372/1383/6484 1371/1381/6485
f 1697/1920/6486 1699/1922/6487 1373/1385/6488 1372/1383/6489
f 1699/1922/6490 1701/1924/6491 1374/1387/6492 1373/1385/6493
f 1701/1924/6494 1703/1926/6495 1375/1389/6496 1374/1387/6497
f 1703/1926/6498 1705/1928/6499 1376/1391/6500 1375/1389/6501
f 1705/1928/6502 1707/1930/6503 1377/1393/6504 1376/1391/6505
f 1707/1930/6506 1709/1932/6507 1711/1934/6508 1377/1393/6509
f 1692/1909/6510 1369/1377/6511 1378/1380/6512 1714/1915/6513
f 1377/1393/6514 1711/1934/6515 1715/1936/6516 1386/1394/6517
f 1714/1915/6518 1378/1380/6519 1387/1396/6520 1718/1937/6521
f 1386/1394/6522 1715/1936/6523 1719/1940/6524 1395/1403/6525
f 1718/1937/6526 1387/1396/6527 1396/1405/6528 1722/1941/6529
f 1395/1403/6530 1719/1940/6531 1723/1944/6532 1404/1412/6533
f 1722/1941/6534 1396/1405/6535 1405/1414/6536 1726/1945/6537
f 1404/1412/6538 1723/1944/6539 1727/1948/6540 1413/1421/6541
f 1726/1945/6542 1405/1414/6543 1414/1423/6544 1730/1949/6545
f 1413/1421/6546 1727/1948/6547 1731/1952/6548 1422/1430/6549
f 1730/1949/6550 1414/1423/6551 1423/1432/6552 1734/1953/6553
f 1422/1430/6554 1731/1952/6555 1735/1956/6556 1431/1439/6557
f 1734/1953/6558 1423/1432/6559 1432/1441/6560 1738/1957/6561
f 1431/1439/6562 1735/1956/6563 1739/1960/6564 1440/1448/6565
f 1738/1957/6566 1432/1441/6567 1441/1450/6568 1742/1961/6569
f 1440/1448/6570 1739/1960/6571 1743/1964/6572 1449/1457/6573
f 1742/1961/6574 1441/1450/6575 1450/1459/6576 1746/1965/6577
f 1449/1457/6578 1743/1964/6579 1747/1968/6580 1458/1466/6581
f 1749/1969/6582 1459/1467/6583 1460/1470/6584 1752/1973/6585
f 1475/1483/6586 1754/1972/6587 1755/1978/6588 1476/1484/6589
f 1752/1973/6590 1460/1470/6591 1477/2049/6592 1758/1975/6593
s 38
f 1460/1470/6594 1844/2112/6595 1845/2113/6596 1477/2049/6597
s off
f 1462/1469/6598 1464/1472/6599 1762/1987/6600 1759/1983/6601
f 1464/1472/6602 1466/1474/6603 1764/1989/6604 1762/1987/6605
f 1466/1474/6606 1468/1476/6607 1766/1991/6608 1764/1989/6609
f 1468/1476/6610 1470/1478/6611 1768/1993/6612 1766/1991/6613
f 1470/1478/6614 1472/1480/6615 1770/1995/6616 1768/1993/6617
f 1472/1480/6618 1474/1482/6619 1772/1997/6620 1770/1995/6621
f 1474/1482/6622 1476/1484/6623 1478/2050/6624 1772/1997/6625
f 1476/1484/6626 1755/1978/6627 1773/1980/6628 1478/2050/6629
f 1758/1975/6630 1477/2049/6631 1479/2051/6632 1776/1981/6633
s 39
f 1477/2049/6634 1845/2113/6635 1846/2114/6636 1479/2051/6637
s off
f 1772/1997/6638 1478/2050/6639 1480/2052/6640 1780/1999/6641
f 1478/2050/6642 1773/1980/6643 1781/2002/6644 1480/2052/6645
f 1776/1981/6646 1479/2051/6647 1481/2053/6648 1784/2003/6649
s 40
f 1479/2051/6650 1846/2114/6651 1847/2115/6652 1481/2053/6653
s off
f 1780/1999/6654 1480/2052/6655 1482/2054/6656 1788/2007/6657
f 1480/2052/6658 1781/2002/6659 1789/2010/6660 1482/2054/6661
f 1784/2003/6662 1481/2053/6663 1483/2055/6664 1792/2011/6665
s 41
f 1481/2053/6666 1847/2115/6667 1848/2116/6668 1483/2055/6669
s off
f 1788/2007/6670 1482/2054/6671 1484/2056/6672 1796/2015/6673
f 1482/2054/6674 1789/2010/6675 1797/2018/6676 1484/2056/6677
f 1792/2011/6678 1483/2055/6679 1485/1485/6680 1800/2019/6681
s 42
f 1483/2055/6682 1848/2116/6683 1849/2117/6684 1485/1485/6685
s off
f 1793/2014/6686 1801/2022/6687 1487/1489/6688 1486/1486/6689
f 1801/2022/6690 1803/2030/6691 1488/1491/6692 1487/1489/6693
f 1803/2030/6694 1805/2032/6695 1489/1493/6696 1488/1491/6697
f 1805/2032/6698 1807/2034/6699 1490/1495/6700 1489/1493/6701
f 1807/2034/6702 1809/2023/6703 1491/1497/6704 1490/1495/6705
f 1809/2023/6706 1796/2015/6707 1492/1499/6708 1491/1497/6709
f 1796/2015/6710 1484/2056/6711 1493/1501/6712 1492/1499/6713
f 1484/2056/6714 1797/2018/6715 1811/2026/6716 1493/1501/6717
f 1800/2019/6718 1485/1485/6719 1494/1488/6720 1814/2027/6721
f 1493/1501/6722 1811/2026/6723 1815/2036/6724 1502/1502/6725
f 1814/2027/6726 1494/1488/6727 1503/1504/6728 1818/2037/6729
f 1502/1502/6730 1815/2036/6731 1819/2040/6732 1511/1511/6733
f 1821/2045/6734 1512/1512/6735 1513/1515/6736 1823/1710/6737
f 1528/1528/6738 1826/2048/6739 1827/1720/6740 1529/1529/6741
f 1746/1965/6742 1450/1459/6743 1459/1467/6744 1749/1969/6745
f 1458/1466/6746 1747/1968/6747 1754/1972/6748 1475/1483/6749
f 1818/2037/6750 1503/1504/6751 1530/1531/6752 1830/2041/6753
f 1511/1511/6754 1819/2040/6755 1831/2044/6756 1538/1538/6757
f 1830/2041/6758 1530/1531/6759 1512/1512/6760 1821/2045/6761
f 1538/1538/6762 1831/2044/6763 1826/2048/6764 1528/1528/6765
f 1539/1722/6766 1543/1725/6767 1199/1539/6768 1541/1726/6769
s 43
f 1541/1726/6770 1199/1539/6771 1876/2145/6772 1877/2146/6773
s off
f 1545/1728/6774 1200/1542/6775 1201/1544/6776 1547/1732/6777
f 1547/1732/6778 1201/1544/6779 1202/1546/6780 1549/1734/6781
f 1549/1734/6782 1202/1546/6783 1203/1548/6784 1551/1736/6785
f 1551/1736/6786 1203/1548/6787 1204/1550/6788 1553/1738/6789
f 1553/1738/6790 1204/1550/6791 1205/1552/6792 1555/1740/6793
f 1555/1740/6794 1205/1552/6795 1206/1554/6796 1557/1742/6797
f 1557/1742/6798 1206/1554/6799 1207/1556/6800 1559/1744/6801
f 1559/1744/6802 1207/1556/6803 1563/1748/6804 1561/1746/6805
f 1543/1725/6806 1565/1731/6807 1208/1540/6808 1199/1539/6809
f 1207/1556/6810 1216/1555/6811 1567/1750/6812 1563/1748/6813
f 1565/1731/6814 1569/1753/6815 1217/1557/6816 1208/1540/6817
f 1216/1555/6818 1225/1565/6819 1571/1754/6820 1567/1750/6821
f 1569/1753/6822 1573/1757/6823 1226/1566/6824 1217/1557/6825
f 1225/1565/6826 1234/1574/6827 1575/1758/6828 1571/1754/6829
f 1573/1757/6830 1577/1761/6831 1235/1575/6832 1226/1566/6833
f 1234/1574/6834 1243/1583/6835 1579/1762/6836 1575/1758/6837
f 1577/1761/6838 1581/1765/6839 1244/1584/6840 1235/1575/6841
f 1243/1583/6842 1252/1592/6843 1583/1766/6844 1579/1762/6845
f 1581/1765/6846 1585/1769/6847 1253/1593/6848 1244/1584/6849
f 1252/1592/6850 1261/1601/6851 1587/1770/6852 1583/1766/6853
f 1585/1769/6854 1589/1773/6855 1262/1602/6856 1253/1593/6857
f 1261/1601/6858 1270/1610/6859 1591/1774/6860 1587/1770/6861
f 1589/1773/6862 1593/1777/6863 1271/1611/6864 1262/1602/6865
f 1270/1610/6866 1279/1619/6867 1595/1778/6868 1591/1774/6869
f 1593/1777/6870 1597/1782/6871 1280/1620/6872 1271/1611/6873
f 1279/1619/6874 1288/1628/6875 1599/1784/6876 1595/1778/6877
f 1601/1788/6878 1605/1794/6879 1289/1630/6880 1342/1629/6881
f 1350/1646/6882 1297/1645/6883 1609/1796/6884 1603/1790/6885
f 1605/1794/6886 1607/1800/6887 1298/1647/6888 1289/1630/6889
f 1290/1631/6890 1616/1649/6891 1618/1815/6892 1291/1633/6893
f 1291/1633/6894 1618/1815/6895 1622/1821/6896 1292/1635/6897
f 1292/1635/6898 1622/1821/6899 1624/1826/6900 1293/1637/6901
f 1293/1637/6902 1624/1826/6903 1626/1829/6904 1294/1639/6905
f 1294/1639/6906 1626/1829/6907 1628/1832/6908 1295/1641/6909
f 1295/1641/6910 1628/1832/6911 1632/1650/6912 1296/1643/6913
f 1297/1645/6914 1299/1652/6915 1611/1805/6916 1609/1796/6917
f 1607/1800/6918 1613/1803/6919 1300/2057/6920 1298/1647/6921
s 44
f 1298/1647/6922 1300/2057/6923 1863/2132/6924 1864/2133/6925
s off
f 1631/1651/6926 1633/1837/6927 1301/2058/6928 1299/1652/6929
f 1299/1652/6930 1301/2058/6931 1635/1808/6932 1611/1805/6933
f 1613/1803/6934 1637/1812/6935 1302/2059/6936 1300/2057/6937
s 45
f 1300/2057/6938 1302/2059/6939 1862/2131/6940 1863/2132/6941
s off
f 1633/1837/6942 1641/1840/6943 1303/2060/6944 1301/2058/6945
f 1301/2058/6946 1303/2060/6947 1643/1842/6948 1635/1808/6949
f 1637/1812/6950 1645/1846/6951 1304/2061/6952 1302/2059/6953
s 46
f 1302/2059/6954 1304/2061/6955 1861/2130/6956 1862/2131/6957
s off
f 1641/1840/6958 1649/1852/6959 1305/2062/6960 1303/2060/6961
f 1303/2060/6962 1305/2062/6963 1651/1854/6964 1643/1842/6965
f 1645/1846/6966 1653/1858/6967 1306/1653/6968 1304/2061/6969
s 47
f 1304/2061/6970 1306/1653/6971 1860/2129/6972 1861/2130/6973
s off
f 1647/1848/6974 1307/1656/6975 1308/1658/6976 1655/1860/6977
f 1655/1860/6978 1308/1658/6979 1309/1660/6980 1657/1872/6981
f 1657/1872/6982 1309/1660/6983 1310/1662/6984 1659/1875/6985
f 1659/1875/6986 1310/1662/6987 1311/1664/6988 1661/1878/6989
f 1661/1878/6990 1311/1664/6991 1312/1666/6992 1663/1864/6993
f 1663/1864/6994 1312/1666/6995 1313/1668/6996 1649/1852/6997
f 1649/1852/6998 1313/1668/6999 1314/1670/7000 1305/2062/7001
f 1305/2062/7002 1314/1670/7003 1665/1866/7004 1651/1854/7005
f 1653/1858/7006 1667/1870/7007 1315/1654/7008 1306/1653/7009
f 1314/1670/7010 1323/1669/7011 1669/1883/7012 1665/1866/7013
f 1667/1870/7014 1671/1887/7015 1324/1671/7016 1315/1654/7017
f 1323/1669/7018 1332/1679/7019 1673/1889/7020 1669/1883/7021
f 1679/1899/7022 1684/1707/7023 1333/1681/7024 1360/1680/7025
f 1368/1697/7026 1341/1696/7027 1686/1719/7028 1681/1901/7029
f 1597/1782/7030 1601/1788/7031 1342/1629/7032 1280/1620/7033
f 1288/1628/7034 1350/1646/7035 1603/1790/7036 1599/1784/7037
f 1671/1887/7038 1675/1893/7039 1351/1698/7040 1324/1671/7041
f 1332/1679/7042 1359/1706/7043 1677/1895/7044 1673/1889/7045
f 1675/1893/7046 1679/1899/7047 1360/1680/7048 1351/1698/7049
f 1359/1706/7050 1368/1697/7051 1681/1901/7052 1677/1895/7053
f 1540/1723/7054 1542/1727/7055 1690/1911/7056 1687/1907/7057
f 1544/1724/7058 1540/1723/7059 1687/1907/7060 1691/1910/7061
s 48
f 1542/1727/7062 1878/2147/7063 1879/2148/7064 1690/1911/7065
s off
f 1546/1729/7066 1548/1733/7067 1696/1917/7068 1694/1913/7069
f 1548/1733/7070 1550/1735/7071 1698/1919/7072 1696/1917/7073
f 1550/1735/7074 1552/1737/7075 1700/1921/7076 1698/1919/7077
f 1552/1737/7078 1554/1739/7079 1702/1923/7080 1700/1921/7081
f 1554/1739/7082 1556/1741/7083 1704/1925/7084 1702/1923/7085
f 1556/1741/7086 1558/1743/7087 1706/1927/7088 1704/1925/7089
f 1558/1743/7090 1560/1745/7091 1708/1929/7092 1706/1927/7093
f 1560/1745/7094 1562/1747/7095 1710/1931/7096 1708/1929/7097
f 1562/1747/7098 1564/1749/7099 1712/1933/7100 1710/1931/7101
f 1566/1730/7102 1544/1724/7103 1691/1910/7104 1713/1916/7105
f 1564/1749/7106 1568/1751/7107 1716/1935/7108 1712/1933/7109
f 1570/1752/7110 1566/1730/7111 1713/1916/7112 1717/1938/7113
f 1568/1751/7114 1572/1755/7115 1720/1939/7116 1716/1935/7117
f 1574/1756/7118 1570/1752/7119 1717/1938/7120 1721/1942/7121
f 1572/1755/7122 1576/1759/7123 1724/1943/7124 1720/1939/7125
f 1578/1760/7126 1574/1756/7127 1721/1942/7128 1725/1946/7129
f 1576/1759/7130 1580/1763/7131 1728/1947/7132 1724/1943/7133
f 1582/1764/7134 1578/1760/7135 1725/1946/7136 1729/1950/7137
f 1580/1763/7138 1584/1767/7139 1732/1951/7140 1728/1947/7141
f 1586/1768/7142 1582/1764/7143 1729/1950/7144 1733/1954/7145
f 1584/1767/7146 1588/1771/7147 1736/1955/7148 1732/1951/7149
f 1590/1772/7150 1586/1768/7151 1733/1954/7152 1737/1958/7153
f 1588/1771/7154 1592/1775/7155 1740/1959/7156 1736/1955/7157
f 1594/2063/7158 1590/1772/7159 1737/1958/7160 1741/1962/7161
f 1592/1775/7162 1596/2064/7163 1744/1963/7164 1740/1959/7165
f 1598/1781/7166 1594/2063/7167 1741/1962/7168 1745/1966/7169
f 1596/2064/7170 1600/1785/7171 1748/1967/7172 1744/1963/7173
f 1606/2065/7174 1602/1787/7175 1750/1970/7176 1751/1974/7177
f 1604/1791/7178 1610/2066/7179 1756/1977/7180 1753/1971/7181
f 1608/2067/7182 1606/2065/7183 1751/1974/7184 1757/1976/7185
f 1619/2068/7186 1615/2069/7187 1760/1984/7188 1761/1988/7189
f 1623/2070/7190 1619/2068/7191 1761/1988/7192 1763/1990/7193
f 1625/2071/7194 1623/2070/7195 1763/1990/7196 1765/1992/7197
f 1627/2072/7198 1625/2071/7199 1765/1992/7200 1767/1994/7201
f 1629/2073/7202 1627/2072/7203 1767/1994/7204 1769/1996/7205
f 1630/2074/7206 1629/2073/7207 1769/1996/7208 1771/1998/7209
f 1610/2066/7210 1612/2075/7211 1774/1979/7212 1756/1977/7213
f 1614/2076/7214 1608/2067/7215 1757/1976/7216 1775/1982/7217
f 1615/2069/7218 1621/2077/7219 1778/1985/7220 1760/1984/7221
f 1634/2078/7222 1630/2074/7223 1771/1998/7224 1779/2000/7225
f 1612/2075/7226 1636/2079/7227 1782/2001/7228 1774/1979/7229
f 1638/2080/7230 1614/2076/7231 1775/1982/7232 1783/2004/7233
f 1621/2077/7234 1640/1847/7235 1786/2005/7236 1778/1985/7237
f 1642/1850/7238 1634/2078/7239 1779/2000/7240 1787/2008/7241
f 1636/2079/7242 1644/2081/7243 1790/2009/7244 1782/2001/7245
f 1646/2082/7246 1638/2080/7247 1783/2004/7248 1791/2012/7249
f 1640/1847/7250 1648/2083/7251 1794/2013/7252 1786/2005/7253
f 1650/2084/7254 1642/1850/7255 1787/2008/7256 1795/2016/7257
f 1644/2081/7258 1652/2085/7259 1798/2017/7260 1790/2009/7261
f 1654/2086/7262 1646/2082/7263 1791/2012/7264 1799/2020/7265
f 1648/2083/7266 1656/2087/7267 1802/2021/7268 1794/2013/7269
f 1656/2087/7270 1658/2088/7271 1804/2029/7272 1802/2021/7273
f 1658/2088/7274 1660/1876/7275 1806/2031/7276 1804/2029/7277
f 1660/1876/7278 1662/2089/7279 1808/2033/7280 1806/2031/7281
f 1662/2089/7282 1664/2090/7283 1810/2024/7284 1808/2033/7285
f 1664/2090/7286 1650/2084/7287 1795/2016/7288 1810/2024/7289
f 1652/2085/7290 1666/2091/7291 1812/2025/7292 1798/2017/7293
f 1668/2092/7294 1654/2086/7295 1799/2020/7296 1813/2028/7297
f 1666/2091/7298 1670/2093/7299 1816/2035/7300 1812/2025/7301
f 1672/2094/7302 1668/2092/7303 1813/2028/7304 1817/2038/7305
f 1670/2093/7306 1674/2095/7307 1820/2039/7308 1816/2035/7309
f 1683/1708/7310 1680/2096/7311 1822/2046/7312 1824/1709/7313
f 1682/2097/7314 1685/1718/7315 1828/1721/7316 1825/2047/7317
f 1602/1787/7318 1598/1781/7319 1745/1966/7320 1750/1970/7321
f 1600/1785/7322 1604/1791/7323 1753/1971/7324 1748/1967/7325
f 1676/2098/7326 1672/2094/7327 1817/2038/7328 1829/2042/7329
f 1674/2095/7330 1678/2099/7331 1832/2043/7332 1820/2039/7333
f 1680/2096/7334 1676/2098/7335 1829/2042/7336 1822/2046/7337
f 1678/2099/7338 1682/2097/7339 1825/2047/7340 1832/2043/7341
f 1615/2100/7342 1616/1649/7343 1617/1648/7344
f 1630/1834/7345 1631/1651/7346 1632/1650/7347
s 1
f 1833/2101/4818 1370/1378/7348 1379/1379/7349 1834/2102/4819
s 2
f 1835/2103/4851 1834/2102/4850 1379/1379/7350 1388/1395/7351
s 3
f 1836/2104/4883 1835/2103/4882 1388/1395/7352 1397/1404/7353
s 4
f 1837/2105/4915 1836/2104/4914 1397/1404/7354 1406/1413/7355
s 5
f 1838/2106/4947 1837/2105/4946 1406/1413/7356 1415/1422/7357
s 6
f 1839/2107/4979 1838/2106/4978 1415/1422/7358 1424/1431/7359
s 7
f 1840/2108/5011 1839/2107/5010 1424/1431/7360 1433/1440/7361
s 8
f 1841/2109/5043 1840/2108/5042 1433/1440/7362 1442/1449/7363
s 9
f 1842/2110/5075 1841/2109/5074 1442/1449/7364 1451/1458/7365
s 14
f 1843/2111/5235 1842/2110/5234 1451/1458/7366 1461/1468/7367
s 10
f 1844/2112/5107 1843/2111/5106 1461/1468/7368 1462/1469/7369
s 38
f 1845/2113/6596 1844/2112/6595 1462/1469/7370 1759/1983/7371
s 39
f 1846/2114/6636 1845/2113/6635 1759/1983/7372 1777/1986/7373
s 40
f 1847/2115/6652 1846/2114/6651 1777/1986/7374 1785/2006/7375
s 41
f 1848/2116/6668 1847/2115/6667 1785/2006/7376 1793/2014/7377
s 42
f 1849/2117/6684 1848/2116/6683 1793/2014/7378 1486/1486/7379
s 11
f 1850/2118/5139 1849/2117/5138 1486/1486/7380 1495/1487/7381
s 12
f 1851/2119/5171 1850/2118/5170 1495/1487/7382 1504/1503/7383
s 15
f 1852/2120/5267 1851/2119/5266 1504/1503/7384 1531/1530/7385
s 16
f 1853/2121/5299 1852/2120/5298 1531/1530/7386 1514/1513/7387
s 13
f 1854/2122/5203 1853/2121/5202 1514/1513/7388 1515/1514/7389
s 34
f 1334/1711/7390 1855/2124/5856 1854/2122/5859 1515/1514/7391
s 30
f 1856/2125/5725 1855/2123/5724 1334/1682/7392 1361/1683/7393
s 33
f 1857/2126/5821 1856/2125/5820 1361/1683/7394 1352/1699/7395
s 32
f 1858/2127/5789 1857/2126/5788 1352/1699/7396 1325/1672/7397
s 29
f 1859/2128/5693 1858/2127/5692 1325/1672/7398 1316/1655/7399
s 28
f 1860/2129/5661 1859/2128/5660 1316/1655/7400 1307/1656/7401
s 47
f 1861/2130/6973 1860/2129/6972 1307/1656/7402 1647/1848/7403
s 46
f 1862/2131/6957 1861/2130/6956 1647/1848/7404 1639/1823/7405
s 45
f 1863/2132/6941 1862/2131/6940 1639/1823/7406 1620/1817/7407
s 44
f 1864/2133/6925 1863/2132/6924 1620/1817/7408 1617/1648/7409
s 27
f 1865/2134/5652 1864/2133/5651 1617/1648/7410 1616/1649/7411 1290/1631/7412
s 26
f 1866/2135/5620 1865/2134/5619 1290/1631/7413 1343/1632/7414
s 31
f 1867/2136/5757 1866/2135/5756 1343/1632/7415 1281/1621/7416
s 25
f 1868/2137/5588 1867/2136/5587 1281/1621/7417 1272/1612/7418
s 24
f 1869/2138/5556 1868/2137/5555 1272/1612/7419 1263/1603/7420
s 23
f 1870/2139/5524 1869/2138/5523 1263/1603/7421 1254/1594/7422
s 22
f 1871/2140/5492 1870/2139/5491 1254/1594/7423 1245/1585/7424
s 21
f 1872/2141/5460 1871/2140/5459 1245/1585/7425 1236/1576/7426
s 20
f 1873/2142/5428 1872/2141/5427 1236/1576/7427 1227/1567/7428
s 19
f 1874/2143/5396 1873/2142/5395 1227/1567/7429 1218/1558/7430
s 18
f 1875/2144/5364 1874/2143/5363 1218/1558/7431 1209/1541/7432
s 17
f 1876/2145/5332 1875/2144/5331 1209/1541/7433 1200/1542/7434
s 43
f 1877/2146/6773 1876/2145/6772 1200/1542/7435 1545/1728/7436
s 35
f 1878/2147/5905 1877/2146/5904 1545/1728/7437 1546/1729/7438
s 48
f 1879/2148/7064 1878/2147/7063 1546/1729/7439 1694/1913/7440
s 36
f 1880/2149/6193 1879/2148/6192 1694/1913/7441 1693/1914/7442
s 37
f 1833/2101/6476 1880/2149/6475 1693/1914/7443 1370/1378/7444
